,cluster_phase,barcoded_phase,G1_stage,dpt_pseudotime,global_ordering
AAACCAAAGGGTAGCA-1,S,G2M,,0.910904,4893.0
AAACCAAAGTAAGGGT-1,G1,G1,late,0.101641536,881.0
AAACCATTCAGGTAGG-1,G2M,G1,,0.96778435,6694.0
AAACCATTCCAGCCCT-1,G1,S,late,0.20103869,2530.0
AAACCATTCGTGACCG-1,G1,G1,early,0.06669425,344.0
AAACCCGCAGTTGCTC-1,G2M,G2M,,0.9305771,5602.0
AAACCCGCATCCGCTG-1,S,G1,,0.36880052,2909.0
AAACCCTGTCAGGACG-1,S,S,,0.8454768,3544.0
AAACCCTGTCTAGTGT-1,G1,G1,late,0.17467201,2158.0
AAACCGCTCATAGAGA-1,S,G2M,,0.9065918,4762.0
AAACCGCTCGCTATGA-1,G1,G1,early,0.17017637,2083.0
AAACCGCTCTCACTGT-1,G2M,S,,0.9743465,6790.0
AAACGAATCCCCAAGG-1,G2M,G2M,,0.9633639,6624.0
AAACGAATCTGGGAAG-1,G2M,G1,,0.8793241,4067.0
AAACGACAGAACGGAT-1,S,,,0.87330884,3939.0
AAACGACAGCGCTTGG-1,S,G1,,0.85984343,3697.0
AAACGACAGTGGGTCT-1,G2M,G2M,,0.9928322,6889.0
AAACGATGTCATGCGC-1,G1,G1,late,0.15931194,1893.0
AAACGATGTCCATCAG-1,G1,G1,early,0.095566876,775.0
AAACGATGTCCCGATA-1,G1,G1,late,0.16546808,1996.0
AAACGATGTTGTAAGG-1,G2M,G1,,0.91851676,5129.0
AAACGCCTCACAGCAC-1,G1,G1,late,0.15572074,1830.0
AAACGCCTCCTTAACC-1,G1,G1,late,0.1826165,2281.0
AAACGGACACCAACTC-1,G2M,G1,,0.9397781,6007.0
AAACGGACAGGCAGAG-1,S,S,,0.8796847,4075.0
AAACGGACATTAGCGG-1,S,G1,,0.92912287,5530.0
AAACGTAAGGAGTAGT-1,S,S,,0.8515934,3593.0
AAACGTAAGTATGTAC-1,G2M,G2M,,0.9283018,5497.0
AAACGTCCAAGGGTAA-1,G1,G1,early,0.04037169,78.0
AAACTCACAAGTGCTG-1,G1,G1,late,0.19472884,2456.0
AAACTCACAATTAGGC-1,S,S,,0.8902016,4317.0
AAACTCACACAAGGTT-1,G2M,G1,,0.9228855,5290.0
AAACTTGCAATATCCT-1,G2M,G1,,0.95691574,6508.0
AAACTTGCACTAGCGA-1,S,G1,,0.90168,4601.0
AAACTTGCAGGTAATC-1,S,G1,,0.7427924,3232.0
AAACTTGCATTCAGTT-1,S,G1,,0.8454488,3542.0
AAAGCAATCGTTAGGC-1,G1,G1,late,0.11492345,1132.0
AAAGCATGTAATTGCC-1,G1,G1,late,0.14387462,1622.0
AAAGCATGTATAGTCC-1,G2M,S,,0.88925755,4295.0
AAAGCATGTTGCATTA-1,S,G1,,0.5894106,3104.0
AAAGCCAGTAGCGATA-1,G1,G1,late,0.08669143,634.0
AAAGCCAGTCATTCCC-1,S,G1,,0.63169384,3137.0
AAAGCCAGTTTCCATT-1,S,G1,,0.42064247,2959.0
AAAGCCTCACCTACTA-1,G1,G1,late,0.13458528,1480.0
AAAGCCTCAGGATGCC-1,G1,G1,late,0.13228926,1449.0
AAAGCTAAGGATGCGA-1,G2M,S,,0.96912766,6712.0
AAAGCTGGTTAATCCA-1,G1,G1,early,0.06782794,356.0
AAAGCTGGTTGTGGAA-1,G2M,S,,0.8781783,4042.0
AAAGGTCAGCGAAGTG-1,G1,G1,late,0.13120905,1433.0
AAAGGTCAGGCTCTGG-1,G2M,S,,0.9562754,6493.0
AAAGGTCAGGGTCTGT-1,G1,G1,late,0.13754858,1528.0
AAAGGTTGTTTACGGT-1,G1,G1,late,0.1884696,2378.0
AAAGTAGTCACAGGAG-1,G2M,G1,,0.948093,6303.0
AAAGTAGTCATAGGAA-1,G2M,G1,,0.9203299,5183.0
AAAGTAGTCCTGACCC-1,G1,G1,late,0.21562977,2669.0
AAAGTCAAGCATGGGA-1,S,G1,,0.4990932,3020.0
AAAGTCAAGGTTCGCG-1,S,G1,,0.7230058,3214.0
AAAGTGATCAATGTCG-1,S,S,,0.8712942,3893.0
AAAGTGATCAGGATGG-1,S,G2M,,0.89848626,4514.0
AAAGTGATCCCCAGTC-1,G1,G1,early,0.10344894,905.0
AAAGTGATCTGGCTGG-1,G2M,G1,,0.6028932,3114.0
AAATGAGTCAGGTCGT-1,G2M,G2M,,0.91675603,5071.0
AAATGAGTCCTGATGA-1,G2M,G1,,0.9405594,6038.0
AAATGCAAGCGACTAC-1,G1,G1,late,0.20444268,2563.0
AAATGCAAGGTCCATA-1,S,G1,,0.8952726,4439.0
AAATGCAAGTTAGCAT-1,G1,G1,late,0.09781694,808.0
AAATGGATCAATGGAA-1,G2M,G2M,,0.9297934,5568.0
AAATGGGCAATTACGA-1,G2M,G1,,0.92685145,5429.0
AAATGGGCATTGCGTC-1,G1,G1,late,0.13348141,1467.0
AAATGTGAGCCACAGT-1,G2M,G2M,,0.936665,5869.0
AAATTCGCAACATTAG-1,G2M,G1,,0.9388346,5965.0
AAATTCGCAGCTCGAA-1,G1,G1,late,0.15385772,1803.0
AAATTCGCAGGGACTC-1,G2M,G1,,0.960816,6579.0
AAATTCGCATCGACTC-1,S,S,,0.87165296,3903.0
AAATTGCTCACTTCAC-1,S,S,,0.9052677,4716.0
AACACACCAACCAGAT-1,S,G1,,0.44232413,2978.0
AACACACCATCCGCTG-1,G1,G1,late,0.058005612,240.0
AACACATTCAGTGCCG-1,G2M,G1,,0.83435804,3470.0
AACACATTCCCAGATA-1,G2M,G1,,0.9475097,6285.0
AACACGAGTAAGTGCA-1,G1,G1,late,0.104276076,917.0
AACACGAGTAATTGGG-1,G2M,S,,0.9361065,5837.0
AACAGCTCAATACCTT-1,G2M,S,,0.9265046,5414.0
AACAGGTAGGAATGTA-1,S,G1,,0.90766954,4800.0
AACAGTAAGATAGCCC-1,G1,G1,late,0.06468484,314.0
AACAGTAAGCATCGAC-1,G1,G1,late,0.21830347,2700.0
AACAGTAAGCTACCTT-1,G1,G1,late,0.1870172,2355.0
AACAGTAAGGATTGCC-1,S,G2M,,0.905923,4746.0
AACAGTAAGTATGTGT-1,G2M,G2M,,0.93032223,5590.5
AACAGTAAGTCGAAGG-1,G1,G1,late,0.13834001,1535.0
AACATAGAGGATTAGA-1,G1,S,late,0.21894972,2705.0
AACATAGAGTAATGGA-1,G1,G1,late,0.08613797,627.0
AACATCACATGACGAT-1,G1,G1,early,0.12157919,1254.0
AACATCCGTGAGAGTC-1,G1,G1,late,0.10908429,1022.0
AACATCCGTTTAGGTC-1,G1,S,late,0.1988471,2505.0
AACATGAAGGGCTACT-1,G2M,G2M,,0.9331274,5717.0
AACATTCAGAATCATC-1,G2M,G2M,,0.9758288,6805.0
AACATTCAGGCAAGCA-1,S,G2M,,0.9241562,5330.0
AACATTGCAAATCCGG-1,G2M,G2M,,0.9228226,5287.0
AACCAACCAACTTCGC-1,G1,G2M,late,0.17143491,2108.0
AACCAACCACAGCCAA-1,S,G2M,,0.9480317,6300.0
AACCAAGGTCATCGTG-1,S,S,,0.8588066,3681.0
AACCAAGGTGAGTAAT-1,S,G1,,0.37061885,2910.0
AACCAATTCAAGTCTG-1,G2M,G2M,,0.9248048,5350.0
AACCAATTCCGTTAGA-1,S,G1,,0.3985873,2934.0
AACCAATTCGATTAAC-1,G1,G1,late,0.09341334,744.0
AACCAGCTCTGGTGAC-1,G2M,G2M,,0.89809334,4506.0
AACCAGGAGGGCAGTA-1,G1,G1,early,0.18974243,2395.0
AACCATTAGCCGCGTA-1,G1,G1,late,0.06403687,306.0
AACCCAATCCAGCCCT-1,G1,S,late,0.19219178,2422.0
AACCCAATCCCCATAT-1,S,G1,,0.89839506,4513.0
AACCCAATCGATGTGC-1,G2M,G1,,0.8900631,4314.0
AACCCACAGAATCGTT-1,S,S,,0.7697895,3285.0
AACCCACAGGGTATCC-1,G1,G1,late,0.07758679,508.0
AACCCACAGTTAGCCA-1,S,G1,,0.8502269,3580.0
AACCCAGCAATCGCTC-1,G2M,G1,,0.94509506,6217.0
AACCCTAAGCCAACCG-1,S,G1,,0.81695896,3398.0
AACCCTAAGCCAGTTA-1,G1,G1,late,0.05892617,252.0
AACCCTAAGGCTACAC-1,S,G2M,,0.911641,4917.0
AACCCTAAGGTTGCGT-1,G1,S,early,0.14782217,1691.0
AACCCTGGTTTAGTTG-1,S,G1,,0.85042727,3583.0
AACCGAAGTCTAAGTC-1,G2M,G2M,,0.9392179,5984.0
AACCGAAGTCTTACGG-1,G2M,G1,,0.923702,5312.0
AACCGAAGTGATCCGC-1,G2M,G1,,0.87135655,3896.0
AACCGAAGTTCACCGA-1,G2M,G2M,,0.93898785,5975.0
AACCGAAGTTTAGCCG-1,G2M,G2M,,0.9104204,4884.0
AACCGATCATCCGTAC-1,G1,G1,late,0.17248493,2117.0
AACCGGGGTCTCCACT-1,G1,,late,0.18816411,2375.0
AACCGGGGTTATGCGT-1,G2M,G1,,0.9346275,5777.0
AACCTAGTCATGCTAG-1,S,S,,0.89793587,4502.0
AACCTAGTCCACCTGC-1,S,G1,,0.90456957,4692.0
AACCTAGTCGAACGGA-1,S,G1,,0.9421743,6106.0
AACCTAGTCGTTCCAT-1,S,G1,,0.6936645,3185.0
AACCTCAAGTAAGGCG-1,G1,G1,late,0.061910678,287.0
AACGAATGTTCCGCTT-1,G2M,G2M,,0.9068909,4773.0
AACGAATGTTCGCAGC-1,S,G1,,0.6741128,3170.0
AACGACTCATGCTGCT-1,G2M,G1,,0.9381624,5937.0
AACGACTCATTGGAAC-1,S,G2M,,0.899287,4531.0
AACGATTTCGCTGATA-1,G2M,G1,,0.94496685,6210.0
AACGCAAGTGAGGAGA-1,G1,G1,late,0.094706744,763.0
AACGCAAGTTATATCG-1,S,S,,0.9117952,4922.0
AACGCCACAACGGTAT-1,G2M,G2M,,0.9318397,5657.0
AACGCCACAAGTAACC-1,G2M,G2M,,0.9689832,6710.0
AACGCCACAGTTAGAC-1,G1,G1,late,0.15731433,1858.0
AACGCCACATAGAGCT-1,G1,G1,late,0.09169708,716.0
AACGCCCGTAATGCAG-1,G2M,G2M,,0.93451273,5772.0
AACGCCCGTTAAGTGG-1,S,G1,,0.9324835,5680.0
AACGCGAAGATTGATC-1,G2M,G1,,0.9367958,5875.0
AACGCGAAGCTAATGT-1,G1,S,late,0.16553532,1997.0
AACGCGAAGGTGCATC-1,G1,G1,late,0.15149173,1757.0
AACGCGAAGTAGTAAG-1,G2M,G1,,0.95941895,6553.0
AACGCGAAGTGGCGTT-1,G2M,G2M,,0.9855099,6866.0
AACGCTATCCCTGTGC-1,G1,G1,late,0.17728941,2201.0
AACGCTATCGCTCAGG-1,G1,G1,late,0.05829993,247.0
AACGCTTGTAAGTAAC-1,S,S,,0.85815465,3664.0
AACGCTTGTTCCCTTA-1,G1,G1,early,0.04951844,153.0
AACGCTTGTTGCAGGG-1,G1,G1,late,0.12617426,1348.0
AACGCTTGTTGTGCGC-1,S,S,,0.9196037,5163.0
AACGCTTGTTTACCGG-1,S,S,,0.5874721,3101.0
AACGGATAGAATCGTT-1,G1,S,late,0.18236502,2279.0
AACGGATAGGAGGATT-1,G1,G1,late,0.1928743,2432.0
AACGGATAGGCGAAGC-1,G1,G1,late,0.10603995,969.0
AACGGCGGTAAGCTCT-1,G1,G2M,early,0.06914076,377.0
AACGGGGCACCTATCA-1,G2M,G1,,0.92793936,5482.0
AACGGGGCAGCCAAGC-1,S,G1,,0.90506315,4711.0
AACGGGGCAGGCAATT-1,G1,G1,late,0.13814211,1532.0
AACGGTAGTAAGCGTA-1,S,S,,0.85590005,3644.0
AACGGTAGTCAGTATC-1,G2M,S,,0.8671543,3811.0
AACGGTAGTTCGTGCA-1,G1,G1,late,0.21538727,2667.0
AACGGTGAGCCTGCCT-1,G1,G1,late,0.098713435,819.0
AACGGTGAGCGCTCCT-1,G2M,G2M,,0.97661406,6818.0
AACGGTGAGCGCTTCC-1,G2M,G1,,0.95395744,6449.0
AACGTAGGTAACGCTT-1,G2M,G1,,0.918509,5128.0
AACGTAGGTGAGGACT-1,S,G1,,0.93417996,5757.0
AACGTAGGTTGCTTGG-1,G1,G1,late,0.13870849,1538.0
AACGTTGTCGTGACCG-1,G2M,G1,,0.90856147,4826.0
AACTAGAAGGTTAGGG-1,S,S,,0.9221982,5262.0
AACTAGAAGTAGCTGC-1,G2M,G1,,0.990149,6880.0
AACTCAACACATACGG-1,G1,G1,early,0.39747012,2932.0
AACTCAACATCCGCTG-1,S,S,,0.8989621,4523.0
AACTCGATCACTGGCG-1,G1,G1,late,0.11716874,1173.0
AACTCGATCATCGTAG-1,G1,G1,late,0.13709013,1521.0
AACTCGATCCATCCTG-1,G2M,G2M,,0.9531381,6429.0
AACTCGATCTATCGTC-1,S,G1,,0.89266074,4377.0
AACTGAAAGGGGCAGT-1,G1,G1,late,0.14324735,1611.0
AACTGAAAGGTTAGTT-1,G1,G1,late,0.17320019,2134.0
AACTGAAAGTTAACGT-1,S,G1,,0.83284765,3458.0
AACTGACCAAACCGAT-1,G1,S,late,0.1781006,2214.0
AACTGACCACTAAGCG-1,G1,G1,early,0.1446784,1646.0
AACTGCATCACCAATG-1,S,G1,,0.84813774,3565.0
AACTGCATCATGCTCT-1,G1,G1,late,0.09505456,768.0
AACTGCATCGTCTACT-1,G2M,G1,,0.95811874,6530.0
AACTGGTCAACCCTAC-1,G1,G1,late,0.05408384,199.0
AACTGGTCAACGGGTC-1,S,G1,,0.8655708,3784.0
AACTGGTCACTCAGCT-1,G1,G1,early,0.08540449,618.0
AACTGGTCATTAATCC-1,G1,S,late,0.086926624,640.0
AACTTCCTCGATTCCT-1,G2M,G1,,0.89754385,4496.0
AACTTCTCAAGTTACA-1,G2M,S,,0.8750624,3981.0
AACTTCTCATAGGGCC-1,G2M,G1,,0.96211374,6600.0
AACTTGGTCAGGCAGA-1,G2M,S,,0.57150745,3087.0
AACTTTGGTAGTTGCT-1,S,S,,0.8661504,3793.0
AACTTTGGTCATGAGA-1,G2M,G1,,0.9399899,6015.0
AACTTTGGTGATCAAG-1,S,S,,0.87624377,4006.0
AAGCAAATCGAGTGTC-1,G1,G1,late,0.14583428,1664.0
AAGCAAATCGCTAGAC-1,G1,G1,early,0.127936,1380.0
AAGCAACAGTAGGCGA-1,G2M,G1,,0.9438628,6166.0
AAGCAACAGTCGCTAA-1,G2M,G2M,,0.9220645,5253.0
AAGCAACAGTGACCAC-1,G1,G1,late,0.051198274,168.0
AAGCAATGTTACACGT-1,G1,G1,late,0.0940026,754.0
AAGCATCCACATTAAG-1,G2M,G1,,0.9715666,6760.0
AAGCATGGTTTACATG-1,G2M,G1,,0.9637831,6633.0
AAGCATTTCGATAGTT-1,G1,G1,early,0.1546593,1820.0
AAGCCAAGTCTAGCTG-1,G1,G1,late,0.15764867,1862.0
AAGCCAAGTTCGCAAT-1,G2M,G2M,,0.92495066,5354.0
AAGCCATCAAATCGGT-1,G2M,G1,,0.9362396,5845.0
AAGCCATCAATCGCCT-1,G2M,G2M,,0.9695047,6721.0
AAGCCCCGTAAGCAGC-1,G2M,G2M,,0.9452888,6224.0
AAGCCCCGTATGTGCT-1,S,G1,,0.8260684,3434.0
AAGCCCCGTTCCCAGA-1,G2M,G1,,0.90725654,4788.0
AAGCCCCGTTGGTAGA-1,S,G1,,0.8890821,4287.0
AAGCCGCCAAACCGGC-1,G2M,G1,,0.9277384,5472.0
AAGCCGCCAGGATGCC-1,G1,G1,late,0.1691246,2067.0
AAGCCGCCATTCAGCC-1,G2M,S,,0.9243301,5338.0
AAGCCGGGTAAGCCAA-1,G1,G1,late,0.06572147,333.0
AAGCCGGGTCAGTGCC-1,S,S,,0.88023525,4092.0
AAGCCGGGTGCGGTTC-1,S,G1,,0.7897666,3324.0
AAGCCGGGTGGGTCAG-1,G1,S,late,0.12117465,1249.0
AAGCCTATCTCACAGA-1,G2M,G1,,0.92424303,5336.0
AAGCCTGCAGCTAACG-1,G2M,G1,,0.95586884,6488.0
AAGCCTGCAGCTCAGA-1,G1,G1,late,0.18514292,2322.0
AAGCGCAAGGCATGTC-1,G1,G1,late,0.23365672,2780.0
AAGCGGATCAGCAAGG-1,G1,G1,late,0.24888115,2821.0
AAGCTAAAGATTCGTG-1,G2M,S,,0.9421266,6105.0
AAGCTAAAGCATGACC-1,S,G2M,,0.90254974,4627.0
AAGCTAAAGTAGACTT-1,G1,G1,late,0.16350725,1966.0
AAGCTAGGTATTGGAG-1,G2M,G2M,,0.93889874,5971.0
AAGCTAGGTTAAGCTC-1,G1,G1,late,0.12733088,1364.0
AAGCTAGGTTAGCAAG-1,G1,G1,late,0.17867586,2222.0
AAGCTAGGTTCCGTGA-1,G1,G1,early,0.12632424,1350.0
AAGCTCGCAATGAGCT-1,G2M,G1,,0.9312746,5626.0
AAGCTCGCATTCCTAG-1,G2M,S,,0.9287066,5517.0
AAGCTCTGTCCATTCC-1,G2M,S,,0.92027855,5181.0
AAGCTTGTCAATCAGT-1,G1,G1,early,0.19038737,2404.0
AAGCTTGTCACATACG-1,G2M,G1,,0.9700799,6731.0
AAGCTTGTCCGGTTAA-1,G1,G1,early,0.06378863,304.0
AAGGAAAGTCCATATA-1,G1,G1,late,0.19563417,2464.0
AAGGAAAGTGAACCTT-1,G1,G1,late,0.23834911,2794.0
AAGGAAAGTGATTGCT-1,S,G1,,0.94077694,6051.0
AAGGACTAGGCAAGTG-1,G2M,G1,,0.94878346,6329.0
AAGGACTAGGGCAGTA-1,S,G2M,,0.89423335,4414.0
AAGGACTAGTATGAAG-1,G2M,G1,,0.88011247,4088.0
AAGGATGCACAATGAC-1,G1,S,late,0.1992326,2511.0
AAGGCAACAATTGCCC-1,G1,G1,late,0.0959211,786.0
AAGGCAACAGTAATGC-1,G1,G1,late,0.1144624,1121.0
AAGGCAACATCCGTGT-1,G1,G1,late,0.109415,1027.0
AAGGCCAAGTAGGGCA-1,S,S,,0.9224355,5270.0
AAGGCCAAGTCATCTC-1,S,S,,0.857902,3660.0
AAGGCCAAGTGCCAGT-1,G2M,G2M,,0.9483439,6312.0
AAGGGCATCCGCGTAG-1,G1,G1,early,0.057548802,235.0
AAGGGGTCACAATCCC-1,G2M,G2M,,0.93808264,5934.0
AAGGGGTCAGGTAATC-1,S,G1,,0.9081122,4813.0
AAGGGGTCAGTAATTG-1,S,G1,,0.886799,4244.0
AAGGGGTCATTAACGA-1,S,G2M,,0.89038676,4326.0
AAGGGTTAGAAGGATC-1,S,G1,,0.8610558,3715.0
AAGGGTTAGGGCAGGT-1,G1,G1,late,0.07396794,445.0
AAGGGTTAGGGGTTGA-1,G2M,G1,,0.9429576,6147.0
AAGGGTTAGGTTCATG-1,G2M,G1,,0.97820973,6831.0
AAGGTAATCTAACCTC-1,G1,G1,early,0.06557411,330.0
AAGGTAATCTCACTGT-1,G1,G1,late,0.116831325,1167.0
AAGGTATGTAATGAAC-1,S,S,,0.85677433,3651.0
AAGGTATGTAGTGTGA-1,G1,G1,early,0.14153251,1589.0
AAGGTATGTTCCCAGA-1,G2M,G2M,,0.9118244,4924.0
AAGGTTAAGCGAAGGC-1,G1,G1,late,0.06294232,297.0
AAGGTTAAGCTAATGT-1,S,G1,,0.33688784,2884.0
AAGGTTAAGGCTCAGT-1,S,G2M,,0.9397275,6004.0
AAGGTTGGTATGGTAG-1,S,G1,,0.8644496,3767.0
AAGGTTGGTGAGTGCG-1,S,G1,,0.88272554,4155.0
AAGGTTGGTTCACCTC-1,G2M,S,,0.97238874,6768.0
AAGTAAGTCACTTCAC-1,G2M,G1,,0.9288912,5523.0
AAGTAAGTCAGCTGCG-1,G1,G1,late,0.15709704,1853.0
AAGTAAGTCAGTGCTA-1,G2M,S,,0.92668146,5419.0
AAGTAAGTCGCATGAC-1,G1,G1,late,0.16839099,2054.0
AAGTACCCAATCTCCA-1,G1,G1,late,0.13832408,1534.0
AAGTACGGTTAATTCG-1,G2M,G1,,0.9701705,6732.0
AAGTACGGTTCGCAGC-1,S,G1,,0.9228812,5289.0
AAGTATGAGTAACGGG-1,G2M,G1,,0.93798554,5932.0
AAGTATGAGTTAACCG-1,G1,G1,early,0.09227961,726.0
AAGTCAAAGGGTCATC-1,G1,G1,late,0.093018845,738.0
AAGTCACCAAACTGAC-1,G2M,G2M,,0.97796357,6826.0
AAGTCACCATGATTGA-1,G1,G1,late,0.20360503,2555.0
AAGTCAGGTCAACCCA-1,G1,G1,late,0.095896035,784.0
AAGTCAGGTTGACCAT-1,S,G2M,,0.9245127,5343.0
AAGTCAGGTTGCCCTT-1,G2M,G1,,0.9605212,6573.0
AAGTCATTCACGTTGA-1,G2M,G2M,,0.92276174,5281.0
AAGTCATTCGAACGTC-1,G1,G1,late,0.13748676,1527.0
AAGTCATTCGACCGCA-1,G2M,S,,0.88355696,4180.0
AAGTCATTCGTAGTCA-1,S,G1,,0.90468824,4696.0
AAGTCCATCCGCAACG-1,G2M,S,,0.9515064,6395.0
AAGTCCATCGTGCGAT-1,G2M,S,,0.89025754,4318.0
AAGTCGCTCGTTAGGC-1,G1,G1,early,0.18873851,2382.0
AAGTGATGTTGTGACT-1,S,G1,,0.86389697,3758.0
AAGTGCCTCCAGAGCT-1,G1,G1,early,0.20871587,2605.0
AAGTGCCTCGTTCGTT-1,G1,G1,late,0.15319173,1789.0
AAGTGGACACATTCCA-1,S,G1,,0.8552452,3635.0
AAGTGGGTCACAGATT-1,G1,S,late,0.1123304,1075.0
AAGTGGGTCCACCATT-1,G1,G1,late,0.07029062,396.0
AAGTGGGTCGCTATGA-1,S,G1,,0.8584721,3672.0
AAGTGTCCAGGACAGG-1,G2M,G1,,0.92386305,5319.0
AAGTTGAAGCGAACCT-1,G2M,G2M,,0.95895076,6543.5
AAGTTGAAGTAATGTC-1,G2M,G1,,0.97429645,6789.0
AAGTTGGGTAGCGGCA-1,G1,S,late,0.190294,2403.0
AAGTTGGGTCTAGTTA-1,G1,G1,late,0.16780262,2044.0
AAGTTGGGTTGACCTG-1,G1,G1,early,0.030930994,32.0
AAGTTGGGTTGCAGGG-1,G1,G1,late,0.1320196,1447.0
AAGTTTCAGCTGGCAT-1,G1,G1,late,0.02685467,22.0
AAGTTTCAGGATTCGC-1,G2M,G1,,0.9285814,5508.0
AAGTTTCAGTAAGCAA-1,G1,G1,late,0.14971384,1721.0
AAGTTTGCAACCATCC-1,S,G1,,0.49986336,3021.0
AAGTTTGCAATCGAGT-1,G1,G1,early,0.12611209,1347.0
AAGTTTGCAGGGATGG-1,S,G1,,0.8886315,4273.0
AATACGAAGGCAACTC-1,G2M,G2M,,0.97831625,6833.0
AATACGAAGGTCATCA-1,G1,G1,late,0.04778228,136.0
AATACGCCACATACTT-1,G1,G1,late,0.16771348,2043.0
AATACGGGTTAGACAG-1,G1,G1,early,0.19315003,2435.0
AATACGGGTTGTCCGA-1,G1,S,late,0.13100258,1431.0
AATATGCTCCATGCTT-1,G1,G1,late,0.072378255,428.0
AATATGCTCCGCGCTT-1,G1,S,early,0.14468373,1647.0
AATATGCTCCTGCTCA-1,G2M,G1,,0.9328227,5697.0
AATATGCTCCTGTCCA-1,G2M,G2M,,0.9656084,6670.0
AATATGCTCTAAGCGC-1,G1,G1,early,0.10685056,984.0
AATATGGAGAACGAGT-1,G2M,G1,,0.9547118,6465.0
AATATGGAGTCGAGCT-1,S,G1,,0.45722604,2991.0
AATATGGAGTCGATGC-1,S,G2M,,0.9362939,5849.0
AATCACTAGGATATGA-1,G1,S,late,0.12292937,1280.0
AATCAGCCAAGGGAAC-1,G1,S,late,0.18139896,2266.0
AATCAGCCAGTTGCTC-1,G1,G1,early,0.1624738,1953.0
AATCATCAGTTACCAG-1,G1,G1,late,0.124388985,1318.0
AATCCAACAAAGGCCC-1,G1,G1,late,0.1042911,919.0
AATCCAACACCACAGA-1,G1,G1,late,0.10381498,915.0
AATCCAACAGCACGGT-1,S,G1,,0.8957144,4451.0
AATCCATAGCATTCGA-1,S,G1,,0.95751154,6524.0
AATCCATAGGGCTATC-1,G2M,G2M,,0.9643997,6650.0
AATCCATAGGTAGCGA-1,S,G1,,0.7473306,3242.0
AATCCATAGGTGGATG-1,G2M,G2M,,0.94461197,6197.0
AATCCCAAGCTAGCCG-1,G2M,G2M,,0.92389333,5320.0
AATCGAGGTAATTGGG-1,G2M,G1,,0.9642883,6645.0
AATCGAGGTAGTGCCC-1,G2M,G1,,0.97165054,6761.0
AATCGAGGTTGCAATC-1,G2M,G1,,0.8693868,3843.0
AATCGCGCAGTTGGAT-1,S,G1,,0.87090343,3886.0
AATCGCGCATGACACG-1,G2M,G1,,0.927444,5463.0
AATCGCGCATTAGCGG-1,S,,,0.82566804,3430.0
AATCGGCTCAGCAACC-1,G1,S,late,0.16318925,1960.0
AATCGGCTCCCCTGGT-1,G1,G2M,late,0.1447365,1649.0
AATCGGCTCCCTGGAG-1,G1,G1,late,0.20197892,2539.0
AATCGGCTCCGCACGA-1,G2M,G2M,,0.9372488,5899.0
AATCGGTCAATATGCA-1,G2M,G1,,0.97131234,6754.0
AATCGTTAGCATCCTT-1,S,G2M,,0.9001919,4559.0
AATCGTTAGCGATGTC-1,S,G1,,0.8691518,3839.0
AATCTAGCATCACTGC-1,G2M,G1,,0.96734697,6690.0
AATCTCCTCAGGCATC-1,G2M,G1,,0.8902915,4319.0
AATCTGGTCACCTGAA-1,G1,G1,late,0.15409386,1810.0
AATCTGGTCCATTACC-1,G2M,G1,,0.92699534,5436.0
AATGACAAGCCACTCC-1,G1,G1,late,0.10534628,949.0
AATGACAAGGTGGATG-1,G1,G1,late,0.35090247,2896.0
AATGACCCAATGTAGC-1,G1,S,late,0.091655515,715.0
AATGACCCACTTCAAT-1,S,S,,0.8704544,3875.0
AATGACCCATCCGCAT-1,S,G1,,0.8975353,4495.0
AATGACCCATGACACG-1,G1,S,late,0.19268496,2431.0
AATGACCCATGATAGC-1,G1,G1,late,0.093022324,739.0
AATGAGGCAAACCTGG-1,S,G2M,,0.88609797,4232.0
AATGAGGCACTTGCAC-1,G2M,G1,,0.93139684,5635.0
AATGATGAGGAATGGT-1,S,G1,,0.35136214,2898.0
AATGCACCAAATTCGA-1,G1,G1,late,0.19805066,2498.0
AATGCACCAGGGACGA-1,G2M,G1,,0.94054765,6034.0
AATGCACCAGTTGCTC-1,G1,G2M,late,0.09970398,842.0
AATGCACCATCCTACA-1,G1,G1,early,0.14672002,1675.0
AATGCACCATCGCTTA-1,S,G1,,0.8967401,4476.0
AATGCAGGTATGGCCC-1,G1,G1,late,0.1820183,2274.0
AATGCAGGTTCGAATC-1,G1,G1,early,0.09934927,830.0
AATGCCTGTAAGTAAC-1,S,G1,,0.9413477,6077.0
AATGCCTGTCATGGTT-1,S,S,,0.93564034,5808.0
AATGCCTGTGCATCCA-1,S,S,,0.86400247,3761.0
AATGCCTGTTCACTGG-1,G2M,G1,,0.9319588,5663.0
AATGCGAGTCAACTAC-1,G2M,G2M,,0.9726036,6773.0
AATGCGAGTGCAGTAA-1,S,G2M,,0.8707973,3884.0
AATGCGAGTGGCGAAT-1,G1,G1,late,0.0664073,339.0
AATGCGAGTTAATCCA-1,S,S,,0.88490224,4209.0
AATGCGGAGATTAGGA-1,S,G1,,0.93134606,5630.0
AATGCGGAGCTACCGG-1,S,S,,0.88100034,4117.0
AATGGATGTGAACCAA-1,G1,G1,late,0.09697543,795.0
AATGGATGTTAGCTCG-1,G2M,G1,,0.92517954,5363.0
AATGGATGTTCACGAT-1,G2M,G1,,0.9109863,4896.0
AATGGATGTTCCAGCA-1,S,S,,0.6134141,3121.0
AATGGATGTTCGCCAA-1,G2M,G1,,0.9316198,5647.0
AATGGCAGTTGCAGGG-1,G1,G1,late,0.219069,2706.0
AATGGCCTCAGGGCAA-1,S,G1,,0.851073,3586.0
AATGGCCTCATGCGTA-1,S,S,,0.8649773,3777.0
AATGGCCTCCTCATTA-1,G2M,G2M,,0.9372372,5896.0
AATGGCTCAATGCCGA-1,G2M,G1,,0.9272009,5445.0
AATGGCTCACTAGCGA-1,G2M,G1,,0.9496109,6345.0
AATGGCTCAGCTATGG-1,G1,G1,late,0.17398101,2149.0
AATGGCTCAGGAATCT-1,S,G1,,0.9054974,4726.0
AATGGCTCATCACGAG-1,G1,G1,late,0.11457632,1123.0
AATGGGACACAATCGG-1,S,G1,,0.32291108,2879.0
AATGGGCGTCAGTGCC-1,S,S,,0.9115096,4913.0
AATGGGCGTTGAGGTA-1,S,S,,0.83482003,3473.0
AATGGGGTCCATTCGT-1,G2M,S,,0.92866755,5515.0
AATGGGTAGTATGGAA-1,G1,G1,early,0.16117081,1940.0
AATGGTAAGCCCTGCT-1,G1,G1,late,0.13392086,1472.0
AATGGTAAGCGGTTCG-1,G1,S,early,0.14236477,1602.0
AATGTCCGTGAACCGG-1,G2M,G1,,0.93042094,5594.0
AATGTCCGTTAGTGAG-1,S,G1,,0.5721219,3088.0
AATGTCCGTTGGAGAC-1,G1,G1,early,0.09116031,703.0
AATGTGAAGGCGAGGT-1,G1,S,late,0.17546515,2170.0
AATGTGAAGGTTACAT-1,G1,G1,late,0.15171556,1764.0
AATGTGTTCAGGAACG-1,G1,G1,late,0.10080072,868.0
AATGTGTTCAGTTCCT-1,G1,G1,late,0.15398307,1806.0
AATGTGTTCGAAGCCT-1,G1,G1,early,0.09368024,748.0
AATGTGTTCGTTGCCC-1,G1,G1,late,0.21345432,2649.0
AATGTTGCATCGACAG-1,G1,G1,late,0.18506521,2320.0
AATTACGCACAAGGTT-1,G2M,G1,,0.9443034,6186.0
AATTACGCACAGCCAA-1,G2M,G2M,,0.99564,6892.0
AATTACGCATAAGCGT-1,G1,,late,0.09371524,750.0
AATTCAGCACTAATTC-1,S,S,,0.8890507,4285.0
AATTCAGCATTAGTCT-1,G2M,G2M,,0.936963,5887.0
AATTCCTCAGCTCGTT-1,S,S,,0.90484244,4702.0
AATTGGGGTAGTAACG-1,G2M,G2M,,0.9193927,5156.0
AATTGGGGTGGCGCAA-1,G2M,G1,,0.91870457,5138.0
AATTGTCAGCAACTCA-1,G2M,G1,,0.8431308,3526.0
ACAACAGGTCTGTCCT-1,G1,G1,late,0.13325223,1463.0
ACAACAGGTTGGATAG-1,G1,G1,late,0.18575795,2331.0
ACAACATTCACTTGCT-1,G1,G1,early,0.048375756,143.0
ACAACCATCCCGCGAA-1,G1,G1,late,0.17607675,2181.0
ACAACCATCCTTCCTC-1,G2M,G2M,,0.9198359,5168.0
ACAACCATCCTTCGGC-1,G2M,G1,,0.9158422,5036.0
ACAACCGCAATCATAG-1,S,G1,,0.7673021,3280.0
ACAACCGCACAAGCGC-1,G1,G1,late,0.12253025,1273.0
ACAACCGCACAAGGCC-1,G2M,S,,0.9885622,6878.0
ACAACCGCATTAACTC-1,G1,G1,early,0.031402595,35.0
ACAACCTGTCATCCTC-1,S,S,,0.8731674,3934.0
ACAACCTGTGCGAGCA-1,S,G2M,,0.90333235,4648.0
ACAACTTAGCGGGATA-1,G2M,G2M,,0.9338137,5744.0
ACAACTTAGGTAGGTG-1,G2M,G2M,,0.9643682,6648.0
ACAAGCCTCAGGAGAT-1,G1,G1,late,0.16076186,1930.0
ACAAGCCTCTGGAAGG-1,G1,G1,late,0.19717334,2482.0
ACAAGCGAGATAGGGT-1,G1,G1,late,0.19828129,2502.0
ACAAGGCGTCAATTCA-1,G1,G1,late,0.11147462,1066.0
ACAAGGGTCATGGTCA-1,S,G1,,0.96204567,6599.0
ACAAGGGTCGTCTAAG-1,G1,G1,late,0.22484992,2746.0
ACAAGTAAGGGTACGA-1,G2M,G1,,0.93384635,5748.0
ACAAGTTTCATAGACT-1,G2M,G1,,0.93790483,5928.0
ACAAGTTTCGATGGGA-1,G1,G1,early,0.14562331,1659.0
ACAAGTTTCGTACTAG-1,G1,G1,late,0.3017647,2864.0
ACAATCACAAGCGCGT-1,S,G1,,0.35084972,2895.0
ACAATCCGTAACCGAA-1,G1,G1,late,0.12882273,1392.0
ACAATCCGTCATGGTT-1,G1,G1,late,0.21505044,2665.0
ACAATCCGTTGCACGC-1,G2M,G1,,0.9118389,4925.0
ACAATGAAGTATGTCG-1,G2M,G1,,0.92992944,5572.5
ACAATGGGTCAGCATT-1,G1,G1,early,0.060810857,280.0
ACACACGCAACCCGAA-1,G1,G1,early,0.117225245,1176.0
ACACACGCAATCGGTG-1,G2M,G2M,,0.951338,6392.0
ACACACGCATGATAGC-1,S,G1,,0.85488856,3629.0
ACACATTAGGATATGA-1,G1,G1,late,0.06837061,364.0
ACACATTAGGCAACCT-1,S,S,,0.80775577,3367.0
ACACATTAGGCGTCTG-1,G1,S,late,0.13644613,1506.0
ACACCAATCCAACCTT-1,G2M,G2M,,0.96122086,6585.0
ACACCAATCCAACTCT-1,G2M,S,,0.9103504,4883.0
ACACCAATCGTACGGT-1,G2M,G2M,,0.9206223,5193.0
ACACCAGCATCATCAT-1,G2M,S,,0.91853136,5130.0
ACACCCTCAAATCGCG-1,G1,G1,early,0.124469474,1319.0
ACACCCTCATAACGGT-1,G2M,G2M,,0.9307048,5611.0
ACACGAAGTAAGCACA-1,S,G2M,,0.89320695,4394.0
ACACGAAGTAGGTGTA-1,G2M,G2M,,0.9672619,6688.0
ACACGATCAAGCCATG-1,S,G1,,0.91279435,4954.0
ACACGATCAATGACGT-1,G2M,G1,,0.91602665,5046.0
ACACGATCATGACAGT-1,G2M,G1,,0.97810227,6828.0
ACACGGGGTATTGCCG-1,G2M,G2M,,0.91233444,4939.0
ACACGGGGTTGCTGAT-1,S,S,,0.90889186,4838.0
ACACGGTTCATCGAAT-1,S,G1,,0.8856504,4227.0
ACACGGTTCCTCTATA-1,S,G2M,,0.87831014,4047.0
ACACGTTGTAGTCCCA-1,G2M,G2M,,0.9481664,6308.0
ACACGTTGTCTAGTGT-1,S,S,,0.9272565,5453.0
ACACGTTGTCTAGTTA-1,S,G2M,,0.89739597,4493.0
ACACTAGTCTAGTGCA-1,G1,G1,late,0.18797539,2372.0
ACACTCCCAACCCTAC-1,G1,G1,early,0.09578202,779.0
ACACTCCCAGTTGCTC-1,G1,G1,late,0.09937656,831.0
ACACTGATCATCTAGG-1,S,G2M,,0.9291779,5534.0
ACACTGATCCATGAAT-1,G2M,G2M,,0.9158139,5035.0
ACAGAACAGTCATTGG-1,S,S,,0.90664613,4765.0
ACAGAATGTGCGTGTC-1,G1,G1,late,0.09575205,776.0
ACAGAATGTTAATTCG-1,G1,G1,early,0.08926644,672.0
ACAGAATGTTTCCTGC-1,G2M,S,,0.90569663,4736.0
ACAGACAGTAACCCAT-1,S,S,,0.5071609,3029.0
ACAGACAGTCAACGAA-1,S,G1,,0.58254695,3095.0
ACAGACAGTCATGCGC-1,G2M,S,,0.95326656,6433.0
ACAGACTCAATCATAG-1,S,S,,0.8296597,3446.0
ACAGACTCACCAATCC-1,G2M,G1,,0.9426446,6125.0
ACAGACTCAGGACATT-1,S,G1,,0.93269646,5689.0
ACAGATGGTAATCCAC-1,G1,G1,late,0.1474015,1687.0
ACAGATGGTTAGAGGC-1,S,G2M,,0.912887,4955.0
ACAGATGGTTAGCCGC-1,S,G1,,0.74576247,3238.0
ACAGCCACAAGCGAGG-1,G2M,S,,0.8880159,4266.0
ACAGCCCGTTAGCTCG-1,G2M,G1,,0.9624715,6605.0
ACAGCCCGTTCTGGAT-1,G2M,G2M,,0.93281955,5696.0
ACAGCGAAGCCGATGT-1,S,S,,0.8840989,4190.0
ACAGCGAAGCCTGCCT-1,G1,G1,late,0.09343935,745.0
ACAGCTATCTATGCCT-1,G2M,G2M,,0.87980944,4080.0
ACAGCTCAGTACCAAT-1,G2M,G1,,0.91726846,5082.0
ACAGCTTGTGGCGAAT-1,G2M,G1,,0.9248059,5351.0
ACAGCTTGTTTGAGCT-1,G2M,S,,0.9038229,4664.0
ACAGGAACAACCGTAG-1,G2M,G1,,0.9137861,4978.0
ACAGGAACAATACCGG-1,G1,G1,late,0.21015523,2621.0
ACAGGAACATCGGCTT-1,G2M,S,,0.9508602,6380.0
ACAGGAACATTCGTCA-1,G2M,G2M,,0.94555676,6234.0
ACAGGATAGGGTCCTG-1,S,G1,,0.8735925,3945.0
ACAGGATAGTATGACT-1,G1,G1,late,0.18033399,2252.0
ACAGGATAGTGACCTA-1,G1,G1,late,0.060143374,268.0
ACAGGCAAGCATTGAT-1,G2M,G2M,,0.9224729,5271.0
ACAGGCAAGGATACCC-1,G2M,G2M,,0.9444876,6194.0
ACAGGCAAGTCGAATT-1,S,G1,,0.5361131,3049.0
ACAGGCTTCACGCGCA-1,G1,G1,early,0.086217746,628.0
ACAGGGATCAAGTCGC-1,G2M,G1,,0.94281375,6140.0
ACAGGGATCACAGCGT-1,S,G1,,0.8510876,3587.0
ACAGGGATCCGCAAGT-1,G2M,G1,,0.92247653,5273.0
ACAGGGATCCTCATGT-1,G1,G1,late,0.2211777,2724.0
ACAGGGATCCTGTCTG-1,S,G2M,,0.8771094,4024.0
ACAGGGGCAAGCTAGT-1,G1,G2M,late,0.16359678,1969.0
ACAGGGGCACTACCGT-1,G1,G1,late,0.07303349,435.0
ACAGGGGCAGTTGGAT-1,S,G1,,0.76598495,3276.0
ACAGGGGCATCCTTAG-1,G2M,G2M,,0.9294281,5548.0
ACAGGTAGTAATCGCT-1,G2M,G2M,,0.94775146,6293.0
ACAGGTAGTGCATCAT-1,S,G1,,0.9257106,5387.0
ACAGGTAGTGCGATGG-1,G2M,S,,0.87177074,3906.0
ACAGGTAGTTGGCTGC-1,S,S,,0.8586665,3676.0
ACAGGTAGTTTAGGAG-1,S,G1,,0.8833036,4173.0
ACAGGTTCAAATGACC-1,G1,G1,late,0.14066856,1572.0
ACAGGTTCAACGGTCA-1,S,G1,,0.933475,5734.0
ACAGGTTCAATACCAA-1,G2M,G1,,0.94188815,6095.0
ACAGGTTCAGCTCTCG-1,G1,G1,late,0.19010706,2400.0
ACAGTCATCCGGTGAT-1,S,G1,,0.846262,3550.0
ACAGTCATCCGTTGGG-1,G1,G1,late,0.11811074,1195.0
ACAGTCGCATAAGTGC-1,G1,G1,early,0.15560405,1827.0
ACAGTCGCATCCTCGG-1,G1,G1,early,0.09111278,701.0
ACAGTCGCATTAGGGT-1,S,G1,,0.8718426,3908.0
ACAGTGAGTGGACAGT-1,G2M,G1,,0.9600776,6566.0
ACAGTTACAGGAAGCG-1,G2M,G1,,0.9265639,5415.0
ACAGTTGTCCATAGGC-1,G1,G1,late,0.13775954,1530.0
ACAGTTTAGTAAGTTC-1,G2M,G2M,,0.9364998,5859.0
ACATAGAAGGTTCCAA-1,S,S,,0.8925972,4375.0
ACATAGAAGTGCGGTT-1,G2M,G2M,,0.96464026,6656.0
ACATAGCCAAATGACC-1,G1,G1,early,0.23162815,2773.0
ACATATCAGCTATGCA-1,G2M,G2M,,0.9058878,4743.0
ACATATCAGGAGCTGA-1,G2M,G1,,0.940069,6018.0
ACATATCAGGCGTTCG-1,G2M,G2M,,0.88371986,4184.0
ACATATCAGTGATGCC-1,S,G1,,0.7843959,3313.0
ACATCATAGCCTGGAT-1,G2M,G2M,,0.94086814,6056.0
ACATCATAGGTTCCAA-1,G1,G1,early,0.15329562,1791.0
ACATCCCCAACCAAGT-1,S,G1,,0.90503365,4709.0
ACATCCCCACTCGGAA-1,S,G1,,0.86456794,3770.0
ACATCCCCAGTTGAGT-1,G1,G1,late,0.103305876,900.0
ACATCCGGTCCATACG-1,G1,G1,late,0.11646749,1160.0
ACATCCGGTTGAGTGA-1,G1,G1,late,0.08501251,611.0
ACATCCTTCACCATCT-1,G2M,G1,,0.8519313,3597.0
ACATCCTTCACTTGAG-1,S,G2M,,0.8739571,3952.0
ACATCTTCAAGCATAC-1,G1,G1,late,0.16980116,2075.0
ACATCTTCAAGTCCTC-1,G2M,G2M,,0.89159733,4349.0
ACATCTTCAGCTCTAC-1,G2M,G1,,0.93212944,5668.0
ACATCTTCATGCGCTT-1,G1,G1,early,0.099319234,828.0
ACATGAAAGGAGGCAC-1,G1,G1,late,0.08310535,586.0
ACATGAAAGGCTACCG-1,S,G1,,0.7746991,3295.0
ACATGAAAGTAATCGT-1,G1,G1,late,0.3186627,2876.0
ACATGAAAGTATGTAC-1,S,G1,,0.9314927,5637.0
ACATGAGGTGGAAGGA-1,G1,G1,late,0.19445448,2454.0
ACATGCCAGCTTCCTG-1,G2M,G2M,,0.95484763,6466.0
ACATGCCAGTCAGGCT-1,G1,G1,late,0.122265935,1270.0
ACATGGCTCGAGTCCG-1,G1,G1,early,0.052171916,185.0
ACATGGTCAGTTGCTC-1,G2M,G1,,0.83135104,3451.0
ACATGTTAGTGAGCAG-1,S,G1,,0.7686268,3281.0
ACATTAGCAAACCTAA-1,G2M,G2M,,0.93607277,5832.0
ACATTAGCAATTGACA-1,G1,G1,early,0.08056261,547.0
ACATTAGCACCATTCA-1,G1,G1,late,0.1338445,1471.0
ACATTAGCACTATGCC-1,S,G1,,0.25615457,2833.0
ACATTCAGTTGAGTTC-1,S,G1,,0.47949028,3005.0
ACATTCCTCAGCACTA-1,S,G1,,0.7932929,3331.0
ACATTCCTCTAGCCGG-1,G2M,G2M,,0.981173,6853.0
ACATTGGTCACGTACA-1,G1,G1,early,0.05038513,162.0
ACATTGGTCAGCCAGT-1,G1,G1,late,0.07889505,529.0
ACATTTGGTAGCAGGT-1,G2M,G1,,0.9550832,6471.0
ACATTTGGTAGGTTAG-1,G1,G1,late,0.24308224,2811.0
ACCAAATTCTAGCCAA-1,G1,G1,late,0.18278491,2285.0
ACCAACATCGAATGAA-1,G1,G1,late,0.16299763,1958.0
ACCAAGCTCAGTACCA-1,G1,G1,late,0.04785769,138.0
ACCAAGCTCGATGGCT-1,G2M,G1,,0.97342587,6783.0
ACCAAGCTCGCATCAA-1,G1,G1,late,0.1580616,1867.0
ACCAAGCTCGCGTGAT-1,S,G2M,,0.87473077,3973.0
ACCAAGTCAAGGGTAA-1,G1,G1,late,0.09959614,837.0
ACCAAGTCAGGAACGG-1,S,S,,0.8862298,4233.0
ACCAATGTCACTCGTT-1,G1,G1,late,0.21012771,2618.0
ACCAATGTCCGCAGTG-1,G1,G1,late,0.20413446,2557.0
ACCAATTAGCTACGAC-1,S,G1,,0.4942238,3015.0
ACCAATTAGTAATGAG-1,S,S,,0.92703545,5437.0
ACCACAATCACAGACC-1,G1,G1,late,0.11720529,1175.0
ACCACAATCCCCAGCT-1,G1,G1,late,0.15189326,1767.0
ACCACACAGCAACTAT-1,S,G1,,0.8764614,4010.0
ACCACCTCAACATCGG-1,G1,G1,early,0.2303869,2769.0
ACCACCTCAACATTAG-1,G1,G1,early,0.03776392,60.0
ACCACCTCAACCTTGC-1,S,S,,0.7574429,3262.0
ACCACCTCACTAGCCT-1,G2M,S,,0.8835509,4179.0
ACCACCTCAGGGCTAC-1,G1,G1,early,0.10042164,861.0
ACCACGTAGCTAGCAC-1,G1,G1,late,0.14187701,1594.0
ACCACTAAGCGGTAGA-1,G2M,S,,0.95525545,6475.0
ACCAGGCCATAGGCGC-1,G1,G1,late,0.1817719,2271.0
ACCATAACACAATGAC-1,G2M,S,,0.97884303,6836.0
ACCATAACAGGCTTGA-1,G2M,,,0.93383425,5747.0
ACCATAGTCCATTGAG-1,G2M,G1,,0.94243455,6116.0
ACCATAGTCTGTGAGC-1,G1,G1,late,0.1718464,2112.0
ACCATATAGGAATCGG-1,G2M,S,,0.94130063,6074.0
ACCATCAAGCCGCACA-1,G2M,G2M,,0.9226089,5277.0
ACCATCAAGCTGGCAT-1,G2M,G2M,,0.9208704,5205.0
ACCATCCCAACGTGGC-1,S,G1,,0.35126814,2897.0
ACCATCCCACTATACT-1,G2M,G1,,0.8800392,4085.0
ACCATTGAGAATCGCC-1,G2M,G2M,,0.91675687,5072.0
ACCATTTCATAGGGTT-1,G1,G1,early,0.058223438,244.0
ACCATTTCATGGATCG-1,G2M,G1,,0.93725264,5900.0
ACCCAAATCAGTTGCA-1,G1,G1,early,0.113412954,1091.0
ACCCAAATCCATTGCT-1,G2M,S,,0.8913964,4344.0
ACCCAAATCTAACCTC-1,G2M,S,,0.91613954,5050.0
ACCCAAATCTATCGCT-1,G2M,G2M,,0.8925938,4374.0
ACCCAACAGGTGGCTT-1,G2M,S,,0.8670573,3808.0
ACCCAACAGTAAGGCG-1,G2M,S,,0.9423099,6109.0
ACCCAACAGTTACGCA-1,G2M,G1,,0.927347,5458.0
ACCCAATGTAAGGTCA-1,G1,G1,late,0.12494866,1323.0
ACCCAATGTAGTAAGT-1,G1,S,early,0.05449696,202.0
ACCCAATGTCAACCTG-1,G2M,S,,0.9218045,5240.0
ACCCAATGTCTAGTCG-1,S,S,,0.90436745,4686.0
ACCCAGACATGAGCTG-1,G1,S,late,0.17730819,2203.0
ACCCAGTAGTCGATTG-1,G2M,G1,,0.93504995,5789.0
ACCCAGTAGTTGGTTG-1,G2M,G1,,0.674926,3171.0
ACCCATAAGCTAGCCG-1,S,G2M,,0.8965987,4471.0
ACCCATAAGGATCCGT-1,G2M,G1,,0.93267334,5686.0
ACCCATAAGGCACGTT-1,G1,S,late,0.1670024,2031.0
ACCCATCCAATTACAG-1,S,G1,,0.86158174,3725.0
ACCCATCCAATTACCT-1,G1,G1,late,0.12510975,1327.0
ACCCATTTCGTTAGAT-1,G2M,G1,,0.98366594,6862.0
ACCCCATCACTCAATT-1,G2M,G1,,0.89831614,4511.0
ACCCCATCATGGTGCA-1,G2M,G1,,0.8798832,4082.0
ACCCCGAAGCGGTTAC-1,G1,G1,late,0.16383956,1974.0
ACCCCGAAGGAACCGA-1,G1,G1,late,0.17094062,2096.0
ACCCCGTTCACGCATA-1,S,S,,0.87815624,4041.0
ACCCCGTTCCGTAGCG-1,S,G2M,,0.76498544,3274.0
ACCCCGTTCCGTAGGT-1,G1,G1,late,0.047222707,131.0
ACCCCTTGTAGTGTCT-1,S,G1,,0.7538277,3252.0
ACCCCTTGTGGCGACA-1,G1,G1,late,0.12756996,1371.0
ACCCGAACACTTGGCT-1,G1,G1,late,0.07389798,444.0
ACCCGATAGATAGTAG-1,G1,G1,late,0.19599028,2469.0
ACCCGATAGGTACGAG-1,S,G2M,,0.9304886,5596.0
ACCCGCAAGCTGGATC-1,S,G2M,,0.892917,4383.0
ACCCGCAAGCTTCCGC-1,G1,G1,early,0.059914205,264.0
ACCCGCAAGTAGCGTC-1,G1,G1,early,0.057576884,236.0
ACCCGCTTCGCATACA-1,G2M,G1,,0.93960744,6000.0
ACCCGTAGTAACCCTG-1,G1,G1,late,0.08840296,659.0
ACCCGTAGTAAGGTCA-1,G2M,G1,,0.94550025,6231.0
ACCCGTAGTTTGCCCT-1,S,G2M,,0.42470068,2965.0
ACCCGTGAGAACGACG-1,G2M,G1,,0.92324543,5299.0
ACCCGTGAGCATAGTT-1,S,S,,0.8914303,4346.0
ACCCGTTCACCATGTC-1,S,G2M,,0.9359556,5826.0
ACCCGTTCAGGGCATC-1,G2M,G1,,0.9943144,6891.0
ACCCTAGGTATTAGGG-1,G1,S,late,0.13501817,1488.0
ACCCTAGGTCAGGGCA-1,G2M,G2M,,0.92496306,5355.0
ACCCTATTCACTTCCG-1,G1,G1,early,0.1061726,971.0
ACCCTATTCGCTGGCA-1,G1,G1,late,0.19698884,2480.0
ACCCTCGCAAAGGGTA-1,S,G1,,0.8842137,4193.0
ACCCTCGCAGGTTCAG-1,S,G1,,0.8967419,4477.0
ACCCTCTGTTGCTTGG-1,G2M,G2M,,0.9385314,5950.0
ACCCTGCTCAGCGACT-1,S,G1,,0.85949,3693.0
ACCCTGCTCCCTCTGA-1,G2M,G1,,0.91611785,5049.0
ACCGACCGTAATCCAC-1,G2M,G1,,0.8920593,4361.0
ACCGACTAGCGAGTTC-1,G1,G1,early,0.060440145,274.0
ACCGAGGGTGAACTAG-1,G1,G1,late,0.12744792,1369.0
ACCGAGGGTGATGGAC-1,S,S,,0.8827412,4156.0
ACCGAGGGTGATGGCG-1,G1,G2M,late,0.14413781,1629.0
ACCGAGGGTGCAATGA-1,S,S,,0.8412536,3515.0
ACCGATGCATGACGAT-1,S,G1,,0.52138716,3040.0
ACCGATTGTCTTGAAC-1,G1,G1,late,0.14610414,1666.0
ACCGATTGTGAGATCA-1,G1,G1,late,0.16142142,1943.0
ACCGATTGTGGGTCAG-1,G1,G1,late,0.19360007,2441.0
ACCGCAACAATGCCCT-1,G1,G1,late,0.09491385,765.0
ACCGCAACACATAGGT-1,S,G2M,,0.86672246,3803.0
ACCGCAACACCTGCAT-1,S,S,,0.86613834,3792.0
ACCGCCAAGTAAGCAA-1,S,G1,,0.85214293,3601.0
ACCGCCAAGTGATTCG-1,G2M,G2M,,0.97150636,6758.0
ACCGGATTCAGCATTG-1,S,G1,,0.8129459,3385.0
ACCGGATTCATCACGA-1,G2M,G1,,0.9662255,6676.0
ACCGGTTAGATAGCGG-1,S,S,,0.84501183,3540.0
ACCGGTTAGCCCGTGA-1,G1,G1,late,0.059256934,257.0
ACCGTTGGTTGGCGAG-1,G2M,G2M,,0.93478245,5781.0
ACCTAACGTATTGCAC-1,G2M,G1,,0.9239297,5322.0
ACCTAACGTCTTGGTG-1,G2M,G1,,0.92568374,5382.0
ACCTAACGTGCGTGCT-1,G2M,G2M,,0.922582,5276.0
ACCTAACGTTTGCCCT-1,G2M,G2M,,0.95495045,6468.0
ACCTAAGTCAGGGCAA-1,G2M,G1,,0.94387597,6167.0
ACCTAAGTCCATCGGG-1,G1,S,late,0.117597334,1183.0
ACCTACCCAGCCTAGA-1,G2M,G1,,0.82466495,3427.0
ACCTACCCATAAGGTC-1,G1,G1,late,0.097087964,798.0
ACCTACCCATCCTACA-1,G2M,G2M,,0.9475537,6286.0
ACCTACCCATTAGATG-1,G2M,G2M,,0.91763806,5095.0
ACCTACTTCAATCTGG-1,G2M,G1,,0.9618515,6595.0
ACCTACTTCGACTGCG-1,G2M,G1,,0.93792397,5930.0
ACCTATGAGGCTACAC-1,G1,G1,late,0.10864074,1015.0
ACCTATGAGGTCAATT-1,G1,G1,late,0.1941752,2449.0
ACCTATGAGGTTCATG-1,G2M,S,,0.911044,4898.0
ACCTATGAGTGAAGTA-1,G1,G1,late,0.40734985,2948.0
ACCTCACCAACCCGAA-1,G2M,G2M,,0.9213884,5221.0
ACCTCCGCAATAGACC-1,G1,G1,early,0.17078207,2094.0
ACCTCCGCACAATCCC-1,S,G1,,0.6429485,3149.0
ACCTCCGCATCCTTAG-1,S,G1,,0.5321677,3046.0
ACCTCGCTCAGTAGGG-1,G1,G1,late,0.083108224,588.0
ACCTCTTAGGGTTGCT-1,G2M,G1,,0.96787304,6695.0
ACCTCTTAGTCGATAT-1,G1,G1,late,0.08835684,658.0
ACCTGAATCAAGTCTG-1,S,G1,,0.8732024,3935.0
ACCTGAATCACTATCC-1,G2M,G1,,0.96380204,6634.0
ACCTGAATCCCTTGCA-1,G2M,G1,,0.9618536,6596.0
ACCTGCCTCCGCCTGT-1,G1,G1,early,0.105341695,948.0
ACCTGCCTCCGTAGAC-1,G2M,S,,0.938572,5953.0
ACCTGGACAGCTACTC-1,G1,S,late,0.09736426,802.0
ACCTGGGTCTGGTAGC-1,S,G1,,0.84134084,3517.0
ACCTGTCCAACTACCC-1,G1,G1,early,0.045155823,114.0
ACCTGTCCAATGGAAG-1,G1,G1,late,0.13074374,1424.0
ACCTGTCCAGCTACAG-1,G2M,G2M,,0.9416686,6089.0
ACCTTAAGTCCATCGA-1,S,S,,0.86231965,3735.0
ACCTTAAGTGACTCGC-1,G2M,G2M,,0.92295253,5292.0
ACCTTAAGTTGCCCTT-1,S,S,,0.8820886,4139.0
ACCTTCACATCCCTGG-1,G2M,G1,,0.9185377,5132.0
ACGAAATGTCTCAGCA-1,G2M,G1,,0.8853212,4220.0
ACGAAGGTCGTGATGC-1,G1,G1,late,0.14801183,1696.0
ACGAAGGTCTATGCGA-1,S,G1,,0.30336964,2866.0
ACGAATCCAACCTGGA-1,G2M,G1,,0.93063533,5605.0
ACGAATCCAAGGTGAA-1,G1,G1,late,0.18320693,2294.0
ACGAATCCAAGTAGGA-1,G2M,G1,,0.92109185,5215.0
ACGAATGGTTATGGCT-1,G1,G1,early,0.044015862,101.0
ACGACAAGTAGGTAGC-1,G1,G1,late,0.08217768,574.0
ACGACATCAATACCTT-1,G1,G1,late,0.32633546,2880.0
ACGACATCATAACCTT-1,S,G1,,0.8662021,3796.0
ACGACGAAGCCTGCTC-1,S,S,,0.86669487,3802.0
ACGACGAAGTGACGGA-1,G1,,late,0.05704957,229.0
ACGAGCAAGTAGCGTC-1,G1,G1,early,0.02817091,24.0
ACGAGCAAGTAGGATA-1,S,G2M,,0.41445512,2954.0
ACGAGTAGTCAATGGA-1,G2M,G2M,,0.90599436,4752.0
ACGAGTAGTTAGTTGC-1,G1,G1,late,0.24953088,2822.0
ACGATAGGTCTCAGTG-1,S,G1,,0.37433422,2913.0
ACGATATTCAAGTAGA-1,S,S,,0.90766424,4798.0
ACGATGGAGGTATGAA-1,G1,G1,late,0.08007942,541.0
ACGATTGTCCATGCAA-1,S,G2M,,0.89983815,4548.0
ACGATTTAGGGCTGAA-1,G1,S,late,0.1934391,2439.0
ACGCAATCAACCCGAA-1,G1,G1,late,0.16111788,1938.0
ACGCAATCAAGCATGT-1,G1,G1,early,0.11366004,1101.0
ACGCAATCAAGTATGC-1,S,S,,0.82588285,3433.0
ACGCACTAGGGCTCAT-1,G2M,G2M,,0.9311568,5622.0
ACGCAGCCAATTCGTT-1,G1,G1,late,0.19951896,2513.0
ACGCAGCCATCCGTGT-1,G2M,G1,,0.9476562,6287.0
ACGCATATCCTTCCAG-1,S,G1,,0.914458,4999.0
ACGCATATCGAATCCA-1,G2M,S,,0.93198025,5665.0
ACGCATTGTGCATCCA-1,G2M,S,,0.92153454,5227.0
ACGCATTGTTCCGTGA-1,G2M,G1,,0.93994796,6012.0
ACGCCAACAGGATCGC-1,S,S,,0.88647145,4239.0
ACGCCATAGCATTGAT-1,G2M,G1,,0.9682116,6698.0
ACGCCATAGGTCACGT-1,G1,G1,early,0.1468271,1676.0
ACGCCCAAGTAGACTT-1,G2M,G1,,0.92776144,5475.0
ACGCCTAGTATGGGTA-1,S,G2M,,0.88950825,4299.0
ACGCCTAGTCAAGTCT-1,G2M,G2M,,0.9689829,6709.0
ACGCCTAGTTGGACGG-1,G1,G1,late,0.083791,597.0
ACGCGAAAGTCGCACG-1,S,G1,,0.8578231,3659.0
ACGCGAGGTAAGTGTG-1,S,G1,,0.93104136,5618.0
ACGCGATTCACAGGGA-1,S,G1,,0.9139233,4983.0
ACGCGATTCGATTACG-1,G1,G1,late,0.16690494,2030.0
ACGCGCATCCAGATAT-1,G1,G1,late,0.09877369,822.0
ACGCGCATCGACTGCG-1,S,G1,,0.58494496,3098.0
ACGCGCATCGATGCTA-1,G1,S,late,0.07650945,485.0
ACGCGCATCGTAACCA-1,G1,G2M,late,0.21179007,2637.0
ACGCGGTCAATGGAGA-1,G2M,G1,,0.9639442,6638.0
ACGCTAATCCGTAGTA-1,G1,G1,late,0.15051849,1742.0
ACGCTATGTAATCGCT-1,G2M,G2M,,0.9768621,6820.0
ACGCTCAGTTAGCACT-1,G1,G1,late,0.15334693,1792.0
ACGCTCAGTTTGGTCG-1,G1,G1,late,0.09125584,706.0
ACGCTGACAATTGAGC-1,G1,G1,late,0.19904724,2509.0
ACGCTGACAGCAGTAT-1,G2M,S,,0.88522077,4218.0
ACGCTGACATCAAGGT-1,G2M,G2M,,0.92975616,5563.0
ACGCTTGGTCCCGAGT-1,S,S,,0.92914104,5533.0
ACGCTTGGTGCACGAG-1,G1,G1,late,0.1813151,2263.0
ACGGAACGTAATTGGG-1,G2M,S,,0.9251001,5360.0
ACGGAACGTGATAGCA-1,G1,G1,late,0.15707935,1852.0
ACGGAGGCAAGGGAAC-1,S,S,,0.8823045,4146.0
ACGGAGGCATAGGCGC-1,S,S,,0.9099215,4872.0
ACGGATTCAAACTGAC-1,G2M,S,,0.87925905,4065.0
ACGGATTCATCACAGG-1,G2M,G1,,0.90650487,4761.0
ACGGCAAAGGGTCTAC-1,S,G1,,0.83774966,3491.0
ACGGCACCAACGTTAA-1,G1,G1,early,0.14023153,1561.0
ACGGCACCAATTGCCC-1,G2M,G1,,0.9443296,6187.0
ACGGCACCATTGCCGT-1,S,G1,,0.9025845,4628.0
ACGGCAGGTAACGTCT-1,G1,G1,late,0.10365804,910.0
ACGGCAGGTCATCCCT-1,G1,G1,early,0.08233813,576.0
ACGGCAGGTTGCTCTC-1,S,S,,0.7706556,3287.0
ACGGCCATCCAACTCT-1,G1,G1,early,0.113641344,1099.0
ACGGCCATCCATGCAA-1,G1,G1,late,0.06996267,389.0
ACGGCCATCTTGACTC-1,G1,G1,late,0.165896,2005.0
ACGGGATGTCAATGCT-1,G1,G1,late,0.17920287,2232.0
ACGGGATGTTATGCGT-1,S,G2M,,0.892357,4369.0
ACGGGATGTTCGTCAG-1,G1,G1,late,0.19722418,2483.0
ACGGGCAGTCTTGCAG-1,G1,G1,late,0.1688801,2063.0
ACGGGCAGTGCGTAGG-1,S,G1,,0.61145556,3119.0
ACGGGCAGTTGCAATC-1,G1,G1,late,0.15047376,1740.0
ACGGGCTCACAACGAT-1,G2M,G2M,,0.96887034,6706.0
ACGGGCTCATCCTTAG-1,S,G1,,0.7659596,3275.0
ACGGGGACAAATTCGA-1,G2M,G2M,,0.9343958,5765.0
ACGGGGACAATCCGTC-1,G1,G1,late,0.16682482,2026.0
ACGGGGACACCATGCT-1,S,S,,0.88309467,4166.0
ACGGGGTAGCCTGCGA-1,G1,G1,early,0.08061989,549.0
ACGGGGTAGCTGAGTC-1,G1,G1,late,0.17204425,2114.0
ACGGGGTAGCTGGTCG-1,G2M,G1,,0.90371233,4657.0
ACGGGGTAGGCAACCT-1,G2M,G1,,0.9488666,6330.0
ACGGGGTAGGGTTGAG-1,G2M,G1,,0.92571086,5388.0
ACGGGGTAGGTGGCAA-1,G2M,G1,,0.8110196,3378.0
ACGGGTAAGCGAACGA-1,G2M,G2M,,0.93176687,5652.0
ACGGGTTTCACCAGAC-1,S,S,,0.935172,5793.0
ACGGGTTTCACGTTAG-1,G2M,,,0.9529567,6426.0
ACGGGTTTCCGCTAGG-1,G2M,G2M,,0.92860144,5510.0
ACGGGTTTCCTCTCAG-1,S,G1,,0.3941796,2929.0
ACGGGTTTCCTGAAGC-1,G2M,S,,0.9098922,4871.0
ACGGGTTTCCTTAACC-1,S,G1,,0.8694758,3845.0
ACGGGTTTCGCTCCAC-1,G2M,S,,0.91620797,5053.0
ACGGTCACAATGTCGG-1,G1,G1,late,0.1050625,936.0
ACGGTCACACATTAGA-1,S,S,,0.9241604,5332.0
ACGGTGAAGCATGGTC-1,S,G1,,0.7452524,3237.0
ACGGTGAAGCGCTTAA-1,G1,G1,late,0.11788037,1192.0
ACGGTGAAGTCAGGCT-1,G1,G1,late,0.14023864,1562.0
ACGGTTATCCATCAGA-1,G2M,G2M,,0.93977666,6006.0
ACGGTTATCCATCTAC-1,G2M,G2M,,0.9132213,4962.0
ACGGTTATCCTGATCT-1,G2M,G2M,,0.97058237,6737.0
ACGGTTATCGAACCAC-1,G2M,G2M,,0.9367627,5874.0
ACGGTTATCGCATCAA-1,G2M,G2M,,0.9374583,5909.0
ACGGTTGCAACATTGA-1,G1,G1,late,0.20487908,2571.0
ACGGTTGCACCAACCT-1,G1,S,late,0.11465011,1125.0
ACGGTTGCATGCGTAG-1,S,G1,,0.90148056,4595.0
ACGTAACCAAGCGGTC-1,G1,G1,late,0.21971981,2710.0
ACGTAACCATTAGTTC-1,G1,G1,late,0.04996338,157.0
ACGTCAATCACTAGCA-1,G1,G1,late,0.08809355,656.0
ACGTCAATCGTTCATC-1,G1,G1,late,0.09190008,722.0
ACGTCCCTCCTCACGC-1,G1,G1,early,0.15957038,1905.0
ACGTCCTCATCGAACG-1,S,S,,0.8958522,4455.0
ACGTCTAAGGTACGGA-1,G1,G1,late,0.11367833,1103.0
ACGTCTAAGTGCTGAC-1,G2M,G2M,,0.9174713,5090.0
ACGTCTAAGTTACGCA-1,G1,G1,late,0.15730594,1857.0
ACGTGAGAGAATCACT-1,G1,G1,late,0.20792514,2602.0
ACGTGAGAGCCACTCC-1,G1,G1,early,0.08324398,591.0
ACGTGAGAGGGGACAC-1,G1,G1,early,0.18268107,2284.0
ACGTGAGAGTGAAGCG-1,G2M,G1,,0.9411922,6069.0
ACGTGAGAGTTGCAGC-1,S,G1,,0.83426285,3468.0
ACGTGGTTCCGGAACT-1,G2M,S,,0.92678183,5424.0
ACGTGTTGTTAACGTC-1,G1,G1,late,0.17708175,2198.0
ACGTTAACAAAGGAAT-1,G1,G1,late,0.11376981,1104.0
ACGTTAACATCGACAG-1,G2M,S,,0.88602906,4230.0
ACGTTAGTCCGGGTCA-1,G2M,G1,,0.9316449,5649.0
ACGTTATAGTGTCCTT-1,G2M,G1,,0.91506547,5013.0
ACGTTCAAGATTGCTG-1,G1,G1,late,0.1531153,1787.0
ACGTTCAAGGCACAGA-1,G2M,G1,,0.91258687,4946.0
ACGTTCCCAAGTGAGA-1,G1,G1,late,0.058919724,251.0
ACGTTCCCAGGATACT-1,G2M,G2M,,0.92963934,5559.0
ACGTTTGAGATTACGT-1,G1,G1,late,0.20491216,2572.0
ACGTTTGAGATTCCCT-1,G2M,S,,0.92693156,5433.0
ACGTTTGAGGATAGGT-1,G1,G1,late,0.17039822,2085.0
ACTAACTAGGGGCAAC-1,G1,G1,late,0.1865712,2350.0
ACTAAGCCACCTCGCA-1,G1,G1,late,0.07721214,504.0
ACTAAGCCACTACCGT-1,S,G1,,0.87028587,3868.0
ACTAAGGGTAGTTGGA-1,G2M,G1,,0.8725728,3920.0
ACTAAGGGTTATGTCA-1,G2M,G2M,,0.93667775,5870.0
ACTAAGGGTTCCCGTT-1,G2M,G2M,,0.96727395,6689.0
ACTAAGGGTTGCGTAT-1,G2M,G1,,0.95615715,6492.0
ACTAATGCAATCTCCA-1,S,G1,,0.86036074,3705.0
ACTACAACACTAGCAG-1,G1,S,late,0.15086511,1749.0
ACTACATAGCCGACAT-1,G2M,G1,,0.9358679,5820.0
ACTACATAGCTGGATC-1,G2M,G1,,0.93064827,5606.0
ACTACATAGGCGATAG-1,G2M,G2M,,0.9415586,6085.0
ACTACATAGGGTCACT-1,G2M,G2M,,0.9173742,5088.0
ACTACATAGTGAGCAG-1,G1,G1,early,0.13182177,1442.0
ACTACCAAGTCAGGTC-1,G1,G1,late,0.22642916,2755.0
ACTACCTTCATGCGCG-1,G2M,G2M,,0.93691385,5883.0
ACTACTTCACCACATC-1,G2M,S,,0.9226379,5279.0
ACTACTTCATGGTGTG-1,G2M,G1,,0.92903984,5527.0
ACTATCAGTAATGTGG-1,G1,G1,late,0.07062637,401.0
ACTATCAGTAGTGACA-1,G2M,S,,0.9115005,4911.0
ACTATCCTCCTTCATA-1,G2M,G2M,,0.9873035,6875.0
ACTATCCTCGATTCCT-1,G2M,G2M,,0.948229,6309.0
ACTATCTCAATATGCA-1,G1,G1,late,0.040950153,80.0
ACTATTCCAGCTCAAG-1,G1,G1,early,0.060275093,270.0
ACTCAATAGTGCTGTA-1,G1,G1,late,0.12437638,1316.0
ACTCACAAGTCAGTGC-1,G2M,G2M,,0.93276834,5693.0
ACTCACCCAATCCGTC-1,G1,G1,late,0.1369769,1515.0
ACTCACCCATGGTGCA-1,G2M,G2M,,0.91219467,4936.0
ACTCACTTCACATGGC-1,G2M,G2M,,0.9093651,4851.0
ACTCAGGCATAACTTC-1,G2M,G1,,0.9844167,6863.0
ACTCATTCAAATCGTA-1,S,S,,0.8669157,3806.0
ACTCATTCAACCAGAT-1,G1,G1,early,0.094555125,761.0
ACTCATTCAAGCGGTC-1,G1,S,late,0.22929326,2766.0
ACTCATTCAGTTGGTG-1,G2M,G1,,0.9399553,6013.0
ACTCATTCATCACGTC-1,G2M,S,,0.89198107,4359.0
ACTCATTCATGGAGCC-1,S,S,,0.78169525,3310.0
ACTCCAAAGTGATCCA-1,G2M,G2M,,0.9261326,5401.0
ACTCCACCAATCGTGG-1,G1,G1,late,0.22050636,2719.0
ACTCCACCATGGCTGA-1,G1,G1,late,0.1782034,2216.0
ACTCCCATCACTATCC-1,G1,G1,early,0.042127676,92.0
ACTCCCATCGCTCGTC-1,G2M,G2M,,0.9213711,5220.0
ACTCCCATCTATGTGG-1,S,S,,0.8961888,4463.0
ACTCCCGCAAGTAGAG-1,G1,G2M,late,0.12980045,1412.0
ACTCCCGCACATAGCG-1,G2M,G1,,0.837883,3493.0
ACTCCCTGTTCAAGCT-1,G2M,G1,,0.956506,6498.0
ACTCCGCTCAGTAGGG-1,G1,S,late,0.16983172,2077.0
ACTCCGCTCGTGCTAA-1,G2M,G1,,0.9062522,4757.0
ACTCCTTAGCCACGCA-1,G2M,G1,,0.94776714,6294.0
ACTCCTTAGGATGTCC-1,G1,G1,late,0.18224218,2277.0
ACTCCTTAGGTGACTC-1,G2M,G2M,,0.93734366,5904.0
ACTCCTTAGTCGCTCC-1,G1,G1,late,0.13706166,1518.0
ACTCGAATCCGCAGTG-1,G1,G1,early,0.046138436,120.0
ACTCGAATCCTCACGC-1,G1,G1,late,0.10465031,925.0
ACTCGATGTTCGTCTC-1,G1,G1,early,0.06435658,309.0
ACTCGATGTTCTGGGC-1,G1,G2M,early,0.06812239,359.0
ACTCGCCTCCCAGATA-1,G1,S,late,0.22175282,2728.0
ACTCGCCTCCGCTAGG-1,G2M,G1,,0.9467939,6260.0
ACTCGCCTCCTGCATT-1,G1,G1,late,0.16980204,2076.0
ACTCGTCCAAATCGAC-1,G1,S,late,0.10170288,882.0
ACTCGTCCACATGATA-1,S,G1,,0.8724405,3917.0
ACTCGTCCATGATCGG-1,G1,S,late,0.2079241,2601.0
ACTCGTTTCGTGATTG-1,S,G1,,0.7892227,3322.0
ACTCTCACAACTCGGA-1,G2M,G1,,0.92219394,5260.0
ACTCTCACATAAGTTG-1,G2M,G1,,0.95031923,6363.0
ACTCTGTTCACACCAA-1,G2M,S,,0.9471885,6272.0
ACTCTGTTCACACTAG-1,G1,G1,early,0.056296974,219.0
ACTCTTGCAATGCCAG-1,S,S,,0.8615786,3724.0
ACTCTTGCACAAGCAT-1,S,S,,0.8719718,3911.0
ACTGAACCAAATCGCG-1,G1,G1,early,0.11058004,1050.0
ACTGAACCAAGCATTA-1,G2M,G1,,0.97101486,6750.0
ACTGAACCAAGTCCCT-1,S,G2M,,0.879546,4072.0
ACTGAACCAATCAAGC-1,S,G1,,0.9079527,4812.0
ACTGAACCACCTATGC-1,G2M,G2M,,0.9387297,5962.0
ACTGAAGGTAACTCGT-1,S,S,,0.87882847,4057.0
ACTGAAGGTTAAGCAG-1,S,G1,,0.52603275,3042.0
ACTGAAGGTTTCCTCA-1,S,G1,,0.8773714,4028.0
ACTGAGGAGATTGCTG-1,G2M,G1,,0.92682093,5426.0
ACTGAGGAGTTGCGTA-1,G2M,G2M,,0.9480739,6302.0
ACTGATTAGGGCCATT-1,G2M,G1,,0.8651,3779.0
ACTGCAATCCGCACGA-1,G2M,G1,,0.9546944,6464.0
ACTGCCCTCACGTGCG-1,G1,S,late,0.0898752,680.0
ACTGCCCTCCGCCTGT-1,S,S,,0.85359806,3616.0
ACTGCCTCAAGCGATT-1,G1,G1,late,0.09311241,740.0
ACTGCTGGTAATGCCT-1,G1,G1,late,0.06911118,376.0
ACTGCTGGTATGTGCT-1,S,G2M,,0.90353376,4653.0
ACTGCTGGTTCAAGCT-1,S,G1,,0.673029,3169.0
ACTGGGTTCAATTAGC-1,S,G1,,0.56970316,3085.0
ACTGGTTGTCATCCGA-1,G1,G2M,late,0.18706857,2356.0
ACTGGTTGTTGTGCCA-1,S,G1,,0.8847899,4205.0
ACTGTCAAGTCAACCA-1,G2M,G1,,0.9379895,5933.0
ACTGTCAAGTGTCAAT-1,G1,G1,late,0.11572743,1146.0
ACTGTGATCGATGCTA-1,G1,G1,late,0.12985678,1414.0
ACTGTGATCGCGCCAA-1,G1,S,early,0.117860496,1191.0
ACTGTTAGTGGACAGT-1,G2M,G2M,,0.8990522,4525.0
ACTGTTAGTGGGTCCT-1,G1,G1,late,0.045089196,111.0
ACTGTTGAGCCACAGT-1,G2M,G1,,0.9156066,5031.0
ACTGTTGAGCGACTGT-1,G1,G1,late,0.118283704,1199.0
ACTTAACAGGGGACTA-1,G2M,G1,,0.974538,6794.0
ACTTAACAGGTATAGA-1,S,G1,,0.76382273,3271.0
ACTTAACAGTTGCGTA-1,G2M,G1,,0.9111117,4903.0
ACTTACCTCAAGTGAA-1,G2M,G1,,0.96037626,6571.0
ACTTACCTCAGCACTA-1,S,S,,0.88354546,4178.0
ACTTAGGTCCATGAAT-1,G1,G1,late,0.13550274,1493.0
ACTTATGGTAAGCGAC-1,S,G1,,0.43755427,2973.0
ACTTATGGTTCACCTC-1,G1,G1,early,0.17281279,2126.0
ACTTATGGTTGGTTCG-1,G1,G1,late,0.18301198,2288.0
ACTTCATCAATCTCAT-1,G2M,G2M,,0.9316301,5648.0
ACTTCATCATGATCGG-1,G1,G1,late,0.17491052,2162.0
ACTTCGCCAATACGCG-1,G1,G1,late,0.12419353,1311.0
ACTTCGCCAATTCAGA-1,S,S,,0.43002146,2971.0
ACTTCGCCACTTGGTC-1,G2M,G2M,,0.945428,6227.5
ACTTCGCCATGCTCAC-1,G1,G1,late,0.17598477,2176.0
ACTTCTATCCTTCACG-1,G1,S,early,0.15390201,1805.0
ACTTGCTTCCATTGCT-1,G1,G1,early,0.17557512,2173.0
ACTTGCTTCGCATCGG-1,S,S,,0.8998854,4550.0
ACTTGGATCCATGTCT-1,G1,G1,late,0.11625142,1156.0
ACTTGGGCAAGCTCCT-1,G1,G1,late,0.21058545,2628.0
ACTTGGGCAATGCGTG-1,G2M,G1,,0.933525,5735.0
ACTTGGGCATTACGTT-1,G2M,S,,0.96064144,6575.0
ACTTTAGGTAATCGAG-1,G1,G1,late,0.11602034,1153.0
ACTTTAGGTATGGACA-1,G1,G1,late,0.22171234,2727.0
ACTTTCATCAGGTCCG-1,G2M,G1,,0.9331224,5716.0
ACTTTCGCATGGCAAT-1,G2M,G1,,0.9459457,6246.0
ACTTTGAGTCTTGGGC-1,G1,G1,late,0.06128288,283.0
ACTTTGAGTTATCGCG-1,S,G2M,,0.9100782,4876.0
ACTTTGCTCCATCCCA-1,G1,G1,early,0.051576685,177.0
ACTTTGCTCGCATCCC-1,G1,G1,early,0.108367056,1010.0
ACTTTGCTCGTGACCG-1,G1,G1,late,0.06712369,349.0
ACTTTGCTCTAAGTAC-1,G1,G2M,early,0.051470377,174.0
ACTTTGGAGCGCGATT-1,G1,G2M,late,0.14658643,1672.0
AGAAGGTTCGAATGGG-1,G1,G1,late,0.18150218,2267.0
AGAAGGTTCGCGCAAT-1,S,G1,,0.6846922,3176.0
AGAAGTCAGCGATCAC-1,G2M,S,,0.9005557,4567.0
AGAAGTCAGGCGCTTG-1,G2M,S,,0.90113443,4579.0
AGAAGTCAGTTACGTG-1,G1,G1,late,0.18265764,2282.0
AGAAGTTGTTGTCCAG-1,G1,G1,late,0.19450611,2455.0
AGAATAGTCAATGTCG-1,S,S,,0.8001551,3349.0
AGAATAGTCAGCGGAA-1,S,S,,0.8900179,4313.0
AGAATAGTCTAGCGCG-1,G1,G1,late,0.19261092,2429.0
AGAATTGAGCTACGGT-1,S,G1,,0.9369532,5886.0
AGACAACAGGTTGGTC-1,G2M,G2M,,0.93608534,5835.0
AGACAACAGTAGAGGT-1,G1,S,late,0.10359855,909.0
AGACACAGTTGACCGC-1,G1,G1,late,0.14120623,1578.0
AGACAGACAGCTCAGA-1,G1,S,late,0.19194402,2419.0
AGACATAAGGTCCAGT-1,G2M,G2M,,0.95386153,6446.0
AGACATAAGTTAGGCC-1,G2M,G2M,,0.91898775,5144.0
AGACATCCAATACTGA-1,G1,G1,late,0.16164118,1945.0
AGACATCCAATGGAAG-1,G2M,G2M,,0.9124457,4941.0
AGACATCCAGTAAGGA-1,S,G1,,0.8742535,3962.0
AGACATCCATGGTCGA-1,G1,G1,late,0.10511108,938.0
AGACATCCATGTCGTC-1,G1,G1,late,0.15427259,1814.0
AGACATGGTGGGTTAA-1,S,S,,0.8649698,3776.0
AGACGAACAAAGGTGA-1,S,G1,,0.8882195,4271.0
AGACGAACAAGCTAGT-1,G1,G1,late,0.173221,2135.0
AGACGAACACATGACG-1,G2M,S,,0.9306919,5609.0
AGACGAACAGTACTAA-1,G1,G1,late,0.17260067,2122.0
AGACGATAGGCACGTT-1,S,G1,,0.9177463,5100.0
AGACGATAGTGAGTCC-1,S,G1,,0.91370857,4974.0
AGACGCAAGCATAGCC-1,G2M,G2M,,0.9695377,6722.0
AGACGCAAGCGCAACT-1,G2M,G1,,0.92522544,5367.0
AGACGCAAGCTAGATT-1,G2M,G2M,,0.9333926,5728.0
AGACGCAAGGTTAGCC-1,S,G1,,0.78651667,3316.0
AGACGCGGTTAGCCCA-1,G2M,S,,0.9028196,4632.0
AGACGCGGTTCACCGA-1,G1,G1,late,0.18639922,2344.0
AGACGGATCGCTGGAT-1,G1,G1,late,0.20448565,2564.0
AGACGGATCGTCTCGC-1,G1,G1,late,0.14337942,1612.0
AGACGGGCAATCTACT-1,G1,G1,late,0.10738786,993.0
AGACGGGCATCGTAGG-1,G2M,S,,0.9442652,6184.0
AGACGTAGTGAAGCTA-1,S,S,,0.87358737,3944.0
AGACGTAGTTGAGCGG-1,G2M,S,,0.9234364,5303.0
AGACGTAGTTGCAGGG-1,S,G2M,,0.90907276,4840.0
AGACGTTCAGGAACTT-1,G2M,G2M,,0.9223421,5266.0
AGACGTTCATTAGGGT-1,S,G1,,0.8779209,4037.0
AGACTCGCAAACCGGC-1,G1,G1,late,0.14270586,1605.0
AGACTGCTCCATCGTT-1,S,G2M,,0.81169134,3381.0
AGACTGCTCCTCTCTC-1,G2M,G1,,0.9364733,5858.0
AGACTTACAAGCTGGC-1,G1,G1,late,0.11793137,1193.0
AGACTTACAATCGGCA-1,S,G1,,0.8610622,3716.0
AGACTTACACAATGAC-1,G1,G1,late,0.15962695,1907.0
AGACTTACAGCTATCC-1,S,G1,,0.7477106,3243.0
AGAGAATCAAGCACTG-1,G2M,G2M,,0.9159573,5042.0
AGAGAATCAAGTGGCC-1,G1,G1,late,0.120753795,1243.0
AGAGAATCAGGATAGA-1,S,S,,0.8739482,3951.0
AGAGAATCATTCGCTA-1,G1,G1,late,0.056921158,226.0
AGAGACCGTGGCGTAG-1,G1,S,late,0.15277028,1784.0
AGAGACTAGCCTCTGC-1,G1,G1,late,0.17865941,2221.0
AGAGACTAGTCATGGC-1,G1,G1,late,0.11912763,1221.0
AGAGAGAAGGCAACTC-1,G2M,S,,0.9425188,6120.0
AGAGAGGGTGAGATAT-1,G1,S,late,0.11861698,1209.0
AGAGAGGGTTGCGTGC-1,S,G1,,0.87030625,3869.0
AGAGATGCAATACGAC-1,G1,G1,late,0.18161264,2268.0
AGAGATGCAGCTACAG-1,G2M,S,,0.97375447,6786.0
AGAGATTGTTAGAGTG-1,G2M,G1,,0.958905,6542.0
AGAGGCATCCAGAGCT-1,G2M,G1,,0.85504925,3632.0
AGAGGCATCCTGTAAG-1,G1,G1,late,0.1049622,932.0
AGAGGCATCGACCGTG-1,S,G1,,0.8808691,4114.0
AGAGGCGCAAACTTAG-1,G1,S,late,0.100202784,851.0
AGAGGCGCATCCCGTG-1,G1,S,late,0.13998944,1558.0
AGAGGCTGTCAGGATA-1,G1,G1,late,0.08339123,594.0
AGAGGCTGTTGAGTGA-1,S,G1,,0.787769,3317.0
AGAGGGTCACTATATC-1,G1,G1,late,0.07224285,421.0
AGAGTAATCAGCTACA-1,G2M,,,0.84067917,3511.0
AGAGTAATCCATCAAG-1,S,G2M,,0.870568,3879.0
AGAGTATGTTCCTTGC-1,S,G1,,0.8602487,3703.0
AGAGTCAGTGGACCTC-1,G2M,S,,0.9436663,6163.0
AGAGTCCTCATCAGTG-1,G2M,G1,,0.8943159,4416.0
AGAGTCCTCCGGGTAT-1,S,G1,,0.8591318,3689.0
AGAGTCCTCGACCAAC-1,G1,G1,late,0.11359673,1098.0
AGAGTCCTCTATCGGA-1,G2M,G1,,0.84723794,3558.0
AGAGTTGGTGAGCATA-1,S,S,,0.82423425,3425.0
AGAGTTGGTGGACATA-1,G1,S,late,0.1912976,2414.0
AGCAAATGTAGTAGGC-1,G1,G1,late,0.22226214,2730.0
AGCAAATGTAGTAGTG-1,G1,G1,early,0.0709979,406.0
AGCAACCTCCTCAGCC-1,G1,G1,late,0.16387086,1976.0
AGCAAGGTCTGGGCAT-1,S,G1,,0.9361993,5842.0
AGCAATCCAATAGGGA-1,S,G1,,0.92176396,5237.0
AGCAATCCAATCTCGC-1,S,S,,0.87027293,3867.0
AGCAATCCACTCGCTG-1,G2M,G2M,,0.9317809,5654.0
AGCAATCCATAAGGCT-1,G1,G1,late,0.104059465,916.0
AGCAATTTCCCATATC-1,G2M,G1,,0.90733874,4789.0
AGCAATTTCGAGCACT-1,G1,G1,early,0.080991626,557.0
AGCACCACACTATCAT-1,G2M,G1,,0.9416022,6088.0
AGCACCACATCCCGTG-1,G1,G1,late,0.15020426,1731.0
AGCACGCCACTTCGTA-1,S,S,,0.8497604,3576.0
AGCACGCCATTCGGCT-1,G2M,G2M,,0.9384275,5947.0
AGCACGTTCCTCGTGC-1,G2M,G2M,,0.9129092,4956.0
AGCACGTTCCTTGGTT-1,G1,G1,late,0.19749385,2491.0
AGCACTATCAGCCCAG-1,G1,G1,early,0.052391127,188.0
AGCACTATCAGTGCCG-1,G2M,G2M,,0.98035586,6847.0
AGCACTATCATGGACC-1,G2M,G2M,,0.9557654,6487.0
AGCACTATCGATTCCT-1,G1,G1,early,0.04633976,123.0
AGCACTTGTCTCCACT-1,G2M,S,,0.9798624,6842.0
AGCACTTGTTGTAGCT-1,G1,G1,late,0.17908968,2228.0
AGCAGCAAGCAAGGAT-1,G2M,G1,,0.89647615,4467.0
AGCAGCAAGCAATTAC-1,G2M,G2M,,0.94186586,6093.0
AGCAGCAAGCGGTCAT-1,G2M,S,,0.9086023,4828.0
AGCAGCAAGTAGAGGT-1,G2M,G1,,0.97095656,6749.0
AGCAGGATCCGGTATA-1,S,G1,,0.87152797,3900.0
AGCAGGATCTATCTGC-1,S,S,,0.8820175,4138.0
AGCATAGGTTAACCCG-1,G2M,G1,,0.9210814,5213.0
AGCATATTCAATGTCG-1,S,S,,0.8907395,4330.0
AGCATATTCACAGGCT-1,S,S,,0.84733045,3560.0
AGCATATTCGCTCCTA-1,G1,G1,late,0.080503665,545.0
AGCATCATCCCGCTGT-1,G2M,G1,,0.86458987,3771.0
AGCATCATCCCTGTAT-1,G1,G1,early,0.048988625,147.0
AGCATCATCTAGGCAC-1,G1,G1,late,0.18765426,2366.0
AGCATCGCAAGTTCCC-1,G2M,G1,,0.9809466,6851.0
AGCATCGCAGCACTTC-1,G1,G1,late,0.23699406,2791.0
AGCATCGCAGGACTTG-1,G2M,G2M,,0.9348149,5782.0
AGCATCGCATTCATGT-1,G2M,G2M,,0.94576794,6240.0
AGCATCTGTCATCCCT-1,G2M,G1,,0.9404305,6031.0
AGCATGAGTTCACGGC-1,S,G1,,0.84393495,3530.0
AGCATGAGTTGTGACT-1,G1,G1,late,0.11712696,1171.0
AGCATGAGTTTCCTCA-1,G1,G1,early,0.07015906,394.0
AGCATGGAGCTAACCA-1,G1,G1,late,0.05303035,193.0
AGCATTGTCCTTCATA-1,S,G1,,0.777436,3303.0
AGCATTTAGGCGTTCG-1,G1,G1,late,0.1258555,1344.0
AGCATTTAGTGATGCC-1,G1,G1,early,0.07798229,513.0
AGCCAAAGTCCATACG-1,G2M,G1,,0.92626387,5404.0
AGCCACTAGCAGTTCA-1,G2M,G1,,0.9472477,6273.0
AGCCACTAGGATTCAT-1,G2M,G1,,0.90642065,4760.0
AGCCAGCCAGGATCGC-1,G2M,G1,,0.90135527,4588.0
AGCCAGCCATCACGAG-1,S,G1,,0.6755696,3172.0
AGCCATCAGCCATGCG-1,G1,G1,early,0.04836238,142.0
AGCCATCAGGTATGAA-1,G2M,G2M,,0.9359305,5825.0
AGCCATCAGTAGGTCC-1,G2M,G2M,,0.9287286,5519.0
AGCCATCAGTGCCCAG-1,G1,G1,late,0.19750963,2492.0
AGCCATTGTCTAGAGA-1,G1,G1,early,0.118397355,1204.0
AGCCATTGTTGCCTTC-1,G2M,G2M,,0.9124984,4942.0
AGCCCAACAACCGCTT-1,G1,G1,late,0.30255383,2865.0
AGCCCAACAAGCCACA-1,G1,G1,late,0.20571423,2577.0
AGCCCAACAAGCTGAT-1,G1,S,late,0.184294,2310.0
AGCCCATAGATTGGCC-1,G1,G1,early,0.08309464,585.0
AGCCCATAGCCAACTA-1,S,G1,,0.89670897,4473.0
AGCCCATAGCCATTGA-1,S,G2M,,0.90128344,4586.0
AGCCCATAGGTCGAAG-1,G2M,G1,,0.9224755,5272.0
AGCCCCTTCTGGATAT-1,S,G1,,0.8806686,4108.0
AGCCCGATCACTAGCA-1,G2M,G2M,,0.9207726,5199.0
AGCCCGATCCTGAATG-1,G2M,G2M,,0.95360994,6440.0
AGCCCGATCGCATCGG-1,G2M,S,,0.76884496,3283.0
AGCCCTAGTAGTCAAG-1,G1,G1,late,0.10104293,870.0
AGCCCTAGTTTACCAA-1,G1,G1,late,0.14701718,1679.0
AGCCGAAAGGGGTAGC-1,G1,G1,late,0.15626271,1842.0
AGCCGATTCAGCTCAA-1,S,G1,,0.9290419,5528.0
AGCCGATTCCACCATT-1,S,G1,,0.91891557,5142.0
AGCCGATTCCTTGAGA-1,G1,G1,late,0.08852018,661.0
AGCCGTTAGCGAACTC-1,G2M,G1,,0.9474298,6278.0
AGCCGTTAGGGGATCA-1,G1,G1,late,0.1052173,943.0
AGCCTCAGTCCATATA-1,S,S,,0.90195936,4610.0
AGCCTCAGTCTAGAGA-1,G1,G1,late,0.14342028,1613.0
AGCCTCAGTTGCTTGG-1,S,G1,,0.83679116,3482.0
AGCCTCCTCATCGTTC-1,G1,G1,late,0.040079128,76.0
AGCCTCTCACATGCTC-1,G1,G1,late,0.06206516,293.0
AGCCTGACACAGCGTA-1,S,S,,0.83323723,3462.0
AGCCTGACATCCGTGT-1,G2M,G1,,0.93156314,5645.0
AGCCTGGTCAATCACG-1,G1,S,early,0.17127474,2103.0
AGCCTGGTCACTCTGT-1,G1,G1,late,0.14986412,1723.0
AGCCTGGTCCTCACCA-1,G1,G1,late,0.14951202,1719.0
AGCCTTGGTAACGCAA-1,G2M,G2M,,0.9382842,5941.0
AGCCTTGGTCATCGCA-1,S,S,,0.8629181,3745.0
AGCCTTGGTTGGAATG-1,G1,G1,late,0.106667474,979.0
AGCCTTGGTTGGATTC-1,G1,G2M,late,0.2111853,2633.0
AGCCTTGGTTTGCATA-1,S,S,,0.51010364,3033.0
AGCGAATAGGCTACAC-1,G2M,G1,,0.81595683,3395.0
AGCGAATAGGTGCATC-1,G2M,S,,0.8914678,4347.0
AGCGAATAGTCATAGT-1,G2M,G1,,0.9258888,5391.0
AGCGACAAGGTTGGAG-1,G1,G1,late,0.20399573,2556.0
AGCGACCCAATCCTTG-1,G1,G2M,late,0.1642381,1981.0
AGCGACCCACTTGGTC-1,S,G1,,0.8601581,3701.0
AGCGACCCATTAACCT-1,G2M,G2M,,0.92864877,5512.0
AGCGAGGCAGCTCTCG-1,S,G1,,0.84728575,3559.0
AGCGAGGCATCACGCT-1,G2M,G2M,,0.937886,5927.0
AGCGATAGTCTTGGTG-1,G1,G1,late,0.19765903,2495.0
AGCGATGAGCTACCGG-1,S,G2M,,0.9019406,4609.0
AGCGATGAGGTACAGG-1,G1,G1,late,0.2210746,2723.0
AGCGATTCAGTTGGCA-1,G2M,G2M,,0.9184975,5127.0
AGCGATTCATCGCTTA-1,S,S,,0.5847397,3097.0
AGCGATTCATTAGACA-1,G1,G1,late,0.07366788,442.0
AGCGATTCATTCGCCG-1,G2M,S,,0.9195693,5162.0
AGCGCACCAAATCAGC-1,G1,G1,late,0.07172302,414.0
AGCGCACCAACCTACC-1,G1,G1,early,0.05216857,184.0
AGCGCACCAATCCGCT-1,G2M,G2M,,0.9079136,4810.0
AGCGCACCACCTTAAT-1,G1,S,late,0.13200985,1445.0
AGCGCACCACTTACTG-1,G1,G1,late,0.10349408,906.0
AGCGCACCAGCTACGA-1,S,S,,0.8581692,3665.0
AGCGCACCAGTTGCTC-1,S,G1,,0.9139786,4986.0
AGCGCAGGTAGGCGTG-1,S,G2M,,0.87366617,3946.0
AGCGCAGGTGGAGAGA-1,G1,G1,late,0.15972568,1910.0
AGCGCATTCACTCGGG-1,S,G1,,0.91156447,4915.0
AGCGCATTCGTAATGT-1,G1,G1,early,0.17778993,2208.0
AGCGCCATCACCCTGC-1,G1,G1,late,0.36831087,2908.0
AGCGCCATCACTTGAG-1,G2M,G2M,,0.945428,6227.5
AGCGCCATCCAGCGTG-1,G1,S,late,0.20228533,2543.0
AGCGCCATCCCTGTGC-1,G2M,G1,,0.9330502,5707.0
AGCGCCATCCTGAGCG-1,G1,S,late,0.18448567,2314.0
AGCGCCATCGCGTCCT-1,G2M,S,,0.9160362,5047.0
AGCGCCATCTAGCCAA-1,G2M,S,,0.8791628,4060.0
AGCGCCATCTGTAAGT-1,S,S,,0.9213512,5219.0
AGCGCCTGTCTGGTGC-1,G2M,G1,,0.95096165,6382.0
AGCGCCTGTTTGGTAC-1,S,G1,,0.8459399,3546.0
AGCGGATGTAACCGGG-1,S,G1,,0.5387581,3050.0
AGCGGATGTAGTGAGC-1,G1,S,late,0.0681987,360.0
AGCGGATGTTCCGCAA-1,G2M,G2M,,0.9119825,4928.0
AGCGGGACATGGCAAT-1,S,S,,0.8604338,3707.0
AGCGGGACATTGACGG-1,G2M,S,,0.9467377,6259.0
AGCGGTAAGCGAGCAA-1,S,G1,,0.7997345,3348.0
AGCGGTAAGGTAAGCG-1,G1,S,late,0.18733163,2361.0
AGCGGTTTCATGACTG-1,G1,G1,late,0.12548418,1332.0
AGCGTAAGTCATCACG-1,G1,G1,late,0.18735051,2363.0
AGCGTAAGTTAGGTGA-1,G1,G1,late,0.13077027,1425.0
AGCGTCCGTCAGTCGC-1,G1,G1,late,0.15924172,1892.0
AGCGTTATCAATTAGC-1,S,S,,0.8706031,3880.0
AGCGTTGCAGTTAATG-1,G1,G1,late,0.22426957,2743.0
AGCGTTGCATCCCATA-1,G1,G1,late,0.17415446,2151.0
AGCTAACCAGTACCTC-1,G1,G1,early,0.16713795,2032.0
AGCTAAGGTAAGCTGA-1,S,G1,,0.87322646,3936.0
AGCTAAGGTCCATTCC-1,G1,G1,early,0.10598269,967.0
AGCTAAGGTGCGTGAG-1,G1,G1,late,0.12447138,1320.0
AGCTAAGGTTTCGACG-1,G1,G1,early,0.0717922,416.0
AGCTAATTCCTTCGGC-1,S,G2M,,0.8689333,3838.0
AGCTAATTCTGGGATC-1,G1,G1,late,0.16105631,1935.0
AGCTACGCAATGGAAG-1,S,G1,,0.793237,3330.0
AGCTACGCAGCTCGTT-1,S,S,,0.77260447,3292.0
AGCTATGTCCAGGTCG-1,G2M,G1,,0.9684223,6700.0
AGCTGAGAGCCTGTGG-1,S,S,,0.8403537,3506.0
AGCTGGTTCCCTGTGC-1,G1,G1,late,0.2204123,2717.0
AGCTGTTGTCAATGTC-1,G2M,G1,,0.90761304,4796.0
AGCTGTTGTTAGCTTA-1,G1,G1,late,0.17048651,2087.0
AGCTTAACAAATGGTC-1,G2M,S,,0.94056684,6039.0
AGCTTAACAAGTTCAA-1,G1,G1,late,0.13470697,1482.0
AGCTTAACAGGCTATG-1,G2M,G1,,0.97135186,6755.0
AGCTTACGTCAAGGCG-1,G1,G1,early,0.030406164,30.0
AGCTTAGTCAGCTAAT-1,G2M,G1,,0.9330994,5714.0
AGCTTATAGAAGCCTC-1,G2M,G1,,0.92225975,5263.0
AGCTTATAGCGGTTCG-1,S,S,,0.86545706,3783.0
AGCTTATAGCTATGCA-1,G1,G1,late,0.085997365,624.0
AGCTTATAGGCGTTCG-1,G1,G1,late,0.22722836,2759.0
AGCTTATAGTAACCGC-1,G1,G1,early,0.10573886,961.0
AGCTTATAGTTACCAG-1,G1,G1,late,0.16037084,1924.0
AGCTTTAGTTGACCTG-1,S,G1,,0.8812589,4125.0
AGGAAATCAAAGGAAT-1,G2M,G2M,,0.9446375,6199.0
AGGAATATCATCGACA-1,G2M,G1,,0.90766937,4799.0
AGGACAACAAGTAGTC-1,S,S,,0.5742647,3089.0
AGGACAACAATTGGAC-1,G1,S,late,0.18489206,2318.0
AGGACAACACCTGTAC-1,G2M,G2M,,0.9319794,5664.0
AGGACAACATAGGTCG-1,G1,G1,late,0.18369631,2304.0
AGGACATAGGTACAGG-1,S,G1,,0.9216756,5234.0
AGGACATAGGTTCACA-1,S,G1,,0.7551631,3253.0
AGGACCAAGCGATACC-1,G1,S,late,0.104507975,923.0
AGGACCAAGGGCTCTG-1,G1,G1,early,0.15173784,1765.0
AGGACCAAGTGGCAGA-1,G2M,G1,,0.95742196,6520.0
AGGACCCCAGGGCAGA-1,G2M,G2M,,0.9303387,5592.0
AGGACTAGTCATCGTG-1,S,G2M,,0.90948594,4856.0
AGGACTAGTTATCCAA-1,S,G1,,0.6350665,3141.0
AGGACTGAGCTATGTG-1,G1,G1,late,0.19558713,2463.0
AGGACTGAGTAACCAT-1,G1,G1,late,0.10559028,958.0
AGGACTGAGTTAGCAT-1,S,G2M,,0.9043705,4687.0
AGGAGATTCATGGCGT-1,G2M,S,,0.9194023,5157.0
AGGAGATTCCTGCGCT-1,G1,G1,late,0.18357207,2302.0
AGGAGATTCGACATCA-1,S,G1,,0.81178343,3382.0
AGGAGATTCGTGACTA-1,G1,G1,late,0.17990951,2248.0
AGGAGATTCTGGCCGA-1,G1,G1,late,0.14564545,1661.0
AGGAGCCAGATTGAGA-1,G2M,G1,,0.9545816,6460.0
AGGAGCCAGTGATGCC-1,S,G2M,,0.90247905,4623.0
AGGAGTTAGCCGATAC-1,G1,G1,late,0.079412095,536.0
AGGAGTTAGGCACAGA-1,G2M,G2M,,0.94275516,6134.0
AGGAGTTAGTAGAGTA-1,S,G1,,0.87598,4000.0
AGGATCAGTTATCCGG-1,G2M,,,0.96716374,6687.0
AGGATCAGTTTCGTAA-1,G2M,G1,,0.92324406,5298.0
AGGATTAAGATTGGTT-1,G2M,S,,0.9595669,6556.0
AGGATTAAGTTAGTCG-1,S,G2M,,0.91197115,4927.0
AGGATTGGTTAGAGCA-1,S,G2M,,0.9178748,5104.0
AGGCAAGTCGTTCGTT-1,S,G1,,0.5780111,3090.0
AGGCAATAGCGATTCA-1,G1,S,late,0.19245139,2428.0
AGGCAATAGTCAGTAT-1,G1,S,late,0.14417545,1630.0
AGGCACGGTATGTGGA-1,G1,G1,late,0.16554429,1998.0
AGGCACGGTTATCGTA-1,G1,G1,late,0.18959478,2392.0
AGGCAGGCAGGATGCC-1,G2M,G1,,0.90344006,4650.0
AGGCATAGTCTCACTC-1,G2M,G2M,,0.90951705,4857.0
AGGCATAGTTGCTCAG-1,G1,G1,late,0.10951988,1030.0
AGGCATGAGGGGATCA-1,G2M,G1,,0.9640647,6642.0
AGGCATGAGTCGATCA-1,G1,G2M,early,0.19889952,2507.0
AGGCATGAGTGGCTTA-1,S,G1,,0.8986432,4516.0
AGGCATTCAATGAGTC-1,S,G2M,,0.89546883,4445.0
AGGCCAAAGATAGTAG-1,G1,G1,late,0.15195207,1769.0
AGGCCAAAGGAGGCTA-1,G1,S,late,0.07228072,423.0
AGGCCAAAGGAGTATA-1,G2M,G1,,0.90158564,4598.0
AGGCCAGGTTCACGAT-1,G1,S,late,0.14790805,1694.0
AGGCCATTCCAGATAT-1,G1,G1,late,0.079233065,531.0
AGGCCCATCAGTTGCA-1,G2M,G1,,0.9031312,4641.0
AGGCCCATCCCGTGCT-1,G1,G1,early,0.049859572,155.0
AGGCGGACAAGTGTAC-1,G2M,G2M,,0.95218104,6411.0
AGGCGGACACTCGCTG-1,S,G1,,0.9415916,6087.0
AGGCGGACAGTTGACG-1,G1,G1,late,0.14988199,1724.0
AGGCGGACATAGATGC-1,S,S,,0.9101115,4877.0
AGGCGTTTCACATGCA-1,G2M,G2M,,0.92445225,5340.0
AGGCGTTTCCAGGTTA-1,S,G2M,,0.8519042,3596.0
AGGCGTTTCCGCAAGT-1,S,G1,,0.8855394,4223.0
AGGCGTTTCCGGGTAT-1,G1,G1,late,0.11902208,1219.0
AGGCGTTTCCGTGCGA-1,S,S,,0.7495579,3248.0
AGGCGTTTCGTTCATC-1,G1,G1,late,0.1643134,1984.0
AGGCTCACAATTGCCC-1,G1,G1,late,0.15983507,1912.0
AGGCTCACACAACCTC-1,G1,G1,late,0.052971166,191.0
AGGCTCACATTCATCG-1,G1,G1,late,0.1958949,2466.0
AGGCTCCGTGATAGAT-1,G1,G1,late,0.22410893,2742.0
AGGCTCCGTTAGACCT-1,G1,G1,late,0.029320607,26.0
AGGCTTATCAGGACAG-1,G2M,G2M,,0.9199968,5171.0
AGGCTTATCATGCAAT-1,S,G1,,0.8548239,3627.0
AGGCTTATCCGCCAAG-1,G1,G1,late,0.12765557,1373.0
AGGCTTATCGACCCAG-1,S,S,,0.8670688,3809.0
AGGCTTGCAAGGTCGC-1,G1,,late,0.22684917,2758.0
AGGCTTGCAGGACTTG-1,G1,G1,early,0.041006908,81.0
AGGCTTGCATGACAGT-1,G1,G1,late,0.125937,1345.0
AGGCTTGCATTGGCGA-1,G2M,S,,0.889141,4291.0
AGGGAACCAAGTTAGC-1,G1,G1,late,0.08946526,676.0
AGGGAACCAATCCTAT-1,G2M,S,,0.91176116,4921.0
AGGGAACCACCAGGGT-1,S,G1,,0.89217764,4364.0
AGGGAAGGTCAGGACG-1,G1,G1,late,0.15877116,1877.0
AGGGAGTCAAATGCTA-1,S,S,,0.84699506,3554.0
AGGGAGTCAATACCTT-1,G1,G2M,late,0.1861926,2337.0
AGGGAGTCAATTCGCC-1,G1,G1,late,0.17250802,2119.0
AGGGAGTCAGCTCTGT-1,S,S,,0.90336573,4649.0
AGGGATTAGCGGTCCA-1,G2M,S,,0.88072515,4110.0
AGGGATTAGCTACAGC-1,G1,G1,late,0.18338823,2297.0
AGGGATTAGCTATCCT-1,S,G1,,0.83903414,3500.0
AGGGATTAGTCAGCGT-1,S,G1,,0.86341906,3753.0
AGGGCAATCAATCAGT-1,S,S,,0.91913867,5147.0
AGGGCAATCACATTCC-1,G1,S,early,0.20138799,2531.0
AGGGCAATCCTCTCTC-1,G2M,S,,0.88690925,4245.0
AGGGCAATCGACATTG-1,S,G1,,0.8361358,3478.0
AGGGCAATCGACCCAG-1,G1,G1,late,0.06616991,335.0
AGGGCATGTTTACGGT-1,G1,G1,late,0.1366276,1511.0
AGGGCTAAGTTACACG-1,G1,G1,early,0.09256434,734.0
AGGGCTGGTAGCGGAT-1,G2M,G2M,,0.91106457,4901.0
AGGGCTGGTTGGCCTA-1,G2M,S,,0.91698897,5076.0
AGGGGTTGTAATCGGA-1,S,G1,,0.9127541,4952.0
AGGGGTTGTTCCCTGT-1,G1,G1,late,0.19959421,2516.0
AGGGGTTGTTTGGCAT-1,S,G1,,0.40387473,2944.0
AGGGTACGTGCGATCC-1,G1,S,late,0.19377483,2445.0
AGGGTACGTTGAGTGA-1,G2M,G1,,0.9458903,6243.0
AGGGTCAAGGATGATA-1,S,G2M,,0.9025348,4626.0
AGGGTTAGTTAGGGTA-1,G1,G1,late,0.123172164,1288.0
AGGGTTGAGATTGCAT-1,G2M,G1,,0.936213,5844.0
AGGGTTGAGCCCGTTC-1,S,G2M,,0.88221216,4143.0
AGGTAAATCCGCGTCT-1,G1,G1,late,0.1296281,1407.0
AGGTAAATCCTTCCTC-1,G1,G1,late,0.124376796,1317.0
AGGTAACAGATTCACG-1,G1,,early,0.031436663,36.0
AGGTAACAGCTGGATC-1,G1,G1,late,0.10953905,1031.0
AGGTAATGTGATGAAT-1,G2M,G2M,,0.94143397,6078.0
AGGTAGTAGCGATAGG-1,S,S,,0.91319305,4961.0
AGGTATGGTAGTGTGA-1,G2M,S,,0.92979205,5567.0
AGGTATGGTTCGATAC-1,S,S,,0.8627126,3739.0
AGGTATGGTTGTGGAA-1,G2M,G1,,0.86414516,3764.0
AGGTGATAGATAGGCG-1,S,G1,,0.47314876,3004.0
AGGTGATAGCTTCCCA-1,S,G1,,0.49443159,3016.0
AGGTGATAGGCTCCGA-1,G1,G1,late,0.16682531,2027.0
AGGTGATAGTAATCGT-1,S,G1,,0.91614705,5051.0
AGGTGATAGTGAAGCG-1,S,S,,0.94242626,6115.0
AGGTGCAAGCCTGGAT-1,G2M,S,,0.92537576,5371.0
AGGTGCAAGGTCGAGA-1,G1,G1,late,0.13441297,1479.0
AGGTGCTTCACGGACT-1,G1,G1,late,0.1590231,1884.0
AGGTGCTTCAGCGGAA-1,G2M,G1,,0.9385971,5956.0
AGGTGCTTCATCTGGA-1,S,S,,0.85443515,3624.0
AGGTGCTTCGCTGAGT-1,S,S,,0.83272415,3454.0
AGGTGCTTCTAGCTGA-1,S,G2M,,0.9376535,5916.0
AGGTGTGAGTGATGAA-1,G1,G1,late,0.15684599,1850.0
AGGTGTGAGTGCTGGT-1,S,S,,0.9178482,5102.0
AGGTGTGAGTTGGTGC-1,G2M,G1,,0.9356865,5812.0
AGGTTAAAGGATGGGC-1,S,G1,,0.39682063,2931.0
AGGTTAGGTATGTGAG-1,G1,G1,late,0.10485655,929.0
AGGTTAGGTGAGCGAT-1,S,S,,0.8790446,4058.0
AGGTTAGGTTAGAGGC-1,G1,G1,late,0.20460801,2566.0
AGGTTCATCCAACTCT-1,G2M,G1,,0.87052846,3877.0
AGGTTCATCGATGGGA-1,S,G2M,,0.89791924,4501.0
AGGTTCATCTAATGAC-1,S,G1,,0.89381504,4405.0
AGGTTGAGTATTGGTC-1,G1,G1,late,0.17104805,2099.0
AGGTTGAGTTAGGTAG-1,G1,G1,late,0.19817041,2500.0
AGGTTGAGTTAGTACC-1,G1,G1,late,0.15994325,1916.0
AGGTTGCTCGTCTACT-1,S,G1,,0.9331329,5718.0
AGGTTGGAGGGTGAGC-1,S,S,,0.8546737,3626.0
AGGTTGGAGGTTACGC-1,G2M,G1,,0.93687,5880.0
AGTAACCCAATATGCA-1,G1,G1,late,0.055303965,207.0
AGTAACCCAATCGTGG-1,S,G1,,0.89012474,4316.0
AGTAACCCACATTCAT-1,G2M,G1,,0.96231365,6602.0
AGTAACGGTAATGGCA-1,G1,G1,late,0.18435429,2312.0
AGTAATGAGCCTGCCT-1,G1,G1,late,0.10515465,942.0
AGTAATGAGCTATCCT-1,G1,G1,late,0.14794257,1695.0
AGTACAGGTGCGATCC-1,G1,G1,late,0.19229113,2425.0
AGTACAGGTGGCGTAG-1,G2M,G2M,,0.9484797,6317.0
AGTACAGGTTCAAGTC-1,G2M,G2M,,0.93091446,5614.0
AGTACCATCATCGAGC-1,G1,S,late,0.19199692,2420.0
AGTACCGCAAGCTCCT-1,G1,G1,early,0.03464839,47.0
AGTACCGCACATACGG-1,G2M,G2M,,0.9573499,6518.0
AGTACCGCATCACACC-1,G1,G2M,late,0.23009565,2767.0
AGTACCGCATTAAGTG-1,G1,S,late,0.2133173,2647.0
AGTACCTGTAACTTCA-1,G1,G1,early,0.08294882,582.0
AGTACCTGTCAAGGGT-1,G1,S,late,0.18754005,2365.0
AGTACCTGTCAATCCG-1,G1,G1,early,0.10578819,962.0
AGTACCTGTGGCTTCA-1,G1,G1,late,0.09455386,760.0
AGTACCTGTTGCTCGA-1,G1,G1,late,0.105311275,946.0
AGTACGGAGCCCGTAG-1,G1,G1,late,0.17556453,2172.0
AGTACGGAGTAGGCAG-1,S,G2M,,0.8882696,4272.0
AGTACTTAGGGTGATG-1,G2M,G1,,0.93190104,5662.0
AGTACTTAGTACGGCT-1,G1,G1,early,0.110292256,1041.0
AGTATAGAGTCTCTGT-1,G1,G1,late,0.17881612,2223.0
AGTATCCGTGAGAGTC-1,G1,G1,early,0.17109662,2101.0
AGTATCCGTGGCGATG-1,G1,G1,late,0.10142316,879.0
AGTATCCGTTGCTGAT-1,S,S,,0.896428,4466.0
AGTATGAAGCAACTCA-1,G2M,G2M,,0.96913916,6713.0
AGTATGAAGTAACGAA-1,G2M,G1,,0.7232172,3215.0
AGTATGAAGTTACGCA-1,S,G2M,,0.95015603,6357.0
AGTATGGGTAACGTAG-1,S,G2M,,0.88925576,4294.0
AGTATGGGTCAAGCGG-1,G1,G1,late,0.20064494,2526.0
AGTATGGGTGAGATCA-1,G1,G1,late,0.22006199,2714.0
AGTATGGGTTAGTGGA-1,G1,S,late,0.17517637,2168.0
AGTATTCAGGAGTATA-1,G1,S,late,0.15956455,1904.0
AGTATTGCAAGCTGTG-1,S,G1,,0.8672244,3813.0
AGTATTGCAATCCTAT-1,S,S,,0.6505138,3154.0
AGTATTGCACGCCATT-1,G2M,G2M,,0.93949896,5996.0
AGTATTGCAGTAATCA-1,G2M,G1,,0.90411526,4673.0
AGTCAAGGTCTAACTA-1,S,S,,0.8810948,4118.0
AGTCAATTCATCAGGC-1,S,S,,0.8582042,3668.0
AGTCAATTCCATGACA-1,G1,G1,late,0.07588998,474.0
AGTCAATTCGATGCCG-1,G1,G1,early,0.16019757,1922.0
AGTCACGCAAAGGAAT-1,S,S,,0.87951595,4071.0
AGTCACGCAAGCACTG-1,S,G2M,,0.9448027,6204.0
AGTCAGCTCAGGCAAG-1,G1,S,late,0.20570166,2576.0
AGTCAGCTCAGGTCAC-1,G1,G1,late,0.18117227,2261.0
AGTCAGCTCCGCGTCT-1,G1,G1,early,0.100214146,853.0
AGTCAGCTCGTAACTG-1,G1,G1,late,0.1295146,1405.0
AGTCAGGAGCGCATAC-1,S,G1,,0.58064854,3094.0
AGTCAGGAGCGCTTGG-1,G1,G1,late,0.17915383,2230.0
AGTCAGTCATGCTTCA-1,G1,S,late,0.22041479,2718.0
AGTCAGTCATTACCCA-1,G1,G1,late,0.14717774,1683.0
AGTCATTAGTACCATG-1,G2M,G1,,0.9481511,6305.0
AGTCCCAGTCATCGGC-1,S,G2M,,0.9221679,5257.0
AGTCCCTCATCCAGCT-1,S,G1,,0.34144565,2889.0
AGTCCCTCATCCATAT-1,G2M,G1,,0.9077959,4804.0
AGTCCTAAGCAAGGAT-1,G1,G1,late,0.22850767,2763.0
AGTCGAAGTCATGAGA-1,S,S,,0.8374828,3488.0
AGTCGAAGTGCGGATG-1,G2M,G2M,,0.9424426,6118.0
AGTCGATCATAGATGC-1,G1,G1,late,0.1831355,2290.0
AGTCGATCATGCTGTC-1,G1,G1,late,0.091851324,719.0
AGTCGGTTCATGTCAG-1,G2M,G1,,0.9091406,4844.0
AGTCGTTGTTTGCCAG-1,G2M,G2M,,0.9597877,6560.0
AGTCTCAAGCCCTGTC-1,G1,G1,late,0.1416872,1591.0
AGTCTCAAGGTCACTA-1,G2M,G1,,0.9406162,6042.0
AGTCTTAGTCAGTAGA-1,G1,G1,late,0.21584632,2672.0
AGTCTTAGTGAGCGCA-1,S,G1,,0.38343623,2919.0
AGTCTTAGTTATATCG-1,G1,S,late,0.15612091,1835.0
AGTCTTAGTTGCTATA-1,G1,G1,late,0.17514086,2166.0
AGTGAACAGGATCTGC-1,S,G1,,0.3505984,2894.0
AGTGAACAGTAGACCC-1,G2M,G2M,,0.9279837,5483.0
AGTGACAGTTGCTTAA-1,G2M,G1,,0.91619587,5052.0
AGTGACAGTTTGCCCT-1,S,G2M,,0.91736495,5087.0
AGTGACAGTTTGGAGA-1,S,S,,0.873917,3950.0
AGTGAGACAACTCGGA-1,G1,G1,late,0.13651016,1509.0
AGTGAGGTCATACTCC-1,G2M,G1,,0.87826914,4046.0
AGTGAGGTCCTGCCAC-1,G1,G1,late,0.21510778,2666.0
AGTGAGTAGAACGGGC-1,G1,G1,late,0.14851202,1699.0
AGTGAGTAGCCATGAC-1,G2M,G1,,0.9319841,5666.0
AGTGAGTAGCTAGTGC-1,S,G2M,,0.9366893,5871.0
AGTGATCCATCACAGG-1,G1,G1,late,0.11560356,1142.0
AGTGATGGTGAGGACT-1,G1,G1,late,0.14668664,1674.0
AGTGATGGTTAACTGC-1,S,G2M,,0.91674304,5069.0
AGTGATTTCCCATGCC-1,S,G1,,0.899596,4542.0
AGTGATTTCCGTATGA-1,G2M,G2M,,0.9208465,5204.0
AGTGATTTCGACATAT-1,S,G1,,0.8627822,3741.0
AGTGCAAGTGCAGCCT-1,S,G1,,0.4032577,2942.0
AGTGCATCAAGCACCA-1,G2M,G1,,0.9207963,5202.0
AGTGCGCCATTAGGAC-1,G1,G1,early,0.068935424,374.0
AGTGCGGGTGAGAGCT-1,G1,G1,early,0.10983681,1035.0
AGTGCTCAGCAAGGTG-1,S,S,,0.8666583,3800.0
AGTGCTTGTTCACCTC-1,S,S,,0.89034694,4323.0
AGTGCTTGTTGACGCC-1,S,G1,,0.58013123,3092.0
AGTGGAACAAATCGGT-1,G2M,G1,,0.9126317,4949.0
AGTGGAACATGAGCTG-1,G2M,G1,,0.9442766,6185.0
AGTGGAACATGGCTAG-1,G2M,G1,,0.9010473,4575.0
AGTGGCGGTTATGCGT-1,G1,G1,late,0.0885424,662.0
AGTGGCGGTTCGAATC-1,S,G1,,0.85317856,3611.0
AGTGGCTTCCGCAGAT-1,G1,G1,late,0.24212141,2809.0
AGTGGCTTCGCTGATA-1,G1,G1,late,0.16543952,1995.0
AGTGGCTTCTAGTGTG-1,G1,G1,early,0.06558276,331.0
AGTGGTTCACAAGGCC-1,S,G1,,0.8744091,3968.0
AGTGTCATCACTTGAG-1,G1,G1,late,0.06500033,320.0
AGTGTCATCATCACGA-1,G2M,S,,0.9075296,4795.0
AGTGTCATCGTAGTGC-1,G1,S,late,0.14902316,1713.0
AGTGTGAGTAAGTGCA-1,G1,G1,late,0.20708789,2592.0
AGTGTGAGTGATGCCC-1,S,S,,0.8656012,3786.0
AGTGTGGAGTTACCGA-1,G1,G1,late,0.20575449,2578.0
AGTGTTGTCACACCGG-1,S,G1,,0.69804,3189.0
AGTGTTGTCCCGCACT-1,S,S,,0.87714547,4025.0
AGTTAGAAGCTATCCT-1,G1,G1,late,0.11658258,1166.0
AGTTAGCCAACGGGCT-1,G1,S,late,0.159975,1918.0
AGTTAGCCAATATGTG-1,G2M,G2M,,0.9616118,6588.0
AGTTAGCCACAGGCAC-1,S,G1,,0.8727041,3925.0
AGTTATCAGCAAGTAA-1,G2M,S,,0.85127515,3590.0
AGTTGAAAGATTCGGC-1,G2M,S,,0.9572065,6514.0
AGTTGAAAGCAGGCAA-1,G1,G1,early,0.18050435,2255.0
AGTTGAAAGTGAAGTA-1,G1,G1,late,0.10921516,1023.0
AGTTGCATCAGCAACC-1,S,S,,0.8647562,3773.0
AGTTGCATCCACCGGA-1,G1,G1,early,0.09050282,693.0
AGTTGCATCGTGAACC-1,G1,G1,early,0.068633385,369.0
AGTTGCATCTAGTACG-1,S,S,,0.919147,5148.0
AGTTGGTCAAGCTGAT-1,S,G1,,0.9154352,5024.0
AGTTGGTCACATGCGA-1,G1,G1,early,0.100777805,867.0
AGTTGGTCAGTAAGTC-1,G1,G1,late,0.20011637,2522.0
AGTTTAGCACCAACGA-1,G1,G1,late,0.16260406,1954.0
AGTTTAGCAGGATCGC-1,G1,G1,late,0.1136435,1100.0
AGTTTCAGTTGTGAGA-1,G1,G1,late,0.15201816,1771.0
AGTTTCCTCGACATAT-1,G1,G1,early,0.15253076,1778.0
AGTTTCCTCGCGTCTC-1,G2M,G2M,,0.94127077,6071.0
AGTTTGGTCGTACCGG-1,S,S,,0.8023373,3354.0
ATAACGAAGGGCAGGT-1,G2M,S,,0.80905706,3370.0
ATAACGTTCCTCTCTC-1,G2M,S,,0.9071363,4781.0
ATAAGCAAGAAGGACT-1,S,G2M,,0.92001134,5173.0
ATAAGCAAGATAGTAG-1,S,G1,,0.40203816,2939.0
ATAAGTGAGGGTAGGC-1,G2M,G1,,0.8830035,4165.0
ATAATCGCAATATCAG-1,S,G1,,0.90216976,4614.0
ATAATCGCACTCATAT-1,G2M,G2M,,0.9342099,5759.0
ATAATGCTCAAGTTAC-1,G2M,S,,0.9337608,5743.0
ATAATGCTCGTGCTCC-1,S,S,,0.8795772,4074.0
ATACACTAGATTGGTT-1,G1,G1,late,0.08073002,550.0
ATACACTAGTTAGTCG-1,G2M,S,,0.9174783,5091.0
ATACCAACAAAGGATG-1,S,G1,,0.87265915,3923.0
ATACCAACACTATCTG-1,G1,G1,early,0.14213295,1596.0
ATACCCTTCCTTCATA-1,G2M,G1,,0.95040005,6366.0
ATACCTAGTATTGCAC-1,S,G2M,,0.88559926,4225.0
ATACCTAGTCAACCGC-1,G1,G1,early,0.05852112,250.0
ATACCTAGTTGGGTCC-1,G2M,S,,0.9430579,6151.0
ATACGCGCATCCCGTG-1,G2M,G1,,0.9506209,6373.0
ATACGGTCACCATGCT-1,G1,G1,early,0.13875856,1539.0
ATACGGTCATGGCTAG-1,G2M,G1,,0.8687294,3836.0
ATACGTTAGGTTGGGA-1,G2M,G1,,0.84735227,3561.0
ATACGTTAGTCATCTC-1,G2M,S,,0.9836452,6861.0
ATACTGACACCATGAG-1,S,G1,,0.8939946,4407.0
ATACTGACACTAGGTG-1,S,G1,,0.458061,2993.0
ATACTGACATTGCGCT-1,G2M,G1,,0.93335545,5726.0
ATACTGGTCGATGGCT-1,G1,G1,late,0.24196604,2808.0
ATACTTGGTGAACGTA-1,G2M,G1,,0.9268378,5428.0
ATACTTGGTTGTCTGG-1,G1,G1,late,0.15879819,1879.0
ATAGCACCAAGCTCTC-1,S,G2M,,0.9106573,4889.0
ATAGCACCACCTCAAC-1,G1,G1,early,0.050528478,165.0
ATAGCACCATAACCGG-1,G2M,G1,,0.82407665,3422.0
ATAGCAGGTAGCGGTG-1,G1,G1,late,0.21646276,2676.0
ATAGCCATCACCTTAC-1,G1,G1,early,0.03878831,64.0
ATAGCCATCCAGATTG-1,G1,G1,late,0.19188513,2418.0
ATAGCCATCGTGAGGA-1,G2M,G1,,0.94096625,6060.0
ATAGCCTGTTTACTCT-1,S,G2M,,0.92860544,5511.0
ATAGCGAGTAACGGTA-1,G1,G1,late,0.10134805,876.0
ATAGCGAGTAGTGAGC-1,G1,S,late,0.23156989,2772.0
ATAGCGAGTCATCGTG-1,S,G1,,0.9056518,4734.0
ATAGCGCTCCGTTACT-1,S,G1,,0.88154715,4132.0
ATAGCGCTCGCTAATG-1,G1,G1,late,0.13008814,1419.0
ATAGGCGAGCGCTGAT-1,S,S,,0.9050406,4710.0
ATAGGCGAGGTACTAT-1,S,G2M,,0.9278142,5478.0
ATAGGCGAGGTGAGAT-1,S,G1,,0.85902774,3686.0
ATAGGCTCAAGTGTCG-1,G1,G1,late,0.109547794,1032.0
ATAGGGCGTAGCTAGA-1,G1,G1,late,0.21066651,2629.0
ATAGGGGTCACCAATG-1,S,S,,0.91220766,4937.0
ATAGGGGTCAGGAGCA-1,G1,G1,late,0.21667218,2678.0
ATAGGGTAGCCTTCGC-1,G2M,G2M,,0.94275796,6135.0
ATAGGGTAGGAGGACC-1,S,G2M,,0.90245926,4622.0
ATAGTCCGTCATCCTC-1,G2M,S,,0.9598152,6561.0
ATAGTCCGTCTTGGGC-1,S,G2M,,0.8996795,4543.0
ATAGTCCGTTCCAGCA-1,G1,G1,early,0.06037707,271.0
ATAGTGAAGTAGTCCA-1,G1,G1,late,0.110584654,1051.0
ATAGTGAAGTCATTCC-1,S,S,,0.8640564,3763.0
ATAGTGAAGTTGCACA-1,S,S,,0.7840928,3312.0
ATATCAGCAAGTGAGA-1,G1,G1,late,0.14858374,1703.0
ATATCAGCAGCCAGAC-1,S,G1,,0.43793866,2975.0
ATATGGCCAACTAATG-1,G2M,G1,,0.9445013,6195.0
ATATGGCCAGTACCGA-1,S,S,,0.90273947,4631.0
ATATGGGGTCTAGGCC-1,G1,G1,early,0.12228232,1271.0
ATATGGGGTCTAGTTA-1,S,S,,0.8328371,3457.0
ATATGGGGTGCGGACA-1,S,G2M,,0.8806474,4107.0
ATATGGGGTTAAGCCT-1,G1,G1,late,0.24372788,2812.0
ATATGGGGTTCGGCAC-1,G1,G1,late,0.039716132,71.0
ATATGGTTCCGTCACC-1,G1,G2M,late,0.18176877,2270.0
ATATGTCAGGGTAGTG-1,S,G1,,0.45157236,2988.0
ATATTCCCAAATGCGT-1,G1,G1,late,0.06663375,343.0
ATATTCCCAATAGCCG-1,S,G1,,0.8372072,3485.0
ATCAACTAGCGCTCTC-1,G2M,S,,0.9451319,6219.0
ATCAAGCCAAGGTCAT-1,S,S,,0.8627315,3740.0
ATCAAGCCACTTACGC-1,G1,G1,late,0.22189516,2729.0
ATCAAGCCATCGACAG-1,S,G1,,0.6020568,3112.0
ATCAAGCCATTACGGG-1,G1,G1,late,0.116968125,1169.0
ATCACAACAACTGCGA-1,G1,G1,late,0.0854855,619.0
ATCACAACAGTTAGTA-1,G1,G1,late,0.14213374,1597.0
ATCACAACATGACCCT-1,G2M,S,,0.91930443,5152.0
ATCACATAGGTTCGGT-1,G2M,S,,0.9325646,5683.0
ATCACGATCGACTCAA-1,S,G1,,0.6879327,3179.0
ATCACGATCGATGTCA-1,G2M,G1,,0.925074,5359.0
ATCACGATCTGTGCAA-1,S,S,,0.850167,3579.0
ATCACTTCAAGCATCG-1,S,S,,0.8911802,4336.0
ATCACTTCAATCGAAC-1,G2M,G1,,0.972715,6776.0
ATCACTTCATAATCTC-1,G1,G1,early,0.056386355,220.0
ATCAGCCAGCAAGTCC-1,G1,G1,late,0.1668179,2025.0
ATCAGGTCAAGCGTTG-1,G2M,S,,0.9430898,6152.0
ATCAGTTAGAAGCGCA-1,G1,G1,late,0.14167504,1590.0
ATCAGTTAGCTTAACG-1,S,G1,,0.90561235,4732.0
ATCAGTTAGTGCCTAA-1,G2M,G1,,0.86558086,3785.0
ATCATCAGTGCAGCCT-1,G2M,S,,0.9105763,4886.0
ATCATCAGTGGGTCCT-1,S,S,,0.9155502,5029.0
ATCATCCTCCGCCTAC-1,S,G1,,0.3181402,2875.0
ATCATCCTCGTTAGCA-1,G2M,S,,0.95200807,6405.0
ATCATCTCACCATCTA-1,G1,G1,early,0.050504334,164.0
ATCCAAGTCACCAAGC-1,S,G1,,0.893077,4390.0
ATCCAATAGCGGATCT-1,G1,S,late,0.18319052,2293.0
ATCCAATAGTGGCAAG-1,S,G1,,0.90632623,4758.0
ATCCACAAGCCTCTAT-1,S,S,,0.8947849,4427.0
ATCCACAAGGAGGCGT-1,S,G2M,,0.89872414,4517.0
ATCCACAAGTTGCTCT-1,G1,G1,early,0.0332869,42.0
ATCCACGGTTAGAGAT-1,S,G1,,0.8393112,3501.0
ATCCACTTCACAGGGA-1,G1,G1,early,0.069991685,390.0
ATCCACTTCATGTCCT-1,G1,S,late,0.19590302,2467.0
ATCCACTTCCATCGCC-1,G1,G1,early,0.047955118,140.0
ATCCACTTCGATACGC-1,S,G2M,,0.9160068,5043.0
ATCCATGAGGCAACTC-1,S,G2M,,0.8807611,4113.0
ATCCCAAAGCCACATA-1,G1,G1,late,0.06893565,375.0
ATCCCAAAGGAGCTAG-1,G1,G1,late,0.15373188,1800.0
ATCCCAAAGGAGGTGC-1,S,S,,0.35848895,2903.0
ATCCCATTCCGCACAG-1,S,G1,,0.6359508,3143.0
ATCCCCATCCTCATCG-1,G2M,S,,0.88125324,4124.0
ATCCCCATCGTTCGGG-1,S,G2M,,0.9000802,4554.0
ATCCCCTGTAAGGTTG-1,S,G2M,,0.902274,4617.0
ATCCCCTGTAGTGAGC-1,G1,G2M,late,0.21744502,2690.0
ATCCCCTGTCCATAGT-1,G1,G1,early,0.1469882,1677.0
ATCCCGCTCCGTAAGC-1,G2M,G1,,0.9440328,6172.0
ATCCCTTAGGATGTGG-1,S,G2M,,0.89605165,4461.0
ATCCCTTAGGTAATCT-1,G2M,S,,0.8606976,3712.0
ATCCCTTAGTGAAGTA-1,G1,G1,late,0.122171625,1266.0
ATCCGACAGCTAGTCA-1,S,G2M,,0.91506267,5012.0
ATCCGCCTCAGTTCCT-1,G1,G1,early,0.047183752,130.0
ATCCGCCTCCTGATGA-1,G1,G1,late,0.10619088,973.0
ATCCGCCTCTGGGATC-1,S,G1,,0.9119092,4926.0
ATCCGGGTCAGTAGTT-1,G1,G1,late,0.16231738,1952.0
ATCCGGGTCCTTGGAA-1,S,G2M,,0.88488203,4207.0
ATCCGTAAGTAGACCC-1,S,G1,,0.94054806,6035.0
ATCCGTAAGTGCTGTA-1,G2M,S,,0.8741219,3957.0
ATCCTAAGTGAGTGCG-1,G1,G1,late,0.0864695,632.0
ATCCTCACAATAGGAG-1,S,G1,,0.79191935,3328.0
ATCCTCACAGCACCTT-1,G2M,G1,,0.87971866,4077.0
ATCCTCACATCCGTCG-1,S,G1,,0.9358877,5821.0
ATCCTCACATGACGGC-1,G1,G1,late,0.111152366,1057.0
ATCCTCCGTAGCAGCG-1,S,G2M,,0.88197875,4137.0
ATCCTCCGTAGTAGTG-1,G2M,G2M,,0.90674156,4771.0
ATCCTGAAGAAGCCTC-1,G2M,G2M,,0.9659955,6674.0
ATCCTGAAGGCGTAGA-1,S,G1,,0.831203,3450.0
ATCCTGAAGTGAATCT-1,G2M,G1,,0.95811737,6529.0
ATCCTGTTCAATCGTG-1,G2M,G2M,,0.93362844,5739.0
ATCCTGTTCACTATCC-1,G2M,G1,,0.96528745,6664.0
ATCCTGTTCCCTGTCA-1,G1,G1,early,0.12736659,1366.0
ATCCTGTTCGAACCGT-1,G2M,G1,,0.94836545,6315.0
ATCCTGTTCTGTCTAC-1,G2M,S,,0.8784661,4050.0
ATCCTGTTCTGTCTGT-1,G1,G1,early,0.21655294,2677.0
ATCGAACCAATTGAGC-1,G2M,G1,,0.9368331,5876.0
ATCGAACCATTACCCA-1,G2M,G2M,,0.92789793,5481.0
ATCGAGGAGGTTCAGC-1,G2M,G1,,0.7730989,3293.0
ATCGATTAGAAGGGTT-1,G2M,G1,,0.97815716,6830.0
ATCGATTAGATTAGCT-1,G1,G1,late,0.10128063,874.0
ATCGATTAGTCGCTGG-1,S,S,,0.88974434,4308.0
ATCGCATGTATGTGTC-1,G2M,G2M,,0.9573012,6516.0
ATCGCCCTCCTGCGTC-1,G2M,G1,,0.9292356,5538.0
ATCGCCTCAGCCTAAG-1,G1,G1,early,0.109224476,1024.0
ATCGCCTCATAAGTCA-1,G1,G1,late,0.06999675,391.0
ATCGCCTCATCAATTC-1,S,S,,0.92103827,5210.0
ATCGCGCGTTAGACAG-1,S,S,,0.90773493,4803.0
ATCGGTCAGCGCTGAT-1,S,S,,0.92160475,5229.0
ATCGGTCAGGCTACAC-1,G1,G1,late,0.23318589,2778.0
ATCGGTCAGTAGAGCG-1,S,G2M,,0.90116495,4582.0
ATCGTACGTCAATGGA-1,G1,G1,late,0.108827315,1017.0
ATCGTACGTGCACCAC-1,G1,G1,late,0.12368044,1303.0
ATCGTACGTTAGAGGC-1,G1,G1,early,0.067701906,355.0
ATCGTAGTCTAAGTGT-1,G2M,G1,,0.914401,4998.0
ATCGTCAAGCAACTGC-1,G2M,G2M,,0.9401894,6021.0
ATCGTCAAGCATGGCT-1,S,S,,0.89037657,4325.0
ATCGTCAAGTAGACCC-1,G2M,G1,,0.9315336,5643.0
ATCGTTAGTAGCTTAC-1,G1,G1,late,0.19513535,2459.0
ATCGTTAGTCAGCTTG-1,G2M,S,,0.9187702,5139.0
ATCGTTGAGCTAACCA-1,S,G2M,,0.90407133,4671.0
ATCGTTGAGGTAACGG-1,G2M,G1,,0.96596414,6673.0
ATCTAACAGGATTACT-1,G1,G1,late,0.091984004,724.0
ATCTACTCATGATCGG-1,G2M,S,,0.972609,6775.0
ATCTATGGTAGTCAGA-1,G2M,S,,0.93936217,5992.0
ATCTATGGTATAGCCT-1,S,G1,,0.84242946,3522.0
ATCTATGGTATGGGTA-1,S,S,,0.92658716,5417.0
ATCTATGGTCCATTAA-1,G1,G1,early,0.05049296,163.0
ATCTATGGTTAGCCGC-1,S,S,,0.8703742,3872.0
ATCTCATCAACCAGAT-1,G1,G1,late,0.14634874,1669.0
ATCTCATCAACCTCGT-1,G1,S,early,0.088957615,669.0
ATCTCATCAACTACCC-1,G2M,G1,,0.96579355,6671.0
ATCTCATCAAGTCGGC-1,G1,G1,late,0.16824771,2051.0
ATCTCCACAACCTGCT-1,G2M,S,,0.9343369,5764.0
ATCTCCACAGCACGAC-1,G2M,G1,,0.83892804,3498.0
ATCTCCACAGCTCAGA-1,G2M,G1,,0.8965533,4469.0
ATCTCCACAGGTAACT-1,S,G1,,0.861601,3727.0
ATCTCCACATCACGAG-1,G2M,G1,,0.930552,5600.0
ATCTCGCCAACTATCT-1,S,G1,,0.8363117,3479.0
ATCTCGCCACAGCAGC-1,G2M,G2M,,0.9044484,4688.0
ATCTCGCCACTTGCAC-1,G2M,G1,,0.9385437,5951.0
ATCTGAGTCCCTGTGC-1,G1,G1,early,0.08093441,555.0
ATCTGAGTCCGGAACT-1,S,G1,,0.8639883,3759.0
ATCTGCAAGCCTGCTC-1,S,G1,,0.8512417,3589.0
ATCTGCAAGCGCTCGA-1,S,G1,,0.90868676,4830.0
ATCTGGATCAGTAATC-1,G1,G1,early,0.04053877,79.0
ATCTGGATCCCGTAGG-1,G1,G1,late,0.2117837,2636.0
ATCTGGATCCTGGTAA-1,G1,G1,late,0.11720107,1174.0
ATCTGGATCCTTAGTC-1,S,G1,,0.52617997,3043.0
ATCTGGATCGATCATG-1,G1,G1,late,0.09017916,686.0
ATCTGTGAGCAGGTAG-1,G1,G1,late,0.18896535,2386.0
ATCTGTGAGGGCTCCA-1,G2M,G2M,,0.93665904,5868.0
ATCTGTTCAGTTGGTG-1,G2M,G2M,,0.8864173,4238.0
ATCTTAGGTCTGGCGT-1,S,S,,0.72845703,3220.0
ATCTTAGGTGGCAGTG-1,S,G1,,0.55004716,3062.0
ATCTTCATCGAGGTCT-1,G1,G1,early,0.051577844,178.0
ATCTTCATCGTGAGTC-1,G2M,S,,0.9173344,5086.0
ATCTTGCTCCCCTGTA-1,G2M,G1,,0.9029738,4638.0
ATCTTGCTCCTGATGA-1,G1,S,late,0.11552819,1140.0
ATCTTGCTCGACATAT-1,G1,G1,late,0.051313244,172.0
ATGAAACGTTGCCCAA-1,G2M,S,,0.90038437,4562.0
ATGAAACGTTGGCGAG-1,G2M,G1,,0.95020753,6360.0
ATGAAAGTCCCGCACT-1,G1,G1,early,0.04314802,98.0
ATGAAAGTCGTAGTAT-1,S,S,,0.84546655,3543.0
ATGAACGGTTTGGCAT-1,S,G1,,0.63290954,3139.0
ATGACAGGTAACCACT-1,G2M,G2M,,0.9395308,5998.0
ATGACAGGTTCGATTA-1,G1,G1,early,0.1440075,1625.0
ATGAGGCGTAGGTACA-1,S,G1,,0.8579838,3662.0
ATGAGGCGTTGCCTCT-1,G1,S,late,0.15997194,1917.0
ATGAGGCGTTGCCTTC-1,G2M,G2M,,0.9231994,5296.0
ATGAGGTAGCCTGTCC-1,G2M,S,,0.95827943,6533.0
ATGAGGTAGGAGGCTA-1,G1,G1,late,0.20949526,2612.0
ATGAGTAAGCCAGTGT-1,S,S,,0.6299191,3136.0
ATGAGTAAGCCTGAAC-1,G1,G1,late,0.16403337,1978.0
ATGAGTAAGGCGTTCG-1,G2M,G2M,,0.9207954,5201.0
ATGAGTAAGGGTATCC-1,G2M,G2M,,0.88702244,4249.0
ATGAGTAAGGTTGGCT-1,G1,G1,late,0.21490915,2664.0
ATGAGTAAGTGCAACC-1,G1,G1,early,0.045122974,113.0
ATGAGTTTCGATAGCC-1,S,S,,0.56185114,3074.0
ATGATCCGTAGGTCAA-1,S,S,,0.87947077,4069.0
ATGATCCGTTGGAGAC-1,G1,G1,early,0.039564736,68.0
ATGATGAAGCAACCGT-1,G1,G1,late,0.08512066,615.0
ATGATGAAGGTACTAT-1,S,G1,,0.6468944,3152.0
ATGATGTTCCGGTAGT-1,G2M,G2M,,0.93255526,5681.0
ATGATGTTCGACTGCG-1,S,G1,,0.880176,4090.0
ATGATGTTCTGTCAAG-1,G1,G1,late,0.19728151,2484.0
ATGCAAGGTTGAAGTG-1,S,S,,0.89921546,4529.0
ATGCACGCATTGCACC-1,G2M,G2M,,0.94064575,6044.0
ATGCAGCTCAAGTTAC-1,S,S,,0.39967677,2937.0
ATGCAGCTCAGGCATC-1,S,G1,,0.87943864,4068.0
ATGCAGCTCAGTACCA-1,G2M,G1,,0.8934624,4397.0
ATGCAGCTCCGCCTTA-1,G1,S,late,0.05692639,227.0
ATGCAGCTCCTCTAAC-1,S,G1,,0.70392454,3197.0
ATGCAGCTCGAGGTCT-1,G1,G1,early,0.09505121,767.0
ATGCAGGAGGAGCTGA-1,G2M,G2M,,0.9565613,6499.0
ATGCATTAGATTCCAG-1,G1,G1,late,0.18454553,2315.0
ATGCATTAGATTCGCA-1,S,G1,,0.88412076,4191.0
ATGCATTAGCGGTTAC-1,G1,G1,late,0.13187994,1444.0
ATGCCAATCGTAATGT-1,G1,G1,late,0.19330744,2436.0
ATGCCACAGGTCCAAC-1,G2M,G2M,,0.9255827,5378.0
ATGCCAGCAACCTGGA-1,G1,G1,early,0.034414243,45.0
ATGCCAGCAATATGTG-1,G1,G1,late,0.17785652,2211.0
ATGCCAGCAATCGGTG-1,G1,G1,late,0.2184512,2701.0
ATGCCAGCATCCAACC-1,G2M,G1,,0.97656375,6816.0
ATGCCCAGTAAGGGCT-1,S,S,,0.90568614,4735.0
ATGCCCAGTAGCGCCT-1,S,S,,0.93112445,5620.0
ATGCCCAGTTAGGGAC-1,G2M,G1,,0.91931564,5153.0
ATGCCCTCAGCACCTT-1,S,S,,0.67264813,3168.0
ATGCCCTCAGGTTCGA-1,S,S,,0.9134624,4970.0
ATGCCTAAGATTAGGA-1,G2M,G2M,,0.94030184,6026.0
ATGCCTAAGTACGCCG-1,G2M,G2M,,0.93188685,5658.0
ATGCCTAAGTGCTTGA-1,S,G1,,0.38187307,2918.0
ATGCCTGGTTTCGGGC-1,G1,G1,early,0.07806172,516.0
ATGCCTGGTTTGATTG-1,S,G1,,0.9366429,5864.0
ATGCGGTTCCGTGTGG-1,S,G2M,,0.880141,4089.0
ATGCTAGTCACGCCAG-1,G1,G1,late,0.25124478,2825.0
ATGCTAGTCAGTTACG-1,G1,G1,late,0.12789555,1379.0
ATGCTAGTCCAGCGTG-1,G1,G1,late,0.1230491,1283.0
ATGCTCAAGATTGCCA-1,G2M,S,,0.96662587,6682.0
ATGCTCAAGCCGCATG-1,G2M,,,0.91839594,5122.0
ATGCTCAAGGCTACGT-1,S,S,,0.8879458,4263.0
ATGCTCAAGTCGCATA-1,G1,G1,early,0.060143024,267.0
ATGCTCCCAACATGGT-1,G2M,G1,,0.856936,3654.0
ATGCTCCCATGGATCG-1,G1,G1,late,0.1296287,1408.0
ATGCTGATCCGGTATA-1,G1,S,late,0.12219393,1267.0
ATGCTTAGTAGTCCTG-1,S,G1,,0.64626104,3151.0
ATGCTTGAGGGCTATC-1,G1,G1,late,0.07761459,509.0
ATGCTTGAGGGCTCTG-1,S,S,,0.8705403,3878.0
ATGGACCTCATAGATC-1,G2M,S,,0.9018101,4605.0
ATGGACTCAACCGTAG-1,G2M,G1,,0.9312709,5625.0
ATGGACTCATAGGCGC-1,G1,G1,late,0.22107276,2722.0
ATGGACTCATTACATC-1,G1,G1,late,0.12811658,1384.0
ATGGAGACAAATCTAG-1,S,S,,0.88392556,4185.0
ATGGAGACAAGCTTAA-1,G2M,G1,,0.9391279,5982.0
ATGGAGACACTAATGA-1,S,G2M,,0.9454933,6230.0
ATGGAGTAGCTGGCTG-1,G1,S,late,0.121638216,1257.0
ATGGAGTAGTAGAGCG-1,S,S,,0.8828644,4161.0
ATGGAGTAGTGATTCG-1,G1,G1,late,0.17101632,2098.0
ATGGATGGTTCGGGTC-1,G1,G1,late,0.15233569,1777.0
ATGGCAAGTAAGTCAG-1,G1,G1,late,0.1026416,890.0
ATGGCAAGTCTTGCTC-1,S,G2M,,0.91585785,5039.0
ATGGCAAGTTAGTCAC-1,G2M,G2M,,0.9112561,4907.0
ATGGCAAGTTCCTCAC-1,G2M,G2M,,0.9653098,6665.0
ATGGCAAGTTCCTTGC-1,G2M,G2M,,0.94148105,6079.0
ATGGCAAGTTGACCTG-1,G1,G1,late,0.060384676,272.0
ATGGCCCGTAGCGACG-1,G1,G1,late,0.17299257,2130.0
ATGGCCCGTTGCAGTT-1,G2M,S,,0.9037225,4658.0
ATGGCTATCCATCCCA-1,S,G2M,,0.9042914,4681.0
ATGGCTATCCCTTGCA-1,G2M,G2M,,0.9441702,6181.0
ATGGCTATCTAGGCCG-1,G1,G1,late,0.18485871,2317.0
ATGGCTTGTATGGCTT-1,G1,G1,early,0.04219483,94.0
ATGGCTTGTGAAGCAC-1,G1,G1,late,0.22232524,2731.0
ATGGGATAGTCAACTG-1,G1,G1,late,0.16974217,2074.0
ATGGGCAAGTGGCGTT-1,G2M,G1,,0.95002025,6354.0
ATGGGCTTCCATCCGC-1,G2M,S,,0.9281201,5490.0
ATGGGCTTCCCAATCT-1,G1,G1,early,0.1813924,2265.0
ATGGGCTTCGTTCCGC-1,G1,G1,late,0.10624108,975.0
ATGGGGATCATCACAG-1,G1,G1,late,0.11495588,1133.0
ATGGGGATCCGCACGA-1,S,S,,0.8811414,4119.0
ATGGGTAGTTGGGACG-1,G1,S,late,0.2358973,2787.0
ATGGGTGAGGAGTACG-1,S,S,,0.8539016,3618.0
ATGGGTTCATGCAGTG-1,G2M,G2M,,0.92369187,5310.0
ATGGTAAAGGCGAATG-1,G1,G1,late,0.20598385,2582.0
ATGGTCATCAGTTACG-1,S,G2M,,0.90881145,4836.0
ATGGTCATCATGTGCA-1,G1,G1,late,0.07407728,448.0
ATGGTCATCCAGAGGA-1,G1,G2M,early,0.03454589,46.0
ATGGTGAGTCTCCATC-1,S,G1,,0.8520286,3599.0
ATGGTGAGTGACGAAC-1,G1,G1,late,0.21577479,2671.0
ATGGTGGAGCCGATAC-1,S,S,,0.9077273,4802.0
ATGGTTACAAAGGACA-1,G1,G1,late,0.14892904,1712.0
ATGGTTACACCAGCAA-1,G2M,G2M,,0.9332507,5723.0
ATGGTTACATGAAGTC-1,G2M,G2M,,0.96935105,6719.0
ATGGTTTAGATTACCG-1,G1,G1,late,0.18964425,2394.0
ATGGTTTAGTCTCTGT-1,G1,G1,early,0.1668388,2028.0
ATGTACCGTAATGAAC-1,G2M,G1,,0.9216222,5232.0
ATGTACCGTTAGTGGA-1,G1,G1,late,0.099872895,845.0
ATGTAGCCATAACGAC-1,G2M,G1,,0.9263794,5409.0
ATGTCAACACAAGGCC-1,G1,G1,late,0.10805048,1006.0
ATGTCAACATGGCAGC-1,S,G1,,0.88019204,4091.0
ATGTCCTTCACCAGCG-1,G2M,G2M,,0.93364894,5741.0
ATGTCCTTCCATCACT-1,G2M,G2M,,0.94448465,6193.0
ATGTCCTTCCCTCTCT-1,G1,G1,late,0.08753028,646.0
ATGTCCTTCTGGCTAA-1,G1,G1,late,0.12736958,1367.0
ATGTGAAAGCAAGGGC-1,G2M,G2M,,0.97260493,6774.0
ATGTGAAAGGAGTATA-1,S,G2M,,0.8783327,4049.0
ATGTGAGGTAACGCAA-1,G2M,G1,,0.9748405,6797.0
ATGTGAGGTAATCGAG-1,G1,G1,late,0.12317717,1289.0
ATGTGAGGTGAGTAGC-1,S,G1,,0.8987955,4519.0
ATGTGCATCACACCGG-1,G1,G1,late,0.09823608,811.0
ATGTGTTAGGGTAGGC-1,S,S,,0.8523531,3605.0
ATGTGTTAGTTGCATG-1,G2M,G2M,,0.9653709,6667.0
ATGTTAGCATAACCAA-1,G1,G1,late,0.15808752,1868.0
ATGTTCCTCGTTACAG-1,G1,G1,late,0.2233381,2736.0
ATGTTCTCAACCATCC-1,S,G1,,0.81302816,3386.0
ATGTTCTCATCATACT-1,G1,G1,early,0.084565006,605.0
ATGTTCTCATCCCATA-1,G1,G1,late,0.18033786,2253.0
ATTAAGCTCCGCTGGA-1,G1,G1,late,0.15499964,1824.0
ATTACAGCAAGCCGTA-1,G1,G1,late,0.050185267,159.0
ATTACAGCACCATCGT-1,G1,G1,early,0.12041656,1240.0
ATTACCTCAACATGCG-1,S,S,,0.89419883,4412.0
ATTACCTCAATACGGT-1,S,G1,,0.5990382,3109.0
ATTACCTCACCATCGT-1,G1,G1,late,0.07666202,489.0
ATTATCCCAAATGCGT-1,G1,G1,early,0.08628365,630.0
ATTCACCTCCTTCACG-1,G1,G2M,late,0.13700151,1516.0
ATTCAGGTCCCAGTCC-1,S,G1,,0.95556986,6480.0
ATTCAGTAGAACGGTG-1,S,G2M,,0.8812236,4121.0
ATTCATCCACCATAGG-1,S,G1,,0.4891104,3011.0
ATTCATCCACCTACCG-1,S,G1,,0.6789981,3174.0
ATTCATGGTCTAAGGA-1,S,G1,,0.83588344,3477.0
ATTCATGGTTTCCGTC-1,S,G1,,0.46487907,3000.0
ATTCCAAGTCAGTTAC-1,G2M,G1,,0.93985957,6009.0
ATTCCATCAACTCGGA-1,G2M,G2M,,0.9322072,5672.0
ATTCCATCACAATGGT-1,G1,G1,late,0.17442545,2156.0
ATTCCATCAGGTTCCT-1,G2M,G1,,0.94512707,6218.0
ATTCCGCCAATTGCCC-1,S,S,,0.92949086,5552.0
ATTCCGCCAGGGACCT-1,G1,G1,early,0.07345516,441.0
ATTCCGCCAGGTTCAG-1,G1,G1,late,0.2809301,2850.0
ATTCCGGGTATGTGCT-1,G1,G1,early,0.047582053,134.0
ATTCCGGGTCTGGCTA-1,G2M,G2M,,0.929556,5556.0
ATTCCGGGTGATGCAA-1,G1,S,late,0.19663322,2476.0
ATTCCGGGTTAGCCCA-1,G2M,G2M,,0.9489549,6334.0
ATTCCTTGTCTGGGCT-1,G2M,G1,,0.907881,4807.0
ATTCCTTGTTAGGTGA-1,G2M,G1,,0.9347743,5779.0
ATTCGATAGATAGACA-1,G1,G1,late,0.120147064,1237.0
ATTCGATAGCCATCGG-1,G1,S,late,0.0850581,613.0
ATTCGATAGCGGTACT-1,G1,G1,late,0.15846016,1873.0
ATTCGGGCAACCTCGT-1,G2M,G1,,0.8327655,3455.0
ATTCGGGCAAGCCTAG-1,G1,G1,late,0.22387974,2740.0
ATTCGTAGTCTCAGGC-1,G1,G1,early,0.098356,813.0
ATTCTCATCACGCTAA-1,S,S,,0.89119804,4337.0
ATTCTCATCTCACCTG-1,G2M,G1,,0.9434633,6160.0
ATTCTCATCTCACTGT-1,G2M,G2M,,0.9427791,6138.0
ATTGAGAAGGAGGTAT-1,G2M,G2M,,0.9747943,6796.0
ATTGAGAAGGTTACTG-1,G1,G1,late,0.1516116,1762.0
ATTGAGGGTAACGTAG-1,G1,S,late,0.056975126,228.0
ATTGAGGGTTGGTCAT-1,G1,G1,early,0.11409135,1110.0
ATTGATGCACTATCAT-1,G1,G1,late,0.1415313,1588.0
ATTGATGCATCGCTCG-1,G1,S,late,0.21318415,2645.0
ATTGCCCCAAGTGCGC-1,S,S,,0.8895737,4302.0
ATTGCCCCAATTGACA-1,G2M,G2M,,0.9031224,4640.0
ATTGCCCCACTAATTC-1,G1,G1,early,0.13731973,1524.0
ATTGCCCCATTACAGA-1,G2M,G2M,,0.9582919,6534.0
ATTGCCTTCACACTGA-1,S,G1,,0.8616096,3728.0
ATTGCCTTCTATGCCT-1,G2M,S,,0.9281009,5489.0
ATTGGATTCAGTATCG-1,G1,G1,late,0.15363386,1798.0
ATTGGATTCGCGTCCT-1,S,G1,,0.89479315,4428.0
ATTGGCGCAAGTTCCC-1,S,G1,,0.8842569,4194.0
ATTGGCGCATAATCAG-1,G2M,S,,0.9009103,4572.0
ATTGGCTGTTAAGCGA-1,G1,G1,late,0.17842877,2218.0
ATTGGCTGTTGACGGG-1,G1,G1,early,0.0966657,790.0
ATTGGCTGTTTCACGG-1,G2M,G1,,0.9303665,5593.0
ATTGGGTCACCACACT-1,G1,S,late,0.13898396,1546.0
ATTGGTTAGGCGAATG-1,S,G2M,,0.8941298,4410.0
ATTGGTTAGGTAGCCT-1,G2M,G1,,0.9730735,6779.0
ATTGTCAGTAGTAGCA-1,S,G1,,0.6992224,3192.0
ATTGTCAGTAGTCCAT-1,G2M,G1,,0.9492568,6338.0
CAAACCATCGCGTTAA-1,G2M,G1,,0.9388532,5969.0
CAAACCATCTTGATCC-1,G1,G1,late,0.1103042,1042.0
CAAACCCAGTCAGTCA-1,S,G1,,0.89946413,4537.0
CAAACCGCAATACGCG-1,G2M,S,,0.8070174,3366.0
CAAACCTGTGCAAGTA-1,G1,S,late,0.11414569,1112.0
CAAACCTGTTATAGGG-1,G1,G1,late,0.070746355,403.0
CAAACCTGTTCACGAT-1,S,G1,,0.6758895,3173.0
CAAACCTGTTGGTGAA-1,G2M,S,,0.9123693,4940.0
CAAACCTGTTTACAGC-1,G1,S,late,0.13011701,1420.0
CAAACGGAGCATGCGT-1,G2M,G2M,,0.9293852,5543.0
CAAACTTAGAAGGGAA-1,G2M,G1,,0.8719635,3910.0
CAAACTTAGATTCGGC-1,G1,G1,late,0.09506473,770.0
CAAACTTAGCAGGGTA-1,S,G1,,0.67079943,3166.0
CAAACTTAGGGGTAGC-1,G2M,S,,0.9315312,5642.0
CAAACTTAGTAGGCTC-1,G1,G1,late,0.19675253,2479.0
CAAACTTAGTGAAGGT-1,G1,G1,late,0.16097888,1931.0
CAAAGCCTCAGGAGTG-1,G1,G1,late,0.17919225,2231.0
CAAAGCGAGAAGCCAG-1,G1,G1,late,0.17250033,2118.0
CAAAGCGAGGCATGTC-1,G2M,G1,,0.95361626,6441.0
CAAAGCTCACTTACAT-1,G1,G1,late,0.12868525,1390.0
CAAAGCTCAGGATGAA-1,G2M,G2M,,0.9370828,5891.0
CAAAGGGTCAGCGACT-1,G1,G1,late,0.1320134,1446.0
CAAAGGTAGGTATGAA-1,S,G1,,0.88478506,4204.0
CAAAGGTAGTAGCGAG-1,S,G1,,0.8941426,4411.0
CAAAGTAAGCTGGGTT-1,G1,G1,early,0.11753706,1179.0
CAAAGTAAGGTACACC-1,G2M,G2M,,0.95801693,6528.0
CAAAGTAAGGTACCCG-1,G1,G1,late,0.18628208,2338.0
CAAAGTAAGTCAGTTG-1,S,G2M,,0.9071668,4782.0
CAAATCACAACATGGT-1,G1,G1,late,0.15451887,1818.0
CAAATCACAGGCAGTC-1,G1,G1,late,0.17262083,2124.0
CAAATCCGTAACGCGG-1,G1,G1,early,0.20413835,2558.0
CAAATCCGTGATGGTA-1,S,G2M,,0.87722564,4026.0
CAAATCCGTTCTGTCC-1,G2M,G2M,,0.9566219,6500.0
CAAATGAAGCAAGCCT-1,S,S,,0.87626755,4007.0
CAAATGAAGGTTGCAC-1,S,G2M,,0.9294011,5547.0
CAAATGGGTTAGTACC-1,G1,G1,early,0.07236114,426.0
CAAATGTTCACACTGA-1,G1,S,late,0.10783656,1002.0
CAAATGTTCGTGCAAC-1,G1,G1,late,0.17950405,2240.0
CAACACGCAAGCCGAC-1,S,G1,,0.89729327,4491.0
CAACACGCATCCTACA-1,G1,S,early,0.06976344,385.0
CAACAGTCAAGCATGT-1,G1,S,late,0.11644129,1158.0
CAACAGTCATAACGGT-1,G1,S,late,0.19028263,2402.0
CAACAGTCATCCAATT-1,G2M,S,,0.95229834,6414.0
CAACATTAGATACTGT-1,G2M,S,,0.9047603,4698.0
CAACATTAGTCAGTAT-1,G1,G1,late,0.15066423,1745.0
CAACCAATCAAGTTCG-1,S,G1,,0.7559891,3257.0
CAACCAGCAAGCCATG-1,G1,G1,late,0.112146504,1073.0
CAACCAGCATTCGCAC-1,G1,G1,early,0.046157878,121.0
CAACCCAGTAACGCAA-1,G1,G1,early,0.14182132,1593.0
CAACCCAGTGATCCCA-1,G2M,S,,0.92865175,5513.0
CAACGAAGTAACGGCG-1,G1,G1,late,0.11463502,1124.0
CAACGAAGTGCATCGC-1,G1,G1,late,0.08848677,660.0
CAACGAAGTGGCTTGC-1,G1,G1,late,0.07687264,496.0
CAACGATCATTCAGCC-1,S,G1,,0.80957353,3372.0
CAACGGGGTGCAAGTA-1,S,G1,,0.7979162,3342.0
CAACTAACATCCTATG-1,G1,G1,late,0.06757103,353.0
CAACTAACATGGCCTT-1,S,G1,,0.8448804,3537.0
CAACTCCCAACTCGCT-1,G1,S,early,0.108080685,1007.0
CAACTCCCAATACGGT-1,G2M,S,,0.9389343,5972.0
CAACTCCCAATCTACT-1,G1,S,early,0.1278346,1377.0
CAAGACAGTCTCAGTG-1,G1,G1,late,0.14293066,1607.0
CAAGACAGTTATGAGG-1,G2M,S,,0.93068427,5608.0
CAAGACAGTTGGACCC-1,G1,G1,early,0.039948784,75.0
CAAGACTCAAAGGCAA-1,S,S,,0.8869594,4246.0
CAAGACTCAACCTTGC-1,S,G1,,0.45523337,2990.0
CAAGACTCAAGGTACT-1,G1,G1,late,0.09007791,683.0
CAAGACTCATCGGTAG-1,S,G1,,0.4898612,3012.0
CAAGATGGTAATCCTA-1,G1,G1,early,0.12544198,1331.0
CAAGCAAGTAGGTAGC-1,G1,G1,late,0.17359354,2141.0
CAAGCAAGTTGGAATG-1,G1,,late,0.15415114,1813.0
CAAGCATCACAGGGTC-1,G2M,G1,,0.8660263,3789.0
CAAGCCACAGCCATCT-1,G1,G1,early,0.0,1.0
CAAGCCACATTACAGA-1,G1,G1,late,0.21996571,2713.0
CAAGCCCGTTTACTGA-1,G2M,G2M,,0.92371804,5314.0
CAAGCGAAGCTGGCAT-1,S,G1,,0.9122367,4938.0
CAAGCGAAGTAGTTCG-1,G1,G1,early,0.14376682,1619.0
CAAGCGCCAAGTAGAG-1,G1,G1,late,0.14700846,1678.0
CAAGCGCCAATACATG-1,G2M,G1,,0.94599915,6247.0
CAAGCGCCAATGGAGA-1,G2M,G1,,0.9050203,4707.0
CAAGCGGGTTCGGTGC-1,G1,G2M,late,0.22364888,2738.0
CAAGCTCAGAATCAGA-1,G1,G1,late,0.06670406,345.0
CAAGCTCAGCGATACC-1,G1,S,late,0.22519445,2748.0
CAAGCTCAGTCGCTGG-1,G1,G1,late,0.083037645,584.0
CAAGCTGCACATTGGG-1,S,G1,,0.91916114,5149.0
CAAGCTGCAGTTGACG-1,G1,G1,late,0.121615276,1255.0
CAAGCTGCATTCATGT-1,S,G1,,0.849536,3575.0
CAAGGAACATCAATTC-1,G2M,G2M,,0.94189095,6096.0
CAAGGAACATTCCTGA-1,S,S,,0.86869454,3835.0
CAAGGATAGCATCCAA-1,S,G1,,0.8992913,4532.0
CAAGGATAGGATCCAC-1,G1,G1,late,0.13924432,1548.0
CAAGGATAGTCGCTGG-1,G1,G1,late,0.19622813,2472.0
CAAGGATAGTGAAGTA-1,G1,G1,late,0.0962115,787.0
CAAGGCAAGATAGCAA-1,G2M,G1,,0.9163314,5059.0
CAAGGCAAGCGGCATT-1,G1,G1,late,0.1234457,1294.0
CAAGGGATCATCTAGG-1,G1,S,late,0.15040353,1736.0
CAAGGGATCCTGCGTC-1,G2M,S,,0.93391824,5753.0
CAAGGGGCAAACCGCA-1,G1,G1,late,0.14362608,1617.0
CAAGGGGCAAATCGGT-1,S,G1,,0.89484745,4429.0
CAAGGGGCATGAATTG-1,G1,G1,late,0.21004693,2617.0
CAAGGTGAGCCGCATG-1,S,S,,0.86282814,3742.0
CAAGGTGAGCTAGGGA-1,S,G1,,0.9113398,4909.0
CAAGGTGAGGTAGGCA-1,G1,G1,late,0.17784154,2210.0
CAAGGTGAGTTAGCCA-1,S,G1,,0.9276547,5468.0
CAAGGTTCAACATCCC-1,G2M,G1,,0.9170551,5078.0
CAAGGTTCAAGTGAAG-1,G2M,G2M,,0.9292573,5539.0
CAAGGTTCACATAGTA-1,S,G1,,0.8589933,3685.0
CAAGGTTCAGCAGGAG-1,G1,S,late,0.21477705,2662.0
CAAGTAAAGTGAGTCC-1,G1,G1,late,0.16879806,2062.0
CAAGTAGGTAAGCCAA-1,G1,G1,late,0.08169063,565.0
CAAGTAGGTTCCAGTG-1,G1,G1,late,0.14712979,1682.0
CAAGTAGGTTGAAGGC-1,S,G2M,,0.9571878,6512.0
CAAGTCATCAGCCAAC-1,G1,G1,late,0.12044479,1241.0
CAAGTCATCTGTGCAA-1,S,S,,0.85300964,3608.0
CAAGTCATCTTGAACG-1,G1,G1,late,0.07986837,537.0
CAAGTCGCAACTCGTC-1,G1,G1,late,0.06961993,381.0
CAAGTCGCAGGATCAT-1,G2M,G1,,0.9575101,6523.0
CAAGTCGCATCCATGC-1,G2M,G2M,,0.94834864,6314.0
CAAGTCTGTCTAGAGA-1,G1,G1,late,0.31993443,2877.0
CAAGTCTGTGGACATA-1,G1,G1,late,0.088783495,666.0
CAAGTCTGTTCACCGA-1,G1,G1,late,0.07935305,534.0
CAAGTTACAGCACCTT-1,G2M,G1,,0.9293096,5541.0
CAAGTTACAGGCAGAG-1,G2M,G1,,0.93165296,5650.0
CAAGTTACATTACTAC-1,G1,G1,early,0.041944355,89.0
CAAGTTTAGGCAATGG-1,G2M,G1,,0.9708638,6744.0
CAAGTTTAGGTGACGA-1,S,G2M,,0.88880396,4279.0
CAATAGAAGCTATCTC-1,G1,G1,late,0.09097813,699.0
CAATAGAAGGCACTAC-1,G1,G1,late,0.23959826,2799.0
CAATAGCCAATACAGC-1,G1,G1,late,0.11419414,1116.0
CAATAGCCACATTCGC-1,G2M,S,,0.86954504,3848.0
CAATAGCCAGCAGTCA-1,S,G1,,0.5205307,3039.0
CAATATCAGTGCTGAC-1,G2M,G2M,,0.9962077,6893.0
CAATATCAGTTGCTCT-1,G1,G1,late,0.12571742,1341.0
CAATCATAGCGAACTC-1,G1,G1,late,0.12981705,1413.0
CAATCATAGCGAGAGC-1,S,G1,,0.60741866,3116.0
CAATCATAGGTGCATC-1,G2M,G1,,0.9356869,5813.0
CAATCATAGGTTACAT-1,G2M,G1,,0.9339123,5752.0
CAATCCCCAGGATCGC-1,G2M,G1,,0.9423339,6111.0
CAATCCGGTTAAGGGC-1,S,G1,,0.84405386,3531.0
CAATCCTTCTATCTCA-1,S,S,,0.8872586,4252.0
CAATCGATCTATCGGA-1,S,G1,,0.92870176,5516.0
CAATCTTCATTCATAC-1,G2M,G2M,,0.96929175,6717.0
CAATGCATCTCATGCT-1,G1,G2M,late,0.09191495,723.0
CAATGCATCTGGCCGA-1,G2M,S,,0.9125462,4944.0
CAATGCCAGTTACGGC-1,G1,G1,late,0.17739896,2205.0
CAATGGCTCCGCGATG-1,G2M,S,,0.9121566,4934.0
CAATGGCTCCTGATTC-1,G2M,S,,0.93532693,5798.0
CAATGGGAGGTGAAGT-1,G1,G1,late,0.16201974,1948.0
CAATGGTCAATATGCA-1,S,S,,0.8503332,3581.0
CAATGTTAGCATGCGT-1,S,G1,,0.8140203,3388.0
CAATTAGCAACATCGG-1,G2M,S,,0.94112885,6067.0
CAATTAGCACCATGTC-1,S,G2M,,0.9018032,4604.0
CAATTAGCATCCGTCG-1,G2M,G2M,,0.9220466,5251.0
CAATTCCTCACTATCC-1,G1,G1,early,0.05557055,210.0
CAATTGGTCCAGGTGT-1,G1,S,late,0.18635885,2341.0
CAATTTCCAACATGGT-1,G2M,G1,,0.9873751,6876.0
CAATTTCCATAGAGCT-1,G2M,G1,,0.86059904,3711.0
CAATTTCCATGACCTC-1,G2M,G2M,,0.9356678,5810.0
CACAACATCACGCATA-1,G1,G1,late,0.11926016,1225.0
CACAACATCCCATTAC-1,S,G1,,0.9409714,6061.0
CACAAGCTCACCTCAT-1,G2M,G1,,0.9429623,6148.0
CACAAGCTCATGCCAA-1,G2M,G2M,,0.9707398,6741.0
CACAAGCTCGCTATCT-1,G1,G1,early,0.037817612,61.0
CACAAGCTCGTCTCCA-1,G2M,S,,0.8890148,4284.0
CACAAGTCACTAGTAA-1,S,G1,,0.54434353,3054.0
CACAAGTCATCGCTAC-1,G2M,G1,,0.9508581,6379.0
CACAAGTCATGGCGTA-1,G1,G1,late,0.10469042,926.0
CACAATTAGTGCCGAT-1,G1,G1,late,0.15934594,1894.0
CACAATTAGTTACACG-1,S,G1,,0.84086484,3512.0
CACAATTAGTTAGTAC-1,S,G1,,0.80933654,3371.0
CACACAATCACGTAAT-1,G1,S,late,0.17046194,2086.0
CACACACAGCTAATCG-1,G1,G1,late,0.10514654,940.0
CACACAGCATTAGGTA-1,S,G2M,,0.8930056,4387.0
CACACCTCAAGGGTCC-1,G2M,S,,0.87494355,3978.0
CACACCTCATAAGTGC-1,G2M,G2M,,0.9328112,5695.0
CACACTAAGATAGCGG-1,S,G1,,0.3867307,2924.0
CACACTAAGGGTAGCA-1,G2M,G1,,0.9504152,6367.0
CACAGGTTCCTCATTA-1,S,G1,,0.50818175,3032.0
CACATAACAACCGTAG-1,G1,G1,early,0.11116459,1059.0
CACATAACAAGCTACG-1,G1,G1,early,0.1847573,2316.0
CACATAACAAGTCGAT-1,G2M,G1,,0.87219495,3914.0
CACATAGTCCGTGGAT-1,G2M,G2M,,0.93420386,5758.0
CACATAGTCTCACACT-1,G1,G1,early,0.04412694,102.0
CACATCAAGGTCAACC-1,G2M,G1,,0.9676897,6693.0
CACATCAAGTAAGTAG-1,G2M,G2M,,0.8937834,4403.0
CACATCAAGTTAACCG-1,G1,S,late,0.21026224,2624.0
CACATTGAGGCGATGA-1,G1,G1,late,0.11942025,1228.0
CACATTTCAACGGTGC-1,S,G1,,0.55113983,3063.0
CACCAAATCCCTCGAC-1,G1,G1,late,0.15980913,1911.0
CACCAACAGCCTATCT-1,G1,G1,early,0.033545453,43.0
CACCAACAGGTCATTG-1,G2M,G2M,,0.88450706,4200.0
CACCACCTCCAACTGA-1,G2M,G1,,0.87746024,4031.0
CACCACCTCCACCGGA-1,G1,G1,early,0.04179024,86.0
CACCACCTCGAGTACC-1,G2M,S,,0.9417487,6090.0
CACCACCTCGTGATGC-1,G1,G1,late,0.19509481,2458.0
CACCAGACAAGCCGTA-1,G2M,S,,0.9251069,5361.0
CACCAGACAGCCATTC-1,G2M,G2M,,0.95127285,6389.0
CACCAGACATAACTCT-1,S,G1,,0.7644102,3272.0
CACCAGACATTACTAC-1,G2M,G1,,0.9324313,5679.0
CACCAGTAGAACCATT-1,G1,G1,early,0.10022821,855.0
CACCAGTAGCCTAAGC-1,G1,G1,late,0.26497826,2840.0
CACCAGTAGGATGCCT-1,S,G2M,,0.92370886,5313.0
CACCAGTAGTAGCACC-1,G1,G1,early,0.059104085,254.0
CACCAGTAGTGCAACC-1,G1,G1,late,0.21364158,2650.0
CACCATAAGAACCATT-1,G1,G1,late,0.15987848,1913.0
CACCATAAGGTTCGTA-1,S,G2M,,0.8785412,4052.0
CACCATAAGTAGTCAT-1,G2M,G1,,0.9210903,5214.0
CACCATAAGTTAGCTG-1,S,S,,0.93841106,5946.0
CACCATCCAATCGTCC-1,G2M,G1,,0.9374446,5907.0
CACCATCCAGGATGCC-1,G1,G1,early,0.0655669,329.0
CACCATTTCCTCATGT-1,G2M,G1,,0.9094401,4855.0
CACCATTTCTCACATC-1,G1,G1,early,0.088555075,663.0
CACCCAAGTGATGATG-1,S,S,,0.85249126,3606.0
CACCCATCAATCTACT-1,G2M,G1,,0.9584133,6536.0
CACCCGTTCGCTTGGG-1,G1,G1,late,0.16500688,1991.0
CACCCTTGTATTAGGG-1,S,G2M,,0.8389572,3499.0
CACCCTTGTCATTGGT-1,G1,G1,late,0.08694085,641.0
CACCGAACACCAACGA-1,G2M,G1,,0.9237001,5311.0
CACCGATAGCCACGAT-1,G2M,S,,0.9011249,4578.0
CACCGATAGCCATAGC-1,G2M,G1,,0.95405006,6451.0
CACCGATAGGGGATGC-1,G1,G1,late,0.20486788,2570.0
CACCGATAGTGAGAGT-1,G2M,G2M,,0.95158494,6396.0
CACCGCAAGCGGTAAG-1,G1,G1,late,0.10203147,884.0
CACCGCAAGGCGTAGA-1,S,G1,,0.49273723,3013.0
CACCGCAAGGTGACTC-1,G1,G1,late,0.14665705,1673.0
CACCGCTTCCAGGTAC-1,G1,G1,early,0.19503357,2457.0
CACCGCTTCGATTGCA-1,S,G2M,,0.9265795,5416.0
CACCGTAGTGAACTAG-1,G2M,G1,,0.918154,5113.0
CACCGTAGTTAGCCTG-1,G2M,G1,,0.94519347,6221.0
CACCGTTCAACCCTAC-1,G1,G1,late,0.1046098,924.0
CACCGTTCAATACTCT-1,G1,G1,late,0.06726014,351.0
CACCGTTCAATATGCA-1,G1,G1,early,0.16661248,2020.0
CACCGTTCACAATGAC-1,G2M,S,,0.8972294,4487.0
CACCGTTCACCTTCCC-1,G2M,S,,0.92724746,5450.0
CACCGTTCATGACTAA-1,G2M,G1,,0.92833316,5499.0
CACCGTTCATGGATGT-1,S,G1,,0.40246123,2940.0
CACCTATTCATCGAAT-1,G2M,G2M,,0.9382778,5940.0
CACCTCATCGAGTGTC-1,G1,S,late,0.05605588,215.0
CACCTCGCAAATGCCG-1,G1,G1,early,0.11885812,1216.0
CACCTCGCAACCTTCA-1,G2M,G1,,0.9333109,5725.0
CACCTCGCACATGAAC-1,G2M,G2M,,0.9242918,5337.0
CACCTCTGTGCACCAC-1,G1,G1,late,0.14885493,1710.0
CACCTCTGTTTCAGCG-1,G2M,G1,,0.9377909,5923.0
CACCTGCTCCGCCAGA-1,G2M,G1,,0.8949467,4432.0
CACCTGCTCGAGGTCT-1,G2M,G2M,,0.95978296,6559.0
CACGAAAGTAATCCTA-1,S,S,,0.87800294,4039.0
CACGAAAGTGCATCCA-1,G1,G1,late,0.1593915,1896.0
CACGAAAGTTGGTAGA-1,G1,G2M,late,0.14607753,1665.0
CACGACTAGATAGAGC-1,S,S,,0.53289807,3047.0
CACGACTAGCTTACCT-1,G2M,G2M,,0.9299205,5571.0
CACGACTAGGTACGAG-1,G1,G1,late,0.17999624,2249.0
CACGACTAGTGAGTGG-1,S,G2M,,0.872339,3916.0
CACGAGGGTAGGCTGG-1,G2M,G2M,,0.9050695,4712.0
CACGAGGGTATTGACC-1,S,G1,,0.7120004,3203.0
CACGAGGGTCAGTGCC-1,G1,G1,late,0.059988733,265.0
CACGAGGGTTTGACTA-1,G2M,G2M,,0.9477154,6290.0
CACGATGCAAACCATA-1,G1,S,late,0.21474437,2661.0
CACGATTGTAGTGTGA-1,G2M,S,,0.86225015,3733.0
CACGATTGTATAGCAG-1,G1,G1,late,0.17097762,2097.0
CACGCAACAAATGGTC-1,G1,G1,late,0.1974762,2490.0
CACGCAACAGCCAATG-1,S,G1,,0.8774741,4032.0
CACGCCAAGCAAGCCT-1,G1,G1,late,0.100244455,856.0
CACGCTAGTAAGCTCT-1,G1,G1,late,0.11379179,1105.0
CACGCTAGTAGTCAGA-1,G1,G1,late,0.1142209,1118.0
CACGCTAGTGCAGTCC-1,S,S,,0.86863357,3832.0
CACGCTAGTTTACTGA-1,S,S,,0.8831921,4168.0
CACGGCTGTAGGCTGG-1,G2M,S,,0.9707691,6743.0
CACGGCTGTGAGACGT-1,S,G1,,0.8725207,3919.0
CACGGCTGTTAGGTGA-1,G1,G1,late,0.089829236,679.0
CACGGGTCACCACACT-1,G2M,S,,0.9019794,4611.0
CACGGTTAGCGCCAAT-1,G1,,late,0.13252474,1451.0
CACGGTTAGTAGACTT-1,G1,G1,late,0.11173709,1070.0
CACGGTTAGTTGGCCG-1,G1,G1,late,0.090341285,688.0
CACGTAATCACCACGG-1,S,G1,,0.90143067,4590.0
CACGTAATCTAGTAAC-1,G1,G1,late,0.15349726,1796.0
CACGTTGGTTGCATGT-1,G2M,G2M,,0.95767826,6527.0
CACGTTGGTTGGATGA-1,S,G1,,0.8552417,3634.0
CACTAACGTCAGCGAG-1,S,S,,0.86971915,3852.0
CACTAACGTGAACGAC-1,G2M,G1,,0.9057606,4739.0
CACTAACGTGATCAGA-1,S,G1,,0.63942856,3145.0
CACTAACGTTAGCGAA-1,G2M,G2M,,0.90426713,4680.0
CACTACAAGGCTTGGT-1,G2M,G1,,0.9630848,6617.0
CACTACAAGTGCTCAA-1,G1,G1,late,0.07664625,488.0
CACTACCCACATTCCA-1,G2M,G2M,,0.9516322,6397.0
CACTACCCATCACTCA-1,G1,G1,late,0.13311568,1460.0
CACTACTTCCAGGTTA-1,G1,G1,late,0.14139192,1583.5
CACTACTTCCCTGTGC-1,G2M,S,,0.92577165,5389.0
CACTACTTCCTGCGTC-1,G2M,G1,,0.9138689,4980.0
CACTATGAGCTGGCAT-1,G1,G1,late,0.09187645,720.0
CACTCAAAGAATCGCC-1,S,G1,,0.8740837,3956.0
CACTCAAAGATTAGGA-1,G1,G1,late,0.15264212,1780.0
CACTCAAAGCAAGTGG-1,G2M,G2M,,0.9295738,5557.0
CACTCAAAGGTATAGA-1,G1,G1,late,0.064996265,319.0
CACTCACCAACCCGAA-1,S,S,,0.77183163,3290.0
CACTCACCACATTCGC-1,G2M,G1,,0.97115505,6752.0
CACTCACCACCATCCG-1,G2M,G2M,,0.9405557,6037.0
CACTCACCATCAAGGT-1,G1,G1,early,0.16376649,1972.0
CACTCCATCCGTCCAC-1,S,G1,,0.88281584,4158.0
CACTCCGCACAACGGC-1,S,G2M,,0.8756573,3995.0
CACTCGCTCCACCGTC-1,S,G2M,,0.91516805,5016.0
CACTGCCTCAGTTCGA-1,G2M,G1,,0.95594776,6490.0
CACTGCCTCCTTCATA-1,G2M,G1,,0.8732576,3937.0
CACTGCCTCGATGGCT-1,G2M,G2M,,0.96289086,6612.0
CACTGCCTCTATCTGC-1,G2M,G1,,0.8756199,3993.0
CACTGGACACTCGGTT-1,G1,G1,late,0.112336025,1076.0
CACTGGACATGGTGAT-1,G1,G1,late,0.15523697,1825.0
CACTGGGTCACCTAGA-1,G2M,S,,0.92484915,5352.0
CACTGGGTCGCGAGTT-1,G1,G1,late,0.17894782,2225.0
CACTGGGTCTGGTCGG-1,G1,G1,late,0.123960376,1305.0
CACTGTCCAGGAAGCG-1,G1,G1,late,0.19374678,2444.0
CACTTCACAACTTCAT-1,G2M,G1,,0.944014,6170.0
CAGCAAAGTTTACTTC-1,G1,G1,late,0.0414228,83.0
CAGCAATCAAGTTCCC-1,G1,G1,late,0.07680002,494.0
CAGCAATCACTTCGCG-1,G1,G1,late,0.17963909,2243.0
CAGCACTAGGTTCAAT-1,S,S,,0.8813523,4128.0
CAGCACTAGTACGCAC-1,G1,,early,0.11876291,1212.0
CAGCAGCCAAGGTTAC-1,S,G1,,0.71753174,3209.0
CAGCAGCCACCAGGAC-1,S,S,,0.8844944,4199.0
CAGCAGCCAGCTCTGT-1,G1,G1,early,0.09248579,733.0
CAGCATATCACAGGTC-1,G1,G1,early,0.11613438,1154.0
CAGCATATCCTGATTC-1,S,G1,,0.94815326,6307.0
CAGCATATCCTGGTCC-1,G2M,G1,,0.97298294,6778.0
CAGCATATCTGGGATC-1,S,S,,0.37731057,2915.0
CAGCATTGTCAATGTC-1,G1,G1,late,0.15574788,1831.0
CAGCATTGTTCGCCTT-1,S,G1,,0.92077255,5198.0
CAGCCTAGTTGCACAT-1,G2M,G1,,0.928585,5509.0
CAGCGAGGTCTGGCTA-1,G2M,,,0.9325643,5682.0
CAGCGAGGTTTGCAGT-1,G2M,G1,,0.95498204,6470.0
CAGCGATTCCTCATGT-1,S,G1,,0.64784634,3153.0
CAGCGCATCATCACCT-1,G2M,G1,,0.93398106,5754.0
CAGCGCATCGCTCCGT-1,G1,G1,early,0.14103691,1577.0
CAGCGCATCTAACTGG-1,S,G1,,0.61622185,3124.0
CAGCGGTCAACATGAC-1,G1,G1,late,0.10277564,893.0
CAGCGGTCAACCGCAA-1,G1,G1,late,0.18508406,2321.0
CAGCGGTCATTAGAGC-1,G1,G1,late,0.22318052,2734.0
CAGCTAATCAGGGCAA-1,G2M,G2M,,0.9662459,6677.0
CAGCTATGTTCCAGTG-1,G1,G1,late,0.17016423,2082.0
CAGCTCTCAAAGGAGC-1,S,S,,0.8403888,3507.0
CAGCTTGGTATTGAGG-1,S,G1,,0.5078234,3030.0
CAGCTTGGTGAGCAAC-1,G1,G1,early,0.06625952,337.0
CAGGAACGTAAGGGTC-1,G1,G1,late,0.113457866,1093.0
CAGGACAAGCTTACGA-1,G2M,G2M,,0.9201938,5178.0
CAGGAGGCAAACTCAA-1,G1,G1,late,0.11066475,1052.0
CAGGAGGCAAGTGTAC-1,S,G1,,0.8748319,3974.0
CAGGAGGCATTCAGTT-1,S,G1,,0.81530404,3391.0
CAGGATAGTAACCCAT-1,G1,G1,late,0.15259112,1779.0
CAGGATTCAATTACCT-1,G1,G1,late,0.2007837,2528.0
CAGGATTCAATTCGTT-1,S,G1,,0.88489324,4208.0
CAGGCACCACCATCAC-1,G2M,S,,0.9407646,6050.0
CAGGCCATCACGTAAT-1,G2M,G1,,0.9745122,6793.0
CAGGCCATCATGGCGT-1,G2M,G2M,,0.956889,6506.0
CAGGCCATCCATCTGT-1,G2M,G2M,,0.9368723,5881.0
CAGGCCATCGATTGCA-1,G1,G1,late,0.09158453,713.0
CAGGCCATCGCGCAAT-1,G2M,G2M,,0.92866164,5514.0
CAGGCCATCGTTACTC-1,G2M,G1,,0.9406826,6049.0
CAGGCGAGTGGCGACA-1,S,G1,,0.6341143,3140.0
CAGGCGAGTTGCGGCT-1,G1,G1,early,0.06648859,341.0
CAGGCGAGTTTCGGCA-1,G1,G1,late,0.105363294,950.0
CAGGGATGTGATTGAG-1,G1,G1,late,0.13321336,1462.0
CAGGGATGTGGCGACA-1,G1,G1,late,0.069910035,388.0
CAGGGATGTTCCGCAA-1,S,G1,,0.90262824,4629.0
CAGGGATGTTTAGCCG-1,G1,G1,late,0.12977146,1410.0
CAGGGCAGTCTAATCA-1,G1,G1,early,0.064335145,308.0
CAGGGCAGTGATGGCG-1,G1,G1,late,0.22506939,2747.0
CAGGGCTCAACCCTGT-1,G1,G1,late,0.20200819,2540.0
CAGGGCTCACATTAAG-1,G1,G1,late,0.18687242,2354.0
CAGGGGACAATCGAGT-1,S,G2M,,0.89475155,4425.0
CAGGGGACAGGATACT-1,G2M,G1,,0.9323527,5677.0
CAGGGGACAGTAATTG-1,G1,G2M,late,0.11851085,1206.0
CAGGGGTAGAAGCCTC-1,S,G2M,,0.8672264,3814.0
CAGGGGTAGCGCATGT-1,G2M,G1,,0.8668103,3805.0
CAGGGGTAGGTACCAC-1,G1,G1,late,0.14540568,1657.0
CAGGGTTTCAGCTACA-1,S,G1,,0.56556684,3080.0
CAGGTAAGTATAGCAG-1,G1,G1,early,0.014827046,3.0
CAGGTAAGTATGTACC-1,G2M,G1,,0.9305351,5599.0
CAGGTAAGTCTCAGTG-1,S,S,,0.9312486,5624.0
CAGGTAAGTGCGAGTG-1,S,S,,0.8667736,3804.0
CAGGTCACAATCAGAC-1,G2M,S,,0.9686278,6702.0
CAGGTCACAGGCATTG-1,G2M,S,,0.9063935,4759.0
CAGGTCCGTGACGACG-1,G2M,G2M,,0.9413335,6075.0
CAGGTGAAGTGGCTTA-1,G1,G1,late,0.18791725,2370.0
CAGGTTATCCTCGACC-1,S,G2M,,0.87412655,3958.0
CAGTAACCAATTCAGA-1,G2M,S,,0.9392232,5985.0
CAGTAACCAGTTAGAC-1,G1,S,late,0.11916904,1222.0
CAGTAAGGTAGCAGGT-1,G1,G1,late,0.14432718,1635.0
CAGTAAGGTCCATCAG-1,G1,G1,late,0.109038815,1020.0
CAGTAGCTCAGCACTA-1,G1,G1,early,0.06973183,383.0
CAGTAGCTCAGTACCA-1,G1,G1,early,0.058203373,243.0
CAGTAGTCAAGTTCGG-1,G1,G1,late,0.044763632,109.0
CAGTAGTCAATGTATG-1,G2M,G1,,0.9374238,5905.0
CAGTAGTCAGGCATTG-1,G2M,G2M,,0.9341084,5755.0
CAGTATTAGAAGGTGT-1,G2M,G1,,0.9882571,6877.0
CAGTATTAGCCGAGTT-1,G1,G1,late,0.20275387,2547.0
CAGTATTAGCTAACGC-1,G2M,G2M,,0.9500165,6353.0
CAGTCAATCGATGGAG-1,G1,G1,early,0.0829249,581.0
CAGTCCTCAACCATCC-1,G2M,G2M,,0.9302804,5587.0
CAGTCCTCAACGGCTA-1,G2M,G2M,,0.929521,5554.0
CAGTCCTCACCTTAGC-1,G2M,G2M,,0.9372619,5901.0
CAGTCCTCATAGGCGC-1,G2M,S,,0.93788487,5926.0
CAGTCCTCATGACAGT-1,G2M,G1,,0.90468276,4695.0
CAGTGTTGTAAGCGTA-1,G2M,S,,0.91986907,5170.0
CAGTGTTGTGCATTCG-1,S,S,,0.85818046,3666.0
CAGTTAACAACCTTCA-1,G2M,G1,,0.9592049,6549.0
CAGTTAACAGCCATTC-1,G2M,G2M,,0.9306689,5607.0
CAGTTAACATGGCCTT-1,G1,G1,early,0.16348907,1965.0
CAGTTAACATGGCTGA-1,S,G1,,0.8849299,4210.0
CAGTTACGTCTAACCG-1,G2M,G1,,0.94749665,6283.0
CAGTTACGTTAGAGTG-1,G2M,G1,,0.85232604,3604.0
CAGTTACGTTGAAGTG-1,G1,G1,late,0.12556528,1333.0
CAGTTAGTCGTTGCTT-1,S,G1,,0.7816791,3309.0
CAGTTATAGCAAGGCA-1,G2M,S,,0.9360078,5831.0
CAGTTATAGCTATACG-1,G2M,G1,,0.9475092,6284.0
CAGTTATAGGCGAGGT-1,G1,S,late,0.10021416,854.0
CAGTTCCCATTAACCT-1,S,S,,0.8532513,3614.0
CAGTTTGAGCCAGAGA-1,G1,G1,late,0.16661295,2021.0
CAGTTTGAGTCGAGTC-1,G1,G1,late,0.15945598,1900.0
CAGTTTGAGTGCCCGA-1,G1,G1,early,0.11999917,1235.0
CATAAGCCAATAGGCT-1,G1,G1,late,0.13579413,1498.0
CATAAGCCAATTCACT-1,G2M,G2M,,0.9592096,6550.0
CATAAGCCATGATCCC-1,G2M,G1,,0.9520816,6407.0
CATAAGCCATTCATCG-1,G1,G1,late,0.07888308,528.0
CATAAGGGTTAGTGGA-1,G1,G2M,early,0.0675747,354.0
CATAAGGGTTATCAGC-1,G2M,S,,0.9158466,5038.0
CATACAACAGGATGAA-1,G1,G1,late,0.20160864,2535.0
CATACAACAGGGACAG-1,G1,G1,late,0.112482876,1079.0
CATACAACATCCCGAT-1,G1,G1,early,0.08915036,670.0
CATACAACATGCGTCT-1,G2M,G2M,,0.92798716,5484.0
CATACATAGCATAGCC-1,G2M,G2M,,0.933899,5749.0
CATACCTTCAGGCTAC-1,S,G1,,0.9084403,4823.0
CATACCTTCGCTCTCA-1,G1,G1,early,0.10250225,886.0
CATACTGAGCAACCTA-1,G1,S,late,0.139582,1554.0
CATACTTCATTGACGG-1,G1,G1,early,0.0644582,310.0
CATAGAGGTAGTGCTT-1,G1,G1,late,0.21561147,2668.0
CATAGAGGTTAGACCT-1,G2M,G2M,,0.9490565,6336.0
CATAGATTCAGGCTTA-1,G1,S,late,0.198573,2504.0
CATAGATTCCCGTGTC-1,G2M,S,,0.94730544,6276.0
CATAGCATCACCCTTG-1,S,G1,,0.89880085,4520.0
CATAGCCAGGTCATTG-1,G1,G1,late,0.09372959,751.0
CATAGCGCAACCTCGT-1,G2M,G1,,0.91429406,4995.0
CATAGCGCAACGTTAA-1,G2M,G2M,,0.9362425,5847.0
CATAGCGCATCCAACC-1,G2M,G1,,0.8947316,4424.0
CATAGCTGTAACGCAA-1,G2M,G2M,,0.945281,6223.0
CATAGCTGTGGAAGGA-1,G2M,G2M,,0.92070395,5197.0
CATAGGCTCTATGGTG-1,S,S,,0.8587762,3679.0
CATAGGGAGATACTAC-1,G1,S,early,0.14355414,1615.0
CATAGGGAGCAACTCA-1,S,G2M,,0.87690943,4019.0
CATAGGGAGGGTGAAT-1,S,S,,0.88521975,4217.0
CATAGGTCAATCGTGG-1,S,G2M,,0.89679956,4480.0
CATAGGTCACTAACCC-1,G2M,G1,,0.85582256,3642.0
CATAGTTAGGGGCATA-1,G1,G1,late,0.17795935,2212.0
CATATAGCACATTGAA-1,G2M,G2M,,0.94780654,6296.0
CATATAGCAGGGCATC-1,G1,G1,late,0.1778047,2209.0
CATATAGCATGATCCC-1,G2M,G2M,,0.94744724,6280.0
CATATCCTCAGGCAAG-1,G2M,G1,,0.8546164,3625.0
CATATCCTCTAAGTAC-1,S,G1,,0.88182974,4134.0
CATATGGTCCTGCTCA-1,G2M,G2M,,0.90909714,4841.0
CATATGGTCGATTGGC-1,G2M,G1,,0.94480425,6205.0
CATATGGTCGCGCTTC-1,G1,G1,late,0.12520672,1330.0
CATATTCCAAATGCGT-1,G2M,S,,0.9020668,4613.0
CATATTCCACAATCGG-1,S,G1,,0.8411593,3514.0
CATATTGGTGAAGGTC-1,S,G2M,,0.89125144,4340.0
CATATTGGTGAGTAAT-1,G1,G1,late,0.20161818,2536.0
CATATTGGTTGGGTCC-1,S,G1,,0.4381341,2976.0
CATATTGGTTGTGCTG-1,S,G1,,0.5224646,3041.0
CATCAATAGATTAGCT-1,S,S,,0.77478296,3296.0
CATCAATAGGAATGTA-1,G1,S,late,0.064775065,317.0
CATCAATAGGATCTCA-1,G1,G1,late,0.14056964,1567.0
CATCACAAGAACGAGT-1,S,G1,,0.88467854,4203.0
CATCACAAGCCGAGTT-1,S,G1,,0.90940136,4854.0
CATCACTTCAATCGGC-1,G1,G1,late,0.13007073,1418.0
CATCACTTCAGCACCG-1,G2M,S,,0.94488305,6208.0
CATCACTTCCGGAACT-1,G1,G1,early,0.19544496,2461.0
CATCACTTCGTTCGTT-1,G1,G1,late,0.3874714,2925.0
CATCACTTCTATCTCA-1,G2M,G1,,0.9426784,6131.0
CATCAGGCACTAGCCT-1,G1,S,late,0.123112805,1286.0
CATCATTCAACCAAGT-1,G1,G1,late,0.05743027,234.0
CATCATTCAGCCAGGT-1,G2M,G1,,0.95642585,6496.0
CATCATTCATTACGTT-1,G2M,G1,,0.9408574,6054.0
CATCCAGGTAGGCCAG-1,G2M,G1,,0.9299643,5577.0
CATCCAGGTTCACTGG-1,S,G1,,0.8792287,4063.0
CATCCCATCCAGAGAG-1,S,G1,,0.72609186,3217.0
CATCCCATCTTGATGG-1,G1,G1,late,0.098446935,814.0
CATCCCGCAATTCGCC-1,S,G1,,0.84710485,3557.0
CATCCCGCACTTGCGT-1,S,G1,,0.71582377,3208.0
CATCCGGAGGATTACT-1,G2M,G1,,0.9563279,6494.0
CATCGCCTCATCTCTA-1,G1,G1,late,0.07697712,500.0
CATCGCCTCCTGAAGC-1,G2M,G1,,0.9049125,4703.0
CATCTAAGTTAGCCAT-1,G1,G1,late,0.16871874,2061.0
CATCTAAGTTCGATTA-1,G1,G1,late,0.14406723,1627.0
CATCTCACAAACCTAA-1,G2M,G2M,,0.93453777,5774.0
CATCTCACAAGTTAGC-1,G2M,G1,,0.95636904,6495.0
CATCTGTTCAGCACGT-1,S,S,,0.8727182,3927.0
CATCTGTTCCCAGGAT-1,G1,G1,early,0.14914277,1715.0
CATCTGTTCCCTGGAG-1,G1,G1,late,0.13706668,1519.0
CATCTGTTCGCGCTGA-1,G2M,G1,,0.7334309,3223.0
CATCTGTTCTATGGGC-1,G1,G1,early,0.11446673,1122.0
CATGAACCAAATGCAC-1,G2M,G2M,,0.94323194,6156.0
CATGAACCAACCTCTA-1,G2M,G1,,0.7365862,3224.0
CATGAAGGTAAGTTCC-1,G1,S,late,0.19239907,2427.0
CATGAAGGTCTCACCT-1,G2M,G2M,,0.9386626,5958.0
CATGATTAGAACGAGT-1,S,G1,,0.5624831,3076.0
CATGATTAGGTTCGGT-1,S,G2M,,0.915301,5022.0
CATGCCTCAAGTGTCG-1,G1,G2M,late,0.17606233,2179.0
CATGCCTCAGTTGCTC-1,G1,G1,early,0.16527945,1994.0
CATGCGCGTTGTAGGA-1,S,G2M,,0.9004114,4563.0
CATGCGCGTTTGCACG-1,G1,G1,late,0.21830128,2699.0
CATGGGTTCACGTAAT-1,G1,,late,0.1800694,2250.0
CATGGGTTCCCTCTGA-1,G2M,G2M,,0.9692134,6714.0
CATGGTTGTTAAGTGG-1,G1,G1,late,0.17060208,2088.0
CATGGTTGTTCACGCA-1,G1,S,late,0.17220445,2116.0
CATGGTTGTTTGACAC-1,S,G1,,0.73765045,3225.0
CATGTCAAGCCAGACT-1,S,G1,,0.7803679,3306.0
CATGTCAAGGTTAGCC-1,S,G1,,0.34910575,2893.0
CATGTCAAGTGCTTAG-1,G1,G1,early,0.17643844,2186.0
CATGTTAGTTCCCTGT-1,G2M,G1,,0.9450781,6216.0
CATGTTAGTTCCTCTA-1,G2M,G1,,0.897273,4489.0
CATGTTGAGCTAGGTC-1,S,G2M,,0.8255442,3429.0
CATTAACAGTGCGGAA-1,G2M,S,,0.89535177,4441.0
CATTACCTCAGTTGGC-1,G2M,G2M,,0.95433766,6455.0
CATTACCTCGCGCTGA-1,G1,G1,late,0.08311456,589.0
CATTACCTCGTACTTC-1,G2M,G1,,0.917291,5083.0
CATTAGGTCCGCACCT-1,G2M,G1,,0.9554532,6478.0
CATTAGTAGTTGGATT-1,G1,G1,late,0.16671664,2022.0
CATTCAAGTCAGCACC-1,G2M,G1,,0.9435157,6161.0
CATTCAAGTTCGAGCC-1,G1,G1,late,0.047828287,137.0
CATTCATCACAAGGTT-1,G1,G1,late,0.2379116,2792.0
CATTCATCACCTTCAA-1,G2M,S,,0.94258296,6123.0
CATTCGAAGTGATTAC-1,G2M,S,,0.9176293,5094.0
CATTCGCCAAAGGAAT-1,G1,G1,late,0.061916582,288.0
CATTCGCCACCTTACA-1,G1,G1,late,0.17359443,2142.0
CATTCGTTCTAATGGT-1,G1,G1,late,0.08820944,657.0
CATTCTATCCCAGAGT-1,S,S,,0.863857,3757.0
CATTGGATCCCCAGCT-1,G2M,S,,0.86828005,3828.0
CATTGGATCCGCGCAA-1,G2M,G1,,0.9589614,6545.0
CATTGGGCACTTAGCC-1,G1,G1,early,0.021237168,8.0
CATTGTGAGCAACCGT-1,S,G2M,,0.88809586,4268.0
CATTGTGAGCCCTGTC-1,G1,G1,early,0.044186484,103.0
CATTTCATCCGCAAGT-1,G1,G1,late,0.08672789,637.0
CATTTCGCAACTACTT-1,G2M,G2M,,0.9401688,6019.0
CATTTCGCAATAGTGC-1,S,G2M,,0.92846996,5504.0
CATTTGAGTATTGGGA-1,S,G1,,0.88034433,4095.0
CATTTGAGTCATGAAG-1,G2M,G1,,0.9359093,5823.0
CATTTGAGTTGGACGG-1,G2M,G1,,0.95086265,6381.0
CATTTGCTCTAATCGG-1,G2M,S,,0.90562415,4733.0
CATTTGCTCTGGAAGG-1,G1,G1,late,0.1984528,2503.0
CATTTGGAGCCACTAA-1,G2M,G1,,0.91554904,5028.0
CATTTGGAGCCCGTCT-1,S,S,,0.8485981,3566.0
CATTTGGAGGTTACTG-1,G1,G1,late,0.15989076,1914.0
CATTTGGAGTGTCCTT-1,S,G2M,,0.92570245,5385.0
CCAAATGTCCGTGCTC-1,G2M,S,,0.87127215,3892.0
CCAAATTAGCATGGCT-1,G1,G1,late,0.1269139,1359.0
CCAACCCTCCGGTACG-1,S,G1,,0.9023026,4618.0
CCAACCCTCGATAGGG-1,G1,G1,late,0.12572472,1342.0
CCAACCTCAAGCCAGC-1,G1,G1,early,0.08972041,678.0
CCAACCTCACCTATAT-1,S,G1,,0.9256979,5383.0
CCAACCTCACTTGGTC-1,S,G1,,0.57054305,3086.0
CCAACTAAGATAGTCT-1,G1,G1,early,0.057067215,230.0
CCAACTAAGGCTTCCC-1,G1,G1,late,0.17612222,2182.0
CCAACTGGTGAGCGTG-1,S,G2M,,0.9015446,4597.0
CCAACTGGTTCGTGCA-1,S,S,,0.8766874,4015.0
CCAAGGGGTTTACAGC-1,G1,G1,late,0.17063004,2089.0
CCAAGGTTCACTCTCG-1,G2M,G1,,0.94330287,6159.0
CCAAGGTTCGTAGTGC-1,G2M,G1,,0.85911494,3688.0
CCAAGGTTCTCATTGC-1,G1,G1,early,0.071327195,409.0
CCAAGTCAGCCTGTGG-1,G1,G1,late,0.1719766,2113.0
CCAATAGTCGTAATGT-1,G1,G1,late,0.056699667,223.0
CCAATATAGGGCTTCG-1,S,G2M,,0.8877259,4259.0
CCAATCCCAGCAGTTG-1,G1,S,early,0.07418998,452.0
CCAATCCCATAGACAC-1,G2M,G2M,,0.91491276,5007.0
CCAATTAGTCATTACA-1,G1,G1,early,0.06844655,366.0
CCAATTAGTTGCACTG-1,G2M,G1,,0.9760041,6808.0
CCAATTAGTTGTCCAG-1,G2M,G2M,,0.9523985,6415.0
CCAATTGAGGAGGCAC-1,S,G1,,0.9305136,5597.0
CCAATTGAGGGTGAAT-1,S,G1,,0.815025,3390.0
CCAATTTCAACTAATG-1,G2M,G2M,,0.92390954,5321.0
CCACAACAGAAGCGTG-1,G1,G1,early,0.11044905,1047.0
CCACAACAGCGCTTAA-1,G1,G1,early,0.04918701,149.0
CCACAACAGTAACCTG-1,G1,G1,early,0.051722374,181.0
CCACACAGTGAAGTTG-1,S,G1,,0.8746943,3971.0
CCACACAGTGCAACTT-1,G1,G1,late,0.16853458,2057.0
CCACACAGTGGCGATG-1,G1,G1,late,0.17035902,2084.0
CCACACAGTTAGCACT-1,G1,G1,early,0.117099985,1170.0
CCACACAGTTGCTGTG-1,G1,G1,late,0.15081985,1747.0
CCACATAAGCAAGCCT-1,G1,G1,early,0.051660433,180.0
CCACATAAGTAGTTAC-1,G2M,S,,0.93326384,5724.0
CCACATCCAGGCAATT-1,G2M,G1,,0.9218807,5246.0
CCACATCCATGGTCTC-1,G2M,G1,,0.9377165,5918.0
CCACATGGTTGCTGTG-1,G1,G1,late,0.15301979,1786.0
CCACCAAGTAACGGGT-1,G1,G1,early,0.23023045,2768.0
CCACCATCAAGGGACG-1,G1,G1,late,0.20283288,2548.0
CCACCGTTCAGCTACA-1,G2M,G2M,,0.97604984,6809.0
CCACCGTTCCTCTCCT-1,G1,G1,late,0.18808334,2373.0
CCACCGTTCGAAGCTC-1,G1,G1,late,0.1603802,1925.0
CCACCTATCACACAGC-1,G1,G1,late,0.17314634,2133.0
CCACCTATCCATGACA-1,G2M,G1,,0.9389843,5974.0
CCACCTATCCGTGTCC-1,G2M,G2M,,0.94066656,6047.0
CCACCTCAGGAACCGA-1,G2M,G2M,,0.9495531,6343.0
CCACCTGCAAACCCAG-1,G2M,S,,0.8715404,3901.0
CCACCTGCATCACTGC-1,S,S,,0.33936903,2887.0
CCACCTTGTCATCAAC-1,G1,G1,late,0.13648215,1507.0
CCACCTTGTGATTCGT-1,S,G1,,0.73837095,3226.0
CCACCTTGTTGCTTAA-1,G1,G1,late,0.20962678,2615.0
CCACGAACATCAATCT-1,G1,G1,early,0.11473281,1128.0
CCACGAACATTCCTCT-1,G2M,S,,0.93152434,5639.0
CCACGCAAGAACCTCA-1,G2M,G1,,0.9209235,5208.0
CCACGCAAGATACTCG-1,G2M,G2M,,0.94255805,6122.0
CCACGTTCATGATTAG-1,G2M,G2M,,0.94646466,6255.0
CCACTAAAGAAGCGGC-1,G2M,G1,,0.9720191,6764.0
CCACTAAAGCCAGACT-1,G2M,G1,,0.9446921,6200.0
CCACTAGGTAACTTCA-1,G1,G1,early,0.03731333,57.0
CCACTAGGTATTGGGA-1,G1,G1,late,0.21627615,2675.0
CCACTAGGTGCATCGC-1,G1,G1,late,0.18855354,2380.0
CCACTAGGTGGGTATA-1,S,G1,,0.23481208,2783.0
CCACTATTCAATTCGG-1,G1,G2M,early,0.14100628,1575.0
CCACTTACAAGTATGC-1,S,S,,0.92642945,5411.0
CCACTTACAATAGGAG-1,G1,G1,late,0.18879043,2383.0
CCACTTACAATGACAC-1,G1,G1,early,0.11550406,1139.0
CCACTTACACTCGCCA-1,G2M,G1,,0.93390435,5750.0
CCAGAATCAATCGACG-1,S,S,,0.88043463,4100.0
CCAGAATCAATGTATG-1,G1,G1,early,0.11088703,1056.0
CCAGACCGTTCACGGC-1,G2M,G1,,0.8329689,3460.0
CCAGACCGTTGCTCAG-1,S,G2M,,0.88721,4251.0
CCAGACCGTTTCGATA-1,G1,G1,early,0.103396036,903.0
CCAGACTAGATAGCTT-1,S,S,,0.8364221,3480.0
CCAGACTAGTCAACTG-1,G2M,S,,0.90294015,4637.0
CCAGAGGGTAAGCTGA-1,S,S,,0.90460014,4693.0
CCAGATGCAATACGCG-1,G1,G1,late,0.14539844,1656.0
CCAGATTGTCTCACCT-1,S,G1,,0.9078603,4806.0
CCAGCAACAATACTAG-1,G2M,G1,,0.87523735,3984.0
CCAGCAACACTCGCCA-1,G2M,G1,,0.8834041,4174.0
CCAGCAACAGCAGGCT-1,S,G2M,,0.92799604,5485.0
CCAGCAACATTGCCAC-1,G2M,G2M,,0.92217106,5258.0
CCAGCCAAGGCTAGAG-1,G2M,G1,,0.91179526,4923.0
CCAGCCAAGGGCTACT-1,S,G1,,0.82843965,3441.0
CCAGCCAAGGTGCTAC-1,G1,G1,late,0.09107887,700.0
CCAGCCAAGGTTGCTA-1,G2M,S,,0.94114107,6068.0
CCAGCTAGTTAGCGCC-1,G1,G2M,early,0.108814195,1016.0
CCAGCTAGTTGCAATC-1,G1,G1,early,0.063687414,302.0
CCAGGCATCAATCGTG-1,G1,G1,early,0.099539556,835.0
CCAGGCATCACGGCTG-1,S,S,,0.8889942,4283.0
CCAGGTTAGAACGACG-1,G2M,S,,0.9206332,5195.0
CCAGTATGTAGGCGAT-1,G1,G1,late,0.1093469,1026.0
CCAGTATGTCAATGTC-1,G1,G1,early,0.16098244,1932.0
CCAGTATGTCAGGCTC-1,S,G2M,,0.93645585,5857.0
CCAGTATGTCATTGGT-1,S,G1,,0.88800293,4265.0
CCAGTATGTCCATCCT-1,G2M,S,,0.9322956,5674.0
CCAGTATGTTGTGACT-1,S,S,,0.9004504,4564.0
CCAGTATGTTTGGAAG-1,G1,S,late,0.07504558,465.0
CCAGTCCTCACGCGAT-1,G1,G1,late,0.1616989,1946.0
CCAGTTAAGCCACTAA-1,S,S,,0.89067215,4329.0
CCAGTTAAGCTAATGT-1,G1,G1,late,0.21813409,2697.0
CCAGTTAAGTTAACGT-1,G2M,S,,0.9181209,5109.0
CCATAACGTTCGTGGC-1,G2M,S,,0.94062585,6043.0
CCATAAGTCCCTGTGC-1,G2M,G2M,,0.9295522,5555.0
CCATAATAGGAATGTA-1,G1,G1,late,0.21734963,2687.0
CCATACTTCGAAGTCC-1,G1,G1,early,0.15276583,1783.0
CCATACTTCTGGCCCT-1,G1,G1,early,0.05757996,237.0
CCATATAGTAACGCTT-1,G2M,G1,,0.89914256,4528.0
CCATATAGTTTCGGTG-1,G1,S,late,0.087904744,652.0
CCATCACCACAACCCT-1,S,G1,,0.9390426,5977.0
CCATCCTGTAACGCGG-1,S,S,,0.874891,3976.0
CCATCCTGTCATGCTG-1,G1,G1,early,0.1082848,1008.0
CCATCCTGTTAGCGTT-1,S,G1,,0.8891797,4292.0
CCATCTTAGTCGATGC-1,G2M,G1,,0.894002,4408.0
CCATGCCTCAGCCAGT-1,G2M,G2M,,0.94211763,6104.0
CCATGCCTCGACCTAA-1,G1,G1,early,0.037733074,59.0
CCATGTCCAAGGGATA-1,G1,G1,early,0.14494653,1654.0
CCATGTCCATCCACAC-1,G2M,G2M,,0.9369744,5888.0
CCATGTCCATGGATGT-1,G1,G1,late,0.21120915,2634.0
CCATTAAGTCATTGCG-1,S,G1,,0.8347733,3472.0
CCATTAAGTTAGCCTG-1,G1,G1,late,0.16677316,2023.0
CCATTGAAGGGGCTAA-1,G1,G1,late,0.08334718,593.0
CCATTTCAGAACCAGG-1,G1,G1,late,0.17972954,2246.0
CCATTTCAGCATGCAC-1,G1,G1,early,0.025079694,17.0
CCATTTCAGGGTGATG-1,G1,G1,early,0.13428909,1476.0
CCATTTCAGTCTAGGC-1,S,G1,,0.7224233,3213.0
CCATTTCAGTTAGGCC-1,G2M,S,,0.93665427,5867.0
CCATTTGCACTACCGT-1,G2M,G1,,0.92935735,5542.0
CCATTTGCAGGGACCT-1,S,S,,0.3714838,2911.0
CCCAAATGTAATCGGA-1,S,G1,,0.7771951,3302.0
CCCAAATGTCATGGTT-1,G2M,G2M,,0.95749635,6522.0
CCCAACCTCGTGCCAG-1,G2M,S,,0.9544109,6457.0
CCCAAGGTCTGGCAAC-1,G2M,G2M,,0.9570901,6510.0
CCCAATCCACTAGGTG-1,G1,G1,early,0.12458749,1322.0
CCCAATCCACTTGGCT-1,G1,G1,late,0.10781097,1001.0
CCCAATCCATGCGTCT-1,S,G2M,,0.90109557,4577.0
CCCAATTTCACACTAG-1,G1,G1,late,0.16615798,2010.0
CCCAATTTCCATCCTG-1,G1,S,early,0.10762818,995.0
CCCAATTTCCCTGGAG-1,G1,G1,late,0.06711455,347.0
CCCAATTTCCTCATGT-1,G1,G1,late,0.20478001,2569.0
CCCACGTTCAGCCACG-1,S,G1,,0.6986806,3191.0
CCCACGTTCGATTGCA-1,G1,G1,late,0.14734095,1685.0
CCCACTATCCCAATTC-1,G2M,G1,,0.9085746,4827.0
CCCACTATCCGGTGTG-1,G2M,G2M,,0.9410294,6062.0
CCCACTTGTTAGTGTC-1,G1,G1,late,0.10858485,1014.0
CCCACTTGTTGTAGAG-1,G2M,S,,0.9366468,5866.0
CCCAGCAAGGCGTTAC-1,G2M,G2M,,0.9569028,6507.0
CCCAGCAAGGCTACCG-1,G2M,G1,,0.9310474,5619.0
CCCAGCAAGTAAGCGG-1,G2M,G1,,0.85829246,3671.0
CCCAGCAAGTGCCCGA-1,G2M,G1,,0.9525353,6416.0
CCCAGGATCCGCCTGT-1,G1,G1,early,0.1486026,1704.0
CCCAGGATCGACCAGT-1,G2M,G1,,0.9612035,6584.0
CCCAGTGAGGGTCAAG-1,G1,G1,early,0.12635247,1351.0
CCCAGTGAGGTAATCT-1,G1,G2M,early,0.09399016,753.0
CCCAGTGAGTATGAAG-1,S,S,,0.9028961,4634.0
CCCATAGGTTGTGGTT-1,G2M,G2M,,0.90481645,4701.0
CCCATATTCCTCACCA-1,G1,G1,late,0.15827113,1869.0
CCCATCATCATCACGA-1,G1,G1,late,0.14974819,1722.0
CCCATCATCGACATGC-1,G2M,G2M,,0.93855727,5952.0
CCCATCATCGCGCCAA-1,G2M,G1,,0.9125988,4947.0
CCCATCGCACTAACGG-1,S,G2M,,0.85810316,3663.0
CCCATCTGTAACCGAA-1,S,G1,,0.86024344,3702.0
CCCATCTGTGAAGCGT-1,G2M,G1,,0.93372506,5742.0
CCCATCTGTGAGCCAG-1,S,S,,0.90109295,4576.0
CCCATCTGTTTCGAGT-1,G1,G1,late,0.097306006,801.0
CCCATGAGTGAGATCA-1,S,G1,,0.8774598,4030.0
CCCATGCTCACACTAG-1,S,G2M,,0.91401803,4988.0
CCCATGCTCACCTATC-1,G1,G1,late,0.0896556,677.0
CCCATGGAGTTGGTAT-1,S,G2M,,0.8934647,4398.0
CCCATTGTCCGCCATC-1,G2M,G2M,,0.96433955,6647.0
CCCATTGTCCGTATGA-1,G2M,G1,,0.8670136,3807.0
CCCATTTAGTAAGGCG-1,G2M,G1,,0.9365497,5862.0
CCCGAATAGAATCGTT-1,G1,G1,late,0.08199536,570.0
CCCGAATAGATACTAC-1,S,S,,0.8738812,3949.0
CCCGACAAGCCAGGAA-1,G1,,late,0.21427925,2656.0
CCCGACAAGCCATTGA-1,G1,G1,late,0.07840911,520.0
CCCGACAAGCCCGTCT-1,G2M,S,,0.9455387,6233.0
CCCGACAAGTTACACG-1,G1,G1,early,0.070441216,397.0
CCCGATAGTTGGGTCC-1,G1,S,early,0.06535999,326.0
CCCGATGAGCATTAGT-1,G1,G1,late,0.13254888,1453.0
CCCGATGAGCCTCTAT-1,G2M,G2M,,0.94848275,6318.0
CCCGATGAGGTTAGTT-1,G2M,G1,,0.9532777,6435.0
CCCGATGAGTGTCCTT-1,S,S,,0.8675204,3819.0
CCCGCATTCCAGCTAA-1,G2M,G1,,0.9362415,5846.0
CCCGCATTCCCCATGC-1,G1,G1,late,0.058198795,242.0
CCCGCATTCTATGGAT-1,G1,G1,late,0.09416159,757.0
CCCGCTTAGGTAGCGA-1,G1,G1,late,0.08480943,607.0
CCCGGTAAGATTCGAT-1,G1,G1,late,0.18791631,2369.0
CCCGGTAAGGGGTAAT-1,G1,G1,late,0.16893235,2064.0
CCCGGTAAGTACCATG-1,S,S,,0.9158133,5034.0
CCCGGTTTCATCGACA-1,G1,S,late,0.08207323,571.0
CCCGGTTTCCGCTACC-1,G2M,S,,0.9268597,5431.0
CCCGTAAGTTGCTTAA-1,S,S,,0.9072471,4787.0
CCCGTTATCATCGACA-1,G2M,S,,0.8532402,3613.0
CCCGTTATCCCCAAGG-1,G1,G1,late,0.09165162,714.0
CCCGTTGCAAACTATG-1,G1,G1,late,0.11155088,1067.0
CCCGTTGCAAGTGCTG-1,G1,G1,late,0.12872739,1391.0
CCCGTTGCAGCCAGAC-1,G2M,G1,,0.97064185,6739.0
CCCGTTGCAGTACCGA-1,G2M,G1,,0.9305608,5601.0
CCCTAACCAACTACGG-1,G1,G1,late,0.14854927,1701.0
CCCTAACCAGGAACTT-1,S,G1,,0.69838536,3190.0
CCCTAACCATGCTTCA-1,G1,G1,early,0.026320633,20.0
CCCTAATTCACCTTCG-1,G1,G1,late,0.19542927,2460.0
CCCTAGCTCACAGGCT-1,G1,G1,late,0.077410094,507.0
CCCTAGCTCCCTGACC-1,G2M,S,,0.8719558,3909.0
CCCTAGCTCGTACACA-1,S,G1,,0.50057167,3023.0
CCCTATGTCACCTAAG-1,G2M,G2M,,0.90815455,4816.0
CCCTCAATCCATGAAT-1,S,G2M,,0.9302844,5588.0
CCCTCAATCCGGGTAT-1,G2M,S,,0.9610656,6580.0
CCCTGAGAGCTTCCTG-1,G1,G1,late,0.16521516,1993.0
CCCTGAGAGGATGAAC-1,S,G1,,0.9024038,4619.0
CCCTGTTGTTAGGTTC-1,G1,G1,early,0.13974878,1556.0
CCCTTAACAAGGTCTG-1,G2M,G2M,,0.96291584,6613.0
CCCTTACGTAACGGGT-1,S,S,,0.89540994,4442.0
CCCTTACGTTATAGGG-1,G1,G1,late,0.16566946,1999.0
CCCTTACGTTGACTCG-1,G1,G1,early,0.100612186,865.0
CCCTTAGTCCAGCCTC-1,G2M,G2M,,0.9501838,6358.0
CCCTTAGTCGTCTAAG-1,G1,G1,late,0.14233053,1600.0
CCCTTTAGTAATGAGT-1,G1,G1,early,0.1914376,2416.0
CCGAACTAGTAAGCCC-1,G2M,G2M,,0.9300591,5583.0
CCGAACTAGTACGGTC-1,S,G2M,,0.9277473,5474.0
CCGAACTAGTGCCGAT-1,G1,G1,late,0.22482595,2745.0
CCGAATATCACATGAT-1,S,G2M,,0.8967143,4475.0
CCGAATATCACATGGC-1,G1,G1,late,0.15651052,1845.0
CCGAATATCAGCCAAC-1,G1,G1,early,0.060463857,276.0
CCGAATATCCAATGCA-1,G1,G1,late,0.24088864,2804.0
CCGAATATCGCGTTCC-1,G1,G1,late,0.14446893,1639.0
CCGAATGCAAGCACAT-1,S,G1,,0.90292716,4636.0
CCGAATGCATAATCCT-1,S,G2M,,0.8807555,4112.0
CCGAATTGTTGAATGG-1,G2M,G1,,0.94265246,6127.0
CCGACAACAAGTAGGA-1,G2M,G1,,0.9088882,4837.0
CCGACATAGATTGATC-1,G1,G2M,late,0.20093122,2529.0
CCGACCAAGGGGTAGC-1,G1,S,early,0.1904504,2405.0
CCGACCAAGGTTGGAG-1,S,S,,0.8721327,3912.0
CCGACCTTCCATTCGT-1,G2M,S,,0.91976863,5167.0
CCGACCTTCCCTCATG-1,G2M,G2M,,0.9423449,6112.0
CCGACCTTCGACTACA-1,G1,G1,early,0.15028551,1733.0
CCGACCTTCGATCAAT-1,S,S,,0.90038306,4561.0
CCGACTAGTAGTCCAT-1,G1,G1,late,0.11434275,1119.0
CCGACTAGTGAGGACT-1,G1,G1,late,0.12185864,1260.0
CCGACTAGTTCACGGC-1,S,G1,,0.28969502,2856.0
CCGACTTCAATGCCTC-1,S,G1,,0.75559187,3256.0
CCGATTAAGGGGTACA-1,S,G1,,0.667391,3163.0
CCGATTGGTTGGATCT-1,S,G2M,,0.93773377,5919.0
CCGCAAGTCCCCATGC-1,G1,G1,early,0.16053292,1928.0
CCGCAATAGCGCTGTG-1,G1,G1,late,0.08596891,623.0
CCGCATGAGCGAGGAC-1,G1,G1,late,0.18894787,2385.0
CCGCATGAGTTGGTTG-1,S,G1,,0.9275742,5467.0
CCGCATTCACATGCGA-1,G1,S,late,0.092883535,736.0
CCGCCAAAGTAAGCGG-1,G2M,G2M,,0.9070052,4777.0
CCGCCATTCCTGCCAC-1,G2M,S,,0.9333973,5729.0
CCGCCATTCGCGTTCC-1,G1,S,late,0.28904793,2855.0
CCGCCTTAGGAACTGG-1,S,S,,0.8971704,4485.0
CCGCGATGTAGTGATG-1,G2M,G1,,0.9663372,6679.0
CCGCGATGTGAAGGTC-1,S,G1,,0.5145523,3036.0
CCGCGATGTTGCGTAT-1,S,S,,0.8697232,3853.0
CCGCGTTTCCTGTCCA-1,S,S,,0.7401859,3228.0
CCGCGTTTCTCATCAC-1,G2M,G2M,,0.9521341,6410.0
CCGCTAAGTCAGCCGT-1,G1,G1,late,0.102625675,888.0
CCGCTAAGTTAGCCGC-1,G1,G1,late,0.15942048,1898.0
CCGCTAGAGCCTCTGC-1,G2M,G2M,,0.91303575,4957.0
CCGCTAGAGTAACCCA-1,S,G1,,0.35697612,2901.0
CCGCTAGAGTGAATCT-1,G2M,G2M,,0.9374405,5906.0
CCGCTAGAGTGCCAGT-1,S,G1,,0.9294733,5551.0
CCGCTCACAGGATACT-1,G2M,G1,,0.9221958,5261.0
CCGCTCACATCAAGTA-1,G1,,late,0.06511316,323.0
CCGCTTATCACATACG-1,S,S,,0.89559877,4448.0
CCGCTTATCAGGACAG-1,G2M,G1,,0.93283606,5698.0
CCGCTTATCCCCTGAC-1,G2M,G1,,0.9785501,6835.0
CCGCTTATCGATGCCG-1,G1,G1,late,0.20441604,2561.0
CCGCTTATCTATGAGT-1,G2M,G2M,,0.94549143,6229.0
CCGCTTGCAACATGCG-1,G2M,G1,,0.9761364,6810.0
CCGCTTGCACAACGAT-1,G1,G1,early,0.03957414,69.0
CCGCTTGCATCCGTCG-1,G1,G1,late,0.15020458,1732.0
CCGGAACCAAGTAGAG-1,S,G2M,,0.9260515,5397.0
CCGGAACCACCTCGCA-1,S,S,,0.9156292,5032.0
CCGGATTAGAATCAGA-1,S,G1,,0.929508,5553.0
CCGGCAATCATGTCAG-1,G1,G1,early,0.19981073,2519.0
CCGGCAATCGTAGTTG-1,G1,G1,late,0.11266878,1081.0
CCGGCATGTGACTCCA-1,G1,G1,late,0.1448851,1653.0
CCGGCATGTTCGTGTG-1,S,S,,0.86712384,3810.0
CCGGCTAAGGATTGGG-1,S,S,,0.91257423,4945.0
CCGGCTAAGTGCCTAA-1,S,S,,0.808306,3369.0
CCGGGTTGTTGCCTGA-1,G1,S,late,0.1627862,1955.0
CCGGTACGTAGCGGAT-1,G1,S,late,0.09993962,846.0
CCGGTACGTCAGCGAG-1,G1,G2M,late,0.1215575,1253.0
CCGGTACGTCTTGACG-1,S,G1,,0.74852276,3246.0
CCGGTACGTGGACCCT-1,G2M,S,,0.9754278,6801.0
CCGGTACGTTTACTTC-1,G2M,G2M,,0.9387596,5963.0
CCGGTATAGGCACTTA-1,G2M,S,,0.89172465,4354.0
CCGGTATAGGGTCATC-1,G2M,G1,,0.8888672,4281.0
CCGGTCAAGCGAATGG-1,G2M,G2M,,0.93022126,5586.0
CCGGTCAAGGTAACGG-1,G1,G1,late,0.09335398,743.0
CCGGTCAAGTCGCAAC-1,S,G1,,0.6929248,3184.0
CCGGTCAAGTGCGGAA-1,G1,G1,late,0.14145666,1587.0
CCGGTCAAGTTAGATC-1,G2M,G1,,0.9470907,6270.0
CCGGTTAGTAATGGAT-1,S,S,,0.8611428,3717.0
CCGGTTAGTGATCAAG-1,S,G1,,0.92254204,5275.0
CCGGTTAGTTATGAGG-1,G1,G1,late,0.18638662,2342.0
CCGGTTAGTTTCAGGT-1,S,G1,,0.719296,3210.0
CCGGTTGAGCCTCTCA-1,G1,G1,early,0.063396364,299.0
CCGGTTGAGTAATGAG-1,G1,G1,late,0.13330762,1464.0
CCGTAAATCAATCTGG-1,G2M,G1,,0.9504154,6368.0
CCGTAAATCACTCACT-1,S,G1,,0.9408914,6058.0
CCGTAAATCCCGCAGA-1,G2M,G2M,,0.9387144,5960.0
CCGTAAATCCCTCATG-1,G2M,G2M,,0.93546265,5802.0
CCGTAAATCCTGCCTA-1,G2M,G1,,0.9173157,5085.0
CCGTAAATCCTTGGTT-1,G2M,G1,,0.9221425,5256.0
CCGTAACAGCGCTGCA-1,G2M,G2M,,0.93390626,5751.0
CCGTACCTCATCTAGG-1,G2M,S,,0.97696173,6821.0
CCGTACCTCCAGCACG-1,G2M,G1,,0.92999023,5578.0
CCGTAGTAGTTGGATT-1,S,S,,0.9218438,5242.0
CCGTATGGTGAACCAA-1,S,G1,,0.86977565,3856.0
CCGTATGGTTCGTTAA-1,G1,G1,late,0.11357306,1095.0
CCGTCATCAGTTGGCA-1,G2M,G1,,0.90140545,4589.0
CCGTCCACAAGGGCAG-1,G2M,G2M,,0.92525446,5368.0
CCGTCCACAGCTCAGA-1,G1,G1,late,0.17476757,2159.0
CCGTCGTTCGCTCGCT-1,G1,G1,late,0.1821776,2276.0
CCGTGATAGAATCCTG-1,G1,G1,late,0.08175666,567.0
CCGTGCAAGGTTGGCT-1,G2M,S,,0.9431301,6153.0
CCGTGTGAGGGTCTAC-1,G1,S,late,0.12307958,1284.0
CCGTGTGAGTAAGTTC-1,G2M,G1,,0.94065505,6045.0
CCGTGTGAGTGATGGG-1,S,G1,,0.86752605,3820.0
CCGTGTTCAAAGGAGC-1,S,G1,,0.9099353,4873.0
CCGTGTTCAAGTAGAG-1,G2M,G2M,,0.95106715,6385.0
CCGTGTTCAGGGACCT-1,S,G1,,0.7800887,3305.0
CCGTGTTCATGATCCC-1,G2M,G1,,0.95739764,6519.0
CCGTGTTCATGGCTTC-1,G1,G1,late,0.045294367,117.0
CCGTTCATCACTCTAC-1,G1,G1,late,0.31464538,2873.0
CCGTTCATCTATGGCA-1,S,G1,,0.74410594,3234.0
CCGTTCGCATAACGTA-1,S,G1,,0.82583517,3432.0
CCGTTGAGTCATCATA-1,G2M,G2M,,0.9576661,6526.0
CCGTTGAGTTGTCCAG-1,G1,G2M,late,0.15792802,1865.0
CCTAACCCAAATGCAC-1,G1,G1,late,0.15340288,1794.0
CCTAACTTCCCGGCAA-1,G2M,S,,0.9071354,4780.0
CCTAACTTCCGTCACC-1,G2M,G1,,0.92679733,5425.0
CCTAATGAGAATCCTG-1,S,S,,0.95397717,6450.0
CCTAATGAGCGCTGAT-1,G2M,S,,0.9268575,5430.0
CCTAATGAGGCACACT-1,S,G1,,0.87918955,4062.0
CCTAATGAGTAATTGC-1,G2M,S,,0.93531376,5797.0
CCTAATTCAAGCTCCT-1,G2M,G2M,,0.9863521,6870.0
CCTAATTCACAGCAGC-1,G1,G1,late,0.16067585,1929.0
CCTACCATCCCAGGAT-1,G1,G1,late,0.16925518,2068.0
CCTACCGCAAACTAGC-1,S,G1,,0.8100594,3374.0
CCTACCGCACTATACT-1,S,G1,,0.7298281,3222.0
CCTACCTGTTGCTTCC-1,G1,G1,late,0.15616505,1836.0
CCTACCTGTTGGCTTG-1,G1,G1,late,0.19545342,2462.0
CCTACGAGTGGCGTGA-1,G1,S,late,0.091137305,702.0
CCTACGAGTTAGGTTC-1,G2M,G1,,0.9534072,6437.0
CCTACGAGTTCGCTGA-1,G1,G1,late,0.09013478,684.0
CCTACGGAGATACTGT-1,G1,S,late,0.21417159,2655.0
CCTACGGAGTCTAGGC-1,G1,G1,late,0.18492556,2319.0
CCTACGGAGTGTCATG-1,G1,G1,late,0.11753213,1178.0
CCTAGCGAGCGCATGT-1,G1,G1,late,0.09585602,782.0
CCTAGCGAGGTGATGG-1,S,G2M,,0.9055728,4730.0
CCTAGCTCAAGTGTCG-1,G1,G1,late,0.11076258,1054.0
CCTAGCTCAGCCAATG-1,G1,G1,late,0.42089775,2960.0
CCTAGGTAGCAGGTAG-1,G1,G1,late,0.09672799,792.0
CCTAGTAAGTGACCGT-1,G1,G1,late,0.07885998,527.0
CCTAGTTTCAGGCAAG-1,G1,G1,late,0.09866908,818.0
CCTAGTTTCATGCTCT-1,G1,G1,early,0.063456856,300.0
CCTAGTTTCGCATACA-1,G2M,G1,,0.9761742,6811.0
CCTAGTTTCGTTACCT-1,G2M,G1,,0.82151276,3412.0
CCTATAGAGCTTCCAT-1,G1,S,late,0.20506744,2574.0
CCTATAGAGTAATCAC-1,G2M,G2M,,0.9292009,5535.0
CCTATCACATAGGCAT-1,S,G2M,,0.90592676,4747.0
CCTATCCGTTAACCGT-1,G2M,G2M,,0.9566659,6501.0
CCTATCCGTTATCGCG-1,G1,G1,late,0.21021438,2623.0
CCTATCCGTTTACGAC-1,G1,G1,early,0.02506507,16.0
CCTATCCGTTTCCGCT-1,G1,G1,early,0.16622253,2014.0
CCTATGAAGCCATCGG-1,G1,G1,early,0.07779683,512.0
CCTATGTTCACCAGTA-1,G1,G1,late,0.17325011,2137.0
CCTATGTTCTGTGCAA-1,S,G1,,0.9551217,6472.0
CCTATTATCATACTCC-1,G2M,G2M,,0.9209058,5207.0
CCTATTATCATCATCC-1,G2M,G1,,0.94482905,6207.0
CCTATTATCCTGAGTA-1,G2M,G1,,0.9494432,6340.0
CCTATTATCGTGAGAG-1,S,G1,,0.8716456,3902.0
CCTATTCAGCAAGGCA-1,G1,G1,early,0.036756426,55.0
CCTATTCAGGAGGTGC-1,S,G1,,0.84199387,3520.0
CCTATTCAGGATGAGT-1,S,G1,,0.38626334,2923.0
CCTATTCAGGTAGATA-1,G1,S,late,0.22604813,2754.0
CCTCAACCAAGCTCAG-1,S,G2M,,0.9342266,5762.0
CCTCAAGGTAATGAGT-1,G1,G1,early,0.17987716,2247.0
CCTCAAGGTTAGTACC-1,G2M,G1,,0.9239409,5323.0
CCTCAAGGTTTAATCG-1,G1,G1,late,0.10974297,1034.0
CCTCAATTCGTTAGAT-1,S,G1,,0.9426711,6130.0
CCTCACGCACAATGCG-1,G1,G1,early,0.03667934,53.0
CCTCAGCTCCATCGAA-1,G2M,G1,,0.97962123,6841.0
CCTCATTAGGCTTAAT-1,G2M,G1,,0.9263269,5407.0
CCTCCAGCATCCCTGG-1,G1,G1,early,0.03100759,33.0
CCTCCTAAGTGCTGTA-1,G1,G1,late,0.05318013,195.0
CCTCCTGGTAATGCGA-1,G2M,G2M,,0.90788835,4808.0
CCTCCTGGTGAGACCG-1,S,S,,0.8697388,3855.0
CCTCCTGGTGAGGCCA-1,G1,G1,early,0.061643243,285.0
CCTCCTGGTGAGTAGC-1,G1,G1,late,0.16041796,1926.0
CCTCCTGGTTAATCCA-1,G1,G1,early,0.16377433,1973.0
CCTCGAAGTGCACGCT-1,S,G1,,0.5993482,3110.0
CCTCGAAGTTGCGTAT-1,G2M,S,,0.93237865,5678.0
CCTCGAAGTTTCGTCC-1,G1,G1,early,0.12346984,1296.0
CCTCGATCAAGTCCCT-1,G1,G1,early,0.16191137,1947.0
CCTCGGTTCAATCGGC-1,G2M,G1,,0.9097447,4868.0
CCTCGGTTCACGCAGT-1,G1,S,late,0.11421299,1117.0
CCTCGGTTCCACCTTG-1,S,G1,,0.8706572,3882.0
CCTCGGTTCCAGAGCT-1,S,S,,0.88059735,4106.0
CCTCGTTGTAATTCGC-1,G2M,G1,,0.8807339,4111.0
CCTCGTTGTTCGTATA-1,G1,G1,late,0.20418479,2559.0
CCTCTAACAACGTTAA-1,G2M,G1,,0.970309,6735.0
CCTCTAACAAGTCGGC-1,G2M,G1,,0.9168026,5073.0
CCTCTAACATAAGTGC-1,G1,,late,0.17651483,2188.0
CCTCTAACATCGCTGT-1,G2M,S,,0.9045639,4691.0
CCTCTGATCCCCAGAG-1,S,G2M,,0.8396162,3503.0
CCTCTGATCGTGCGAT-1,G1,S,late,0.11269035,1082.0
CCTCTTAGTCAAGTCT-1,G1,G2M,late,0.1858782,2332.0
CCTCTTGAGCGAACGA-1,G2M,G1,,0.88052994,4102.0
CCTCTTGAGTGCGGTT-1,S,G2M,,0.9582078,6532.0
CCTGAACAGCCTACCC-1,G1,G1,late,0.042035427,91.0
CCTGAACAGCCTGGAT-1,G1,G1,late,0.28619787,2852.0
CCTGAACAGCTAGTGC-1,S,G2M,,0.89038825,4327.0
CCTGAACAGGTCCAGT-1,S,G1,,0.8729468,3931.0
CCTGAACAGTCGAGGA-1,G2M,G2M,,0.93213594,5669.0
CCTGAGACATTCCTCT-1,G1,S,late,0.14394908,1624.0
CCTGATGGTAATCGCT-1,G1,G1,late,0.17077093,2093.0
CCTGATGGTGATGAAT-1,G1,G1,late,0.10546218,954.0
CCTGCAAGTTCGTTCC-1,G1,G1,early,0.14427082,1633.0
CCTGCATCAGCTACCT-1,G1,G1,late,0.12421177,1312.0
CCTGCCACAATCTGCC-1,G2M,G1,,0.94949883,6342.0
CCTGCCACAGTAATCA-1,G1,G1,late,0.11774251,1185.0
CCTGCGAAGCCACACG-1,S,S,,0.8891251,4289.0
CCTGCGAAGGGCTGAA-1,S,S,,0.83339185,3463.0
CCTGGCAAGCCGACTG-1,G1,G1,early,0.23644806,2789.0
CCTGGCAAGGGTACTC-1,G1,G1,late,0.070091955,392.0
CCTGGCTTCAAGTCGC-1,G1,G1,late,0.1320798,1448.0
CCTGGCTTCTATCCTA-1,G2M,G1,,0.9693177,6718.0
CCTGGTAGTCATTCAA-1,G2M,,,0.9372443,5898.0
CCTGGTAGTGAGTCGG-1,G1,G1,late,0.18587829,2333.0
CCTGGTTCATCCCAGT-1,G2M,G1,,0.9173988,5089.0
CCTGTAAAGTCGATAT-1,G2M,G1,,0.95973694,6558.0
CCTGTCATCCAGAGCT-1,G1,G1,early,0.09129066,709.0
CCTGTCATCCATGCCC-1,G2M,G1,,0.92609584,5399.0
CCTGTCATCGCATCAA-1,G2M,G2M,,0.93308544,5712.0
CCTGTGAGTGCGTGGA-1,S,S,,0.7552461,3254.0
CCTGTGGAGTTACACG-1,G1,G1,late,0.21692532,2681.0
CCTGTGGAGTTGGATT-1,G2M,G2M,,0.9326744,5687.0
CCTGTTGTCACCTCAT-1,G1,G1,early,0.11233663,1077.0
CCTGTTGTCACCTGCC-1,G1,S,late,0.035120856,48.0
CCTGTTGTCAGTTCGA-1,G2M,G1,,0.93631804,5850.0
CCTGTTGTCGAACCGT-1,G1,G1,late,0.16480337,1988.0
CCTTAATCAACCGCAA-1,S,G1,,0.9058404,4741.0
CCTTAATCAAGCGACC-1,G1,G1,late,0.06468664,315.0
CCTTAATCATGACCAG-1,G2M,G2M,,0.9834116,6860.0
CCTTAGAAGATTCCGA-1,S,G1,,0.92079127,5200.0
CCTTAGAAGCCTGATA-1,G1,G1,late,0.20726077,2593.0
CCTTAGAAGCGGATCT-1,S,G1,,0.50510836,3027.0
CCTTAGAAGTGAGTAA-1,G1,G1,late,0.18841596,2376.0
CCTTAGCCAAAGGATG-1,G1,G1,late,0.13888852,1544.0
CCTTAGCCAATAGCAC-1,G2M,G2M,,0.9670724,6685.0
CCTTAGCCATAACGCG-1,S,G2M,,0.8876216,4258.0
CCTTATATCCCGCGAA-1,G1,G1,late,0.16226548,1951.0
CCTTATCAGCCATGCG-1,G1,G1,late,0.21680006,2680.0
CCTTATCAGCGCAATC-1,G1,G1,early,0.11950977,1230.0
CCTTCCTTCACCTTAC-1,G2M,G1,,0.94152266,6082.0
CCTTCCTTCATGCCAA-1,G2M,G2M,,0.9426475,6126.0
CCTTCCTTCTAATGAC-1,G1,G1,early,0.031010328,34.0
CCTTCGATCACTTGGA-1,S,S,,0.89223564,4365.0
CCTTCGATCATCGAAT-1,G2M,G1,,0.94231635,6110.0
CCTTCGATCATGGACC-1,S,G1,,0.43981212,2977.0
CCTTCGATCCTGTGAA-1,G2M,S,,0.92513216,5362.0
CCTTCGATCGAACGCT-1,G1,G1,late,0.23579492,2785.0
CCTTGAAAGCGCTGCA-1,G1,G1,late,0.1527959,1785.0
CCTTGAAAGTGATCTG-1,G1,G1,early,0.07667185,490.0
CCTTGAGGTCATCCCT-1,G2M,G1,,0.9206241,5194.0
CCTTGAGGTGCGCGTT-1,G1,G1,late,0.14879672,1708.0
CCTTGAGGTTCGAGCC-1,G2M,G1,,0.96028346,6569.0
CCTTGAGGTTGCTCTC-1,G2M,G2M,,0.94104445,6063.0
CCTTGCATCAAGTTCG-1,S,S,,0.87596035,3999.0
CCTTGCATCCACCATT-1,G2M,S,,0.95900506,6546.0
CCTTGCATCCTCACGC-1,G1,G1,early,0.1752104,2169.0
CCTTGGGAGAATCCGC-1,S,G1,,0.9426005,6124.0
CCTTGGGAGGTGGCAA-1,S,G1,,0.7042514,3198.0
CCTTGGGAGTAACGGG-1,S,G2M,,0.8588332,3682.0
CCTTGGTCACTTGACC-1,G2M,G1,,0.9162429,5057.0
CCTTGGTCATTAGATG-1,G1,G1,late,0.14643306,1671.0
CCTTTAATCAGGAGTG-1,S,G1,,0.46155095,2998.0
CCTTTAATCAGGGAAT-1,G1,G1,late,0.06811137,358.0
CCTTTAATCCCTCTGA-1,G1,G1,late,0.12345721,1295.0
CCTTTAATCCGTATAG-1,G1,G1,late,0.19889833,2506.0
CCTTTCAGTGACTCGC-1,G1,G1,late,0.10470382,927.0
CCTTTCCTCGAACCAC-1,G1,G1,late,0.1941036,2447.0
CCTTTCCTCTGGGATC-1,G2M,G2M,,0.9368528,5878.0
CCTTTGGTCGATCGTA-1,G1,G1,late,0.08277217,578.0
CGAACATCAAGGTACT-1,S,G2M,,0.9272356,5449.0
CGAACGAAGGCGCATT-1,G2M,G2M,,0.94149125,6081.0
CGAACGAAGGTTACTG-1,G2M,G1,,0.92019993,5179.0
CGAACGGGTAATGACG-1,S,G1,,0.90938044,4852.0
CGAACGGGTTACACTA-1,S,S,,0.91965175,5165.0
CGAACTATCAGTACGC-1,G2M,G2M,,0.93445235,5771.0
CGAACTATCCATTAGG-1,S,S,,0.90664756,4766.0
CGAACTATCCTTCGTG-1,G1,G1,late,0.24696785,2817.0
CGAACTTGTAGCGATA-1,G2M,G1,,0.96922576,6715.0
CGAACTTGTGGAAGGA-1,G1,G1,late,0.18911472,2388.0
CGAAGCAAGCTACCAA-1,G1,G1,late,0.23607078,2788.0
CGAAGGATCAATCCAG-1,G1,G1,late,0.18550658,2326.0
CGAAGGATCCGGAGTT-1,G2M,G1,,0.93959326,5999.0
CGAAGGATCTTGACGA-1,S,G1,,0.6899311,3182.0
CGAAGTGAGTCATAGT-1,G1,G1,late,0.104983285,933.0
CGAAGTGAGTGATAGA-1,G1,G1,late,0.18545479,2325.0
CGAATAGGTAAGTCAG-1,G1,G1,late,0.16967501,2072.0
CGAATAGGTTAGACCT-1,G1,S,late,0.15836003,1871.0
CGAATCATCACTATCC-1,S,S,,0.87288976,3928.0
CGAATCATCCCTCACA-1,G2M,G2M,,0.9334517,5732.0
CGAATCTGTAATGTCC-1,G1,G1,early,0.12308269,1285.0
CGAATCTGTGGCAGTG-1,G1,G1,late,0.20237033,2544.0
CGAATCTGTTGCGAGG-1,G2M,G1,,0.9485645,6320.0
CGAATCTGTTTGGAGA-1,S,G1,,0.40195602,2938.0
CGAATTTAGGCGAGTA-1,S,G1,,0.84553105,3545.0
CGACAATCAAACCTGG-1,S,G1,,0.8705091,3876.0
CGACAATCAATGAAGG-1,G2M,G1,,0.9368406,5877.0
CGACAATCATAAGCAC-1,G1,S,early,0.1258413,1343.0
CGACAATCATCGTACC-1,S,G1,,0.8331,3461.0
CGACACTAGAACGGTG-1,G1,G1,late,0.10951067,1029.0
CGACACTAGCGCTCTC-1,G1,G1,late,0.24120392,2806.0
CGACAGCCAAGCTCAG-1,G1,G1,late,0.10035038,858.0
CGACAGCCATGAAGCT-1,G2M,G2M,,0.93758565,5913.0
CGACAGCCATGGCTGA-1,G2M,G2M,,0.97347295,6784.0
CGACAGCCATGGTTAA-1,G1,G1,late,0.1256598,1337.0
CGACAGCCATTACTAC-1,G2M,G1,,0.9219022,5247.0
CGACCAACATGCTGAG-1,S,G1,,0.8446652,3535.0
CGACCATAGGAGTAGT-1,G2M,G1,,0.9419675,6099.0
CGACCCTTCAGGGCTT-1,G1,G1,early,0.25780064,2837.0
CGACCCTTCAGTTGAT-1,G1,S,late,0.15829633,1870.0
CGACCCTTCATAGGAA-1,G1,G1,early,0.103762954,913.0
CGACCCTTCATGGCTA-1,G2M,G1,,0.9142562,4992.0
CGACCCTTCCTCATAC-1,S,G1,,0.9322102,5673.0
CGACCCTTCGCATGTA-1,G2M,S,,0.9140198,4989.0
CGACCGATCGTGATTG-1,G1,G1,late,0.17680144,2192.0
CGACGTTAGCCACTAA-1,G2M,G2M,,0.96405107,6641.0
CGACGTTAGGAATTGA-1,G2M,G1,,0.9309143,5613.0
CGACGTTAGTAGCACC-1,G2M,G2M,,0.9137738,4977.0
CGACTAATCCATGAGC-1,G1,G1,early,0.091724195,717.0
CGACTAGCAATACTAG-1,S,G1,,0.5786895,3091.0
CGACTAGCAGCCAGGT-1,G1,G1,late,0.15618125,1838.0
CGACTAGCATTAGGAC-1,G2M,G2M,,0.95343524,6439.0
CGACTATGTTATCCGG-1,S,G2M,,0.9184532,5125.0
CGACTGACAAATCGAC-1,G2M,G2M,,0.9282828,5496.0
CGACTGGTCTAACCTC-1,S,G1,,0.75366384,3251.0
CGACTTGGTTACACAC-1,G1,G2M,late,0.20870307,2604.0
CGAGCAAAGCGGGTAA-1,G1,G1,late,0.09778499,807.0
CGAGCAAAGGAATGTA-1,G2M,S,,0.92667425,5418.0
CGAGCAAAGGATCCCG-1,G1,G1,late,0.20581363,2580.0
CGAGCAAAGGTGCATC-1,G2M,S,,0.8844344,4197.0
CGAGCAAAGTACGGTC-1,S,G2M,,0.8826425,4153.0
CGAGCACCAATCGCAG-1,G1,G1,late,0.07409574,449.0
CGAGCACCACAAGCTG-1,G2M,G2M,,0.94085926,6055.0
CGAGCACCAGTTGCTC-1,G1,S,late,0.21015078,2619.0
CGAGCACCATCACAGG-1,G1,S,late,0.16001445,1919.0
CGAGCACCATCCGTCG-1,S,G1,,0.8913942,4343.0
CGAGCACCATTACTCG-1,G1,G1,late,0.18667842,2352.0
CGAGCACCATTCATCG-1,G1,S,late,0.16738693,2040.0
CGAGCCATCCTCATTA-1,G1,G1,early,0.14077972,1574.0
CGAGCCATCTGGTGTA-1,S,G2M,,0.85916245,3690.0
CGAGCCTGTGCGGAAT-1,S,G2M,,0.9294581,5550.0
CGAGCGAGTATGGATG-1,S,S,,0.8678561,3823.0
CGAGCGAGTCTTACCC-1,G1,G1,late,0.12147379,1251.0
CGAGCGAGTGAGCAAC-1,G1,G1,late,0.16109893,1936.0
CGAGCGAGTTGGGCCT-1,S,G1,,0.88788664,4262.0
CGAGGAATCAGCCCGA-1,G2M,G2M,,0.9528352,6423.0
CGAGGAATCATCGTCT-1,G1,G1,late,0.15371378,1799.0
CGAGGAATCGTGCCCT-1,G1,G1,early,0.09866505,817.0
CGAGGATGTGCATTCG-1,G1,G1,early,0.035852294,50.0
CGAGGATGTTCGTTCC-1,S,G2M,,0.89909863,4526.0
CGAGGGACAACTACCC-1,G2M,G1,,0.97723275,6823.0
CGAGGGACAAGTCCAG-1,G1,G2M,early,0.20577095,2579.0
CGAGGGTAGTAAGGTA-1,G1,G1,late,0.06975133,384.0
CGAGTAAGTAGCGACG-1,S,G1,,0.8832497,4172.0
CGAGTAAGTCAGTAGA-1,G1,G1,late,0.1537383,1801.0
CGAGTAAGTTCCGCTT-1,G2M,S,,0.89722586,4486.0
CGAGTCACAATACTGA-1,G1,G1,late,0.107008286,986.0
CGAGTCACAGTACCGA-1,S,G1,,0.85694015,3655.0
CGAGTCCGTCAGCCAC-1,G1,G1,late,0.14193542,1595.0
CGAGTCCGTGCATCAT-1,S,G1,,0.8972832,4490.0
CGAGTCCGTGGCGTTC-1,G1,G1,late,0.097004,796.0
CGAGTGAAGAACGAGT-1,G2M,G1,,0.97022015,6734.0
CGAGTGAAGCTTACCT-1,G1,G1,early,0.1295151,1406.0
CGAGTGAAGCTTCCTG-1,G1,G1,early,0.1734849,2140.0
CGAGTGAAGTTACCTC-1,S,G1,,0.864033,3762.0
CGATAAGGTAAGCTGA-1,G1,G1,late,0.15725408,1856.0
CGATAAGGTTGCGAGG-1,G2M,S,,0.98259413,6857.0
CGATAGCTCGTTGCTT-1,G1,G1,late,0.076816246,495.0
CGATCAATCTAGCTCT-1,S,G1,,0.7038195,3195.0
CGATCACAGAAGGGAA-1,G1,G1,late,0.21095778,2631.0
CGATCACAGGGGCTAA-1,S,S,,0.4052169,2946.0
CGATCACAGTCGACAC-1,G2M,G1,,0.9242249,5335.0
CGATCAGCACAGCCAA-1,G2M,G1,,0.9861852,6869.0
CGATCAGCATAACTCT-1,S,G2M,,0.92167693,5235.0
CGATCAGCATCGCTCG-1,G2M,G2M,,0.9970973,6894.0
CGATCCCTCGCTCGTC-1,G1,G1,early,0.044446938,104.0
CGATCCCTCGTTGCCC-1,G2M,S,,0.88503,4212.0
CGATCCTCAATGTCGG-1,S,S,,0.8937887,4404.0
CGATCCTCACAGGACC-1,S,G2M,,0.9312976,5627.0
CGATCCTCAGCCTAGA-1,G1,G1,late,0.1068333,983.0
CGATCCTCATAGAGAG-1,S,G2M,,0.8903306,4322.0
CGATCCTCATGCTCCG-1,S,G1,,0.58577394,3100.0
CGATCTAAGCCAACTA-1,G2M,G1,,0.8237056,3420.0
CGATCTAAGCGGTTCG-1,S,G1,,0.88368744,4183.0
CGATCTAAGGATGCAG-1,S,G2M,,0.87684715,4018.0
CGATCTAAGGGTTGGA-1,S,G1,,0.879978,4084.0
CGATCTAAGTGATACT-1,G1,G1,late,0.11017298,1039.0
CGATCTAAGTTGCCGG-1,G1,G1,late,0.045014802,110.0
CGATGAGAGCCTGAAC-1,G1,G1,late,0.16130933,1942.0
CGATGAGAGGCACATC-1,G1,G1,late,0.20177333,2537.0
CGATGAGAGTCAGGAG-1,S,G1,,0.80384254,3358.0
CGATGGTTCACCATGA-1,S,S,,0.7764099,3300.0
CGATGGTTCCGTAAGC-1,G2M,G1,,0.95683044,6503.0
CGATGTCAGTAGCCCG-1,S,G1,,0.85159904,3594.0
CGATTAACAGGCTATG-1,G2M,S,,0.9297463,5561.0
CGATTACGTAGTCATC-1,G1,G1,late,0.20625684,2587.0
CGATTATAGCGATCCG-1,G2M,G2M,,0.93032223,5590.5
CGATTATAGGTAGGAT-1,G1,G1,early,0.11332079,1090.0
CGATTCAAGCAATGAA-1,G1,G1,late,0.12902096,1396.0
CGATTCAAGTAAGTGA-1,G2M,G2M,,0.92283225,5288.0
CGATTCAAGTACCAGC-1,G1,G1,late,0.11570888,1145.0
CGATTCAAGTAGGACG-1,G2M,G2M,,0.93814516,5936.0
CGATTCCCAAACTCAA-1,S,S,,0.93673885,5872.0
CGATTCCCAAGTAACC-1,G1,G1,late,0.13139836,1438.0
CGATTCCCAAGTGAGA-1,S,G1,,0.87443703,3969.0
CGATTTAGTTAGCGCC-1,G1,G1,late,0.12928453,1400.0
CGATTTGAGGATATAG-1,G2M,S,,0.89652455,4468.0
CGCAACTAGGCTAGAG-1,G1,G1,early,0.047064792,127.0
CGCAATATCACTTCAC-1,G1,S,late,0.08645424,631.0
CGCAATATCATGCTGA-1,S,G1,,0.9326008,5685.0
CGCAATTGTAAGTCAG-1,G2M,G1,,0.853257,3615.0
CGCAATTGTGAGTTGA-1,G1,G1,late,0.0849396,610.0
CGCACAACAAGCGACC-1,S,S,,0.8257542,3431.0
CGCACAACAAGTGCCA-1,G1,G1,late,0.27508447,2846.0
CGCACATAGCTACTTC-1,G1,G2M,early,0.105486825,955.0
CGCACCTTCCTCTCGA-1,G1,G1,late,0.28184596,2851.0
CGCACTTCAAACCTGG-1,G1,G1,late,0.16728891,2037.0
CGCACTTCATGAATGC-1,G2M,G1,,0.9276686,5470.0
CGCACTTCATTCAACT-1,G2M,G1,,0.9694544,6720.0
CGCAGATTCATCTGTC-1,S,G1,,0.80060846,3350.0
CGCAGCTGTTCGTGCA-1,G1,G1,late,0.1868422,2353.0
CGCAGGTCAACCCTAC-1,G2M,G2M,,0.90434355,4684.0
CGCAGGTCATGCGTTC-1,G2M,G1,,0.92033166,5184.0
CGCAGTTAGGCACTTA-1,S,G1,,0.4063926,2947.0
CGCATAATCATCATCC-1,G2M,G1,,0.9078885,4809.0
CGCATAATCCACCTGC-1,G2M,G2M,,0.9392731,5988.0
CGCATAATCCGCGCAA-1,S,S,,0.86252826,3737.0
CGCATAGCAAGGTACT-1,G1,G1,late,0.24832588,2819.0
CGCATAGCAGGAAGTA-1,G1,G1,late,0.16903202,2065.0
CGCATAGCAGTTAATG-1,G1,G1,late,0.12700537,1360.0
CGCATCAGTGAAGTAT-1,G1,G1,late,0.21045294,2627.0
CGCATCAGTGGCGCAA-1,S,S,,0.8613757,3722.0
CGCATCAGTTATCCAA-1,G2M,G1,,0.9390939,5979.0
CGCATCCTCAGGGCTT-1,G1,S,late,0.103080176,896.0
CGCATCTCAGTACCAG-1,G1,G1,late,0.07689398,497.0
CGCATCTCATGAGTGT-1,S,G2M,,0.8849574,4211.0
CGCATTCCAATACGGT-1,G2M,G2M,,0.9600422,6564.0
CGCATTCCACAAGCCA-1,G2M,S,,0.91260517,4948.0
CGCCAAGTCATGCTCT-1,G2M,,,0.93484825,5784.0
CGCCAAGTCGCATACA-1,S,G2M,,0.88431776,4195.0
CGCCAATAGCGCCTTC-1,G2M,G1,,0.7976995,3341.0
CGCCAATAGTGATCGC-1,G1,S,late,0.26029506,2839.0
CGCCACAAGCTAACTG-1,G1,G1,late,0.20696938,2591.0
CGCCACTTCAGGATGG-1,S,G1,,0.8944791,4419.0
CGCCATAGTCAACCCA-1,S,G1,,0.86132544,3720.0
CGCCATTCACAGGGTC-1,G1,G1,early,0.03707192,56.0
CGCCCAAAGGCGTACT-1,G1,G1,late,0.081736416,566.0
CGCCCAAAGGGCTAGA-1,G1,G1,late,0.18520053,2323.0
CGCCCATTCCATGCGG-1,G1,G1,late,0.22758909,2761.0
CGCCCATTCTCATCCG-1,G1,G1,late,0.1894713,2391.0
CGCCCTTAGATTCCTC-1,G1,G1,late,0.06046171,275.0
CGCCCTTAGCAACTGC-1,G1,G1,late,0.14784405,1693.0
CGCCCTTAGGTTCGGT-1,S,G1,,0.62049735,3128.0
CGCCTAGAGGCTGTAC-1,S,G1,,0.65088177,3156.0
CGCCTCACAGCCAATG-1,G2M,S,,0.92999595,5579.0
CGCCTCACATCGCTCG-1,G1,S,late,0.2697985,2843.0
CGCCTCACATGCAGTG-1,G2M,G1,,0.92704684,5438.0
CGCCTGAAGCTTACAG-1,G1,G1,late,0.08803744,655.0
CGCCTGAAGGAATCAA-1,S,S,,0.8809924,4116.0
CGCCTGAAGGCTATAT-1,G2M,S,,0.95712215,6511.0
CGCCTGAAGTGAACCC-1,G1,G1,late,0.2187254,2702.0
CGCCTGTTCCTCTAAC-1,G1,G1,late,0.08108812,558.0
CGCGAACCAAACTACA-1,G2M,S,,0.91451097,5001.0
CGCGAACCAAAGGGAC-1,G1,G1,early,0.07412924,450.0
CGCGAACCAAGTAGAG-1,G2M,S,,0.93578756,5816.0
CGCGAACCAATTCGTT-1,G1,G1,late,0.08660327,633.0
CGCGAACCACTATCGC-1,G1,G1,late,0.192986,2433.0
CGCGAAGGTAGTGATG-1,G1,G1,late,0.14471957,1648.0
CGCGAAGGTTAGTGAG-1,G1,G1,late,0.1249533,1324.0
CGCGATTAGGTTGACC-1,G2M,G1,,0.90205497,4612.0
CGCGATTAGTAATCGT-1,G1,G1,late,0.13051116,1422.0
CGCGATTAGTAGAGAC-1,S,G1,,0.94107956,6065.0
CGCGATTAGTATGAAG-1,G1,G1,late,0.22565454,2752.0
CGCGCAATCCGTTAAG-1,S,S,,0.8661682,3794.0
CGCGCAATCCTGCGCT-1,G1,G1,late,0.06470787,316.0
CGCGCAATCTCACCTG-1,G1,G1,early,0.0742035,453.0
CGCGCAATCTCATGCT-1,G2M,G2M,,0.9506752,6375.0
CGCGCATGTGAACGTA-1,G1,G1,late,0.21018612,2622.0
CGCGGTTGTAGCTGAA-1,G2M,G2M,,0.9100325,4875.0
CGCGTACGTAGTCCCA-1,G1,G1,late,0.13695142,1514.0
CGCGTACGTTAGTGTC-1,G2M,S,,0.9110562,4900.0
CGCGTCAAGCTGAGAG-1,S,G1,,0.85521805,3633.0
CGCGTCAAGTCGAGTC-1,G1,G1,late,0.09122219,704.0
CGCGTCAAGTTACCCT-1,G2M,G2M,,0.9411069,6066.0
CGCGTTAGTGCAATGA-1,S,S,,0.92038274,5186.0
CGCGTTAGTTCGGTCA-1,G2M,G1,,0.9345485,5775.0
CGCGTTAGTTGGCCTA-1,G1,G1,late,0.21390414,2651.0
CGCTAAATCATCACCT-1,S,G2M,,0.9059282,4748.0
CGCTAACAGATTGAAG-1,S,G1,,0.8465402,3551.0
CGCTAACAGCGAACCT-1,G1,S,late,0.09497641,766.0
CGCTAACAGCGGATAG-1,S,S,,0.92028713,5182.0
CGCTACTCAGGCAACC-1,G2M,G1,,0.87219447,3913.0
CGCTACTCATAGGGCC-1,S,G1,,0.8554296,3638.0
CGCTATGGTATAGACG-1,G1,G1,late,0.114156075,1113.0
CGCTATGGTTGTGGAA-1,S,G2M,,0.9160845,5048.0
CGCTCATCATTCGTCA-1,S,G1,,0.85868144,3678.0
CGCTCATCATTGGCAG-1,G1,G1,late,0.07935511,535.0
CGCTCCACAATACATG-1,G2M,G2M,,0.9053525,4719.0
CGCTCCACAGTAATGC-1,G2M,S,,0.9493355,6339.0
CGCTGATAGGGTGAAT-1,G1,G1,late,0.119726315,1231.0
CGCTGCAAGATAGCCC-1,G2M,G1,,0.9415486,6084.0
CGCTGCAAGGGTCTGT-1,G1,G1,late,0.09768709,805.0
CGCTGCTTCAGCTACA-1,S,S,,0.8967488,4478.0
CGCTGCTTCATCGTTC-1,S,G1,,0.85415375,3620.0
CGCTGCTTCTAGCCTT-1,G1,G1,late,0.20311972,2550.0
CGCTGGATCGATGTCA-1,G2M,S,,0.9344152,5766.0
CGCTTAGGTTCCAGCA-1,G1,G1,late,0.049803454,154.0
CGCTTAGGTTTGGAGA-1,G2M,G1,,0.94889647,6332.0
CGCTTCATCTCACATC-1,S,G1,,0.6025127,3113.0
CGCTTCATCTCATGTC-1,G1,G1,late,0.085708834,621.0
CGCTTCATCTGTGGAC-1,S,S,,0.50257427,3025.0
CGCTTGCTCAGCTCAA-1,G2M,G1,,0.8184588,3404.0
CGCTTGCTCAGGACAG-1,G1,G1,late,0.10443746,921.0
CGCTTGCTCATGGACC-1,G1,G1,early,0.06354558,301.0
CGGAAAGTCACTGTCT-1,G1,G1,late,0.09906652,827.0
CGGAAAGTCAGCGGTT-1,G2M,G1,,0.92806894,5487.0
CGGAACCCAAATTACG-1,G2M,G1,,0.92277133,5282.0
CGGAACCCACATATAG-1,G1,G1,early,0.07165904,413.0
CGGAACCCAGGGCTGT-1,G1,G1,late,0.2332049,2779.0
CGGAACGGTGGCAGTG-1,G2M,G2M,,0.9241482,5329.0
CGGACAGGTTAATCCA-1,G2M,S,,0.93970233,6003.0
CGGACAGGTTTCGTCC-1,G1,S,late,0.13566141,1496.0
CGGACATTCCAGCGTG-1,G1,G2M,late,0.20936793,2609.0
CGGACATTCTAAGTGT-1,G1,G1,late,0.1817823,2272.0
CGGACTTAGCAATCTG-1,G2M,G1,,0.91251016,4943.0
CGGACTTAGGTAACTT-1,G2M,S,,0.90574783,4738.0
CGGATAAGTCAAGTGA-1,S,G1,,0.4821143,3008.0
CGGATAAGTCTGGTCA-1,G1,G1,late,0.17264445,2125.0
CGGATAAGTGGCGTCT-1,S,G1,,0.86645025,3799.0
CGGATAAGTTTACTAG-1,S,G1,,0.9151576,5015.0
CGGATAAGTTTCGATA-1,G1,G2M,late,0.14631046,1668.0
CGGATCACAACGGCTA-1,G2M,G1,,0.97322094,6781.0
CGGATCACAGCTAAGT-1,G1,G1,late,0.15906872,1885.0
CGGCAAGGTGGCTCAC-1,G1,G1,early,0.04195621,90.0
CGGCAAGGTTGCACTG-1,G2M,G2M,,0.98644584,6871.0
CGGCAAGGTTTGACCG-1,S,G2M,,0.8965784,4470.0
CGGCATTAGGGTCACT-1,G1,G1,late,0.39681715,2930.0
CGGCATTAGTCGCACG-1,G1,G1,late,0.15889281,1882.0
CGGCATTAGTGTCAAT-1,G2M,G2M,,0.93607444,5834.0
CGGCCAATCATGCGGT-1,G1,G1,late,0.08310778,587.0
CGGCCAATCGAAGGGC-1,G1,G1,late,0.12266755,1276.0
CGGCCAATCTAACCAG-1,S,S,,0.8521584,3602.0
CGGCCTAAGTAGTGAA-1,G1,G1,late,0.103566475,908.0
CGGCTAACAAGCGTGC-1,S,G1,,0.9021851,4615.0
CGGCTAACAATATCGA-1,G1,G1,late,0.12083972,1244.0
CGGCTAGTCACAGCAC-1,G1,G1,late,0.18963084,2393.0
CGGCTAGTCACCATAG-1,G1,G1,late,0.1714186,2107.0
CGGCTCAAGGGCCATT-1,G1,G1,late,0.07620413,478.0
CGGCTTAGTTCCCGAA-1,G1,G1,late,0.079974204,538.0
CGGCTTGAGGATGACG-1,G1,G1,late,0.15158762,1761.0
CGGGACTCAACCCTTA-1,S,G2M,,0.9419596,6098.0
CGGGACTCAAGGGATA-1,S,G1,,0.8411469,3513.0
CGGGACTCAATACGGT-1,S,S,,0.91884047,5141.0
CGGGACTCACTAATTC-1,S,G2M,,0.9106293,4888.0
CGGGACTCATCGTTGC-1,S,S,,0.8945775,4420.0
CGGGATGGTAAGTGTG-1,G2M,S,,0.92395073,5324.0
CGGGCAAGTAGTTAGG-1,S,G1,,0.4458785,2985.0
CGGGCTATCAGCATTG-1,S,S,,0.8697279,3854.0
CGGGCTATCCTCGACC-1,G2M,G1,,0.9256126,5380.0
CGGGCTTGTGAAGCTA-1,S,S,,0.8277452,3438.0
CGGGCTTGTGAGGCTG-1,G1,G1,late,0.14921325,1716.0
CGGGCTTGTTAAGTCC-1,G2M,S,,0.9784198,6834.0
CGGGGAACACATGACG-1,G1,G1,late,0.20600143,2583.0
CGGGGATAGCCAGTAC-1,G1,G1,late,0.11821292,1196.0
CGGGGATAGGAGGCTA-1,S,G1,,0.9185866,5135.0
CGGGGATAGTAACCGC-1,S,G1,,0.77149683,3289.0
CGGGGATAGTGCGCTG-1,G2M,G2M,,0.926982,5435.0
CGGGTAAAGATTGAAG-1,G2M,G2M,,0.9154597,5027.0
CGGGTAAAGGCACTCG-1,S,G2M,,0.8797652,4078.0
CGGGTCATCAGTAGTT-1,G1,G1,late,0.07668337,491.0
CGGGTCATCGATCGTA-1,G2M,G2M,,0.92543083,5374.0
CGGGTTACATGGTACG-1,G2M,S,,0.78546935,3314.0
CGGTAAAGTGAGGATC-1,G2M,G2M,,0.9652769,6663.0
CGGTAAAGTGGGAATC-1,G1,G1,late,0.120995365,1247.0
CGGTAAAGTTGTGGAA-1,S,S,,0.91347104,4971.0
CGGTAATCACTCATGC-1,G2M,S,,0.8355554,3476.0
CGGTAATCAGTTGCCT-1,G2M,G1,,0.93577343,5814.0
CGGTAATCATAACGAC-1,G1,G1,late,0.24243058,2810.0
CGGTATATCCATCTCG-1,G1,G1,late,0.07430297,454.0
CGGTATTGTCTGGGCT-1,G1,G1,late,0.127657,1374.0
CGGTATTGTTAGCCTG-1,G1,G1,early,0.15319216,1790.0
CGGTCAACAAATCATG-1,G1,G1,late,0.13714603,1523.0
CGGTCAACATGGCTCT-1,G1,,early,0.063869484,305.0
CGGTGAAAGCTGGCTG-1,S,G2M,,0.8808737,4115.0
CGGTGAAAGTTACGCA-1,S,G1,,0.78820336,3319.0
CGGTGAAAGTTAGATC-1,G2M,G1,,0.9043466,4685.0
CGGTGAGGTCATGTGT-1,G1,G1,late,0.1496205,1720.0
CGGTGAGGTTAATCCA-1,G2M,S,,0.857682,3657.0
CGGTGAGGTTTGCGAT-1,G1,G1,early,0.110497065,1048.0
CGGTGCATCCGTATGA-1,S,G1,,0.5338843,3048.0
CGGTGCATCCTGCTCA-1,S,G1,,0.88049346,4101.0
CGGTGTTAGGCTACAC-1,G2M,G1,,0.9479459,6299.0
CGGTTAATCACACAGC-1,G1,G1,late,0.1457523,1663.0
CGGTTAATCATCTCAC-1,G1,G1,early,0.12937206,1401.0
CGGTTAATCCCGTACC-1,G2M,G1,,0.97514063,6799.0
CGGTTAGCAACGTGCA-1,S,G1,,0.8914184,4345.0
CGGTTAGCAACTAGAC-1,G2M,S,,0.89595836,4457.0
CGGTTAGCATTGGAAC-1,G2M,G2M,,0.9513745,6394.0
CGGTTATGTAATCGGA-1,S,S,,0.88965625,4306.0
CGGTTATGTATTGCTA-1,G1,G1,late,0.13886085,1541.0
CGGTTATGTCATCGCA-1,G2M,G1,,0.938576,5954.0
CGGTTATGTCTAGAGA-1,G1,S,late,0.19673197,2478.0
CGGTTATGTTGTGGCC-1,G1,G1,late,0.07519276,469.0
CGGTTCTCACCTCACG-1,G1,G1,late,0.10114538,872.0
CGGTTTGGTCTCACAG-1,G2M,S,,0.874047,3955.0
CGGTTTGGTGCGTACC-1,G2M,G1,,0.9241184,5327.0
CGGTTTGGTTCGTGTG-1,S,S,,0.8779272,4038.0
CGTAAACCAGTACCGA-1,S,G2M,,0.90955323,4859.0
CGTAAAGGTTCGTGGC-1,S,G2M,,0.9053364,4718.0
CGTAAATTCAGGAGAT-1,G1,G1,late,0.14362144,1616.0
CGTAAATTCCCAGGTG-1,G2M,G1,,0.92840415,5501.0
CGTAACATCCTCTATA-1,S,G1,,0.9250163,5357.0
CGTAACATCGATCAGC-1,G1,G1,late,0.1147929,1129.0
CGTAATTAGCGCAACT-1,G2M,G1,,0.928208,5493.0
CGTAATTAGTAGACTT-1,G2M,G2M,,0.9336261,5738.0
CGTAATTAGTAGTCCA-1,G2M,G1,,0.88999224,4311.0
CGTACAGCATCAATTC-1,G2M,S,,0.9138131,4979.0
CGTACCCTCCAGCGAT-1,G1,G2M,late,0.13675794,1513.0
CGTACCTCACTTACAT-1,S,G1,,0.8929317,4384.0
CGTACGTAGCCTCTGC-1,S,S,,0.9428169,6141.0
CGTACGTAGCGCTATA-1,G1,G1,late,0.13746141,1526.0
CGTACGTAGTGCTCGG-1,G2M,G1,,0.9369105,5882.0
CGTACGTAGTTGCGGT-1,S,G1,,0.8699956,3862.0
CGTACTAAGATTAGCT-1,G1,G1,late,0.23167574,2774.0
CGTACTAAGCCTAGAC-1,G2M,G1,,0.9177828,5101.0
CGTAGGCCAAACCGAT-1,G2M,G1,,0.92725337,5451.0
CGTAGGCCAAGGTGAA-1,S,G1,,0.9152244,5019.0
CGTAGGGGTATGGACA-1,S,G1,,0.88037884,4096.0
CGTAGGGGTGGACAGT-1,G2M,G1,,0.9617844,6594.0
CGTAGGGGTTGCACTG-1,G2M,G1,,0.97439957,6792.0
CGTAGGTTCAATTCGG-1,S,G2M,,0.87766486,4035.0
CGTAGGTTCATATCCC-1,S,S,,0.88445556,4198.0
CGTAGGTTCCAACCGG-1,S,G1,,0.83814174,3494.0
CGTAGGTTCTATGCAG-1,G2M,G2M,,0.9638157,6636.0
CGTAGTTGTTCCTCTA-1,S,S,,0.8684136,3831.0
CGTAGTTGTTTGAGCT-1,S,G1,,0.51191086,3034.0
CGTATATAGCATAGTT-1,G2M,G1,,0.921425,5222.0
CGTATATAGGTTAGGG-1,G1,G1,late,0.15562315,1828.0
CGTATCCCAAGCATCG-1,G1,G1,late,0.59439385,3106.0
CGTATCCCAATCTGCC-1,S,G2M,,0.9235676,5305.0
CGTATCCCAATTACTC-1,G2M,G1,,0.95378375,6444.0
CGTATCCCATCATCGC-1,G1,G1,late,0.2173621,2688.0
CGTATGATCCGTAGAC-1,G1,G1,late,0.0898927,681.0
CGTATGATCTCATCGT-1,G1,G1,late,0.16286749,1956.0
CGTATTAGTTTCCAGG-1,G2M,S,,0.8116873,3380.0
CGTATTGAGGTTCATG-1,G2M,G1,,0.876112,4002.0
CGTATTGAGGTTGGAG-1,S,G1,,0.5878842,3102.0
CGTCAAATCACCAAGC-1,G2M,G2M,,0.9409467,6059.0
CGTCAAATCATCGACA-1,S,G1,,0.45899525,2996.0
CGTCAAATCGACTGAC-1,S,G2M,,0.927069,5441.0
CGTCAATGTGATCCCA-1,S,G2M,,0.91376877,4976.0
CGTCAATGTTAAGGGC-1,G1,G1,late,0.11855614,1207.0
CGTCAATGTTCCGGGT-1,S,G1,,0.9072331,4785.0
CGTCACCTCAGGCAGA-1,G1,G1,late,0.07454548,457.0
CGTCACCTCATGACGC-1,G2M,S,,0.9173131,5084.0
CGTCACCTCCTCAACT-1,G2M,G1,,0.9377832,5922.0
CGTCACCTCGAACCTA-1,G1,G1,early,0.075747825,473.0
CGTCACCTCGTGACTA-1,G2M,S,,0.9066457,4764.0
CGTCAGGTCCCAATGA-1,G1,G1,early,0.06851793,367.0
CGTCAGGTCCTGCGGA-1,G1,G1,early,0.17257194,2121.0
CGTCAGGTCGCTTCCA-1,G2M,G1,,0.99384767,6890.0
CGTCAGGTCTGTGCTT-1,G1,G1,late,0.22547743,2751.0
CGTCAGTAGATAGGGT-1,G1,G1,late,0.14450318,1641.0
CGTCATAAGTTACCGA-1,G1,G1,late,0.14888965,1711.0
CGTCATAAGTTACGGC-1,S,G1,,0.9357939,5817.0
CGTCATCCACCAACTC-1,G1,G1,late,0.12821695,1385.0
CGTCATCCAGGAATGA-1,G2M,G1,,0.9723141,6766.0
CGTCATGGTTGCTGAT-1,G1,G1,late,0.1513159,1754.0
CGTCATTTCAGCCATA-1,G2M,G1,,0.9148526,5006.0
CGTCCAAGTCAATTCA-1,G2M,S,,0.9067106,4770.0
CGTCCATCATCCCTAA-1,S,G2M,,0.9270854,5442.0
CGTCCCACAATTGCCC-1,G1,G1,late,0.1306838,1423.0
CGTCCGTTCAGCCACG-1,G1,G1,late,0.06375716,303.0
CGTCCTCAGTCGCAGT-1,G2M,G1,,0.9643937,6649.0
CGTCCTCAGTTGCTTC-1,G2M,G1,,0.96901524,6711.0
CGTCCTGCACCTTCCC-1,G2M,G1,,0.9306055,5604.0
CGTCCTGCACTATGAA-1,S,G1,,0.83933043,3502.0
CGTCCTGCAGTAAGCT-1,S,S,,0.79823124,3343.0
CGTCCTTGTTGGTCTG-1,G1,S,early,0.12893476,1394.0
CGTCGTAGTTACACCG-1,G2M,G1,,0.82316226,3419.0
CGTCGTTCACTTACCA-1,G2M,G2M,,0.9635501,6629.0
CGTCGTTCATGGTCCT-1,G1,G1,late,0.10372038,912.0
CGTCTATTCATGACGC-1,G1,S,late,0.2388906,2795.0
CGTCTATTCGACATTG-1,G2M,G1,,0.92816323,5492.0
CGTCTATTCGCTGATA-1,G1,G1,late,0.15157011,1760.0
CGTCTCATCACACATG-1,G2M,G1,,0.93858856,5955.0
CGTCTCATCCATATCC-1,G2M,G1,,0.931768,5653.0
CGTCTCATCGAATGAA-1,G1,G1,late,0.10678166,982.0
CGTCTCATCGATAGTT-1,G1,G1,late,0.21465968,2660.0
CGTCTTGTCGCGATTA-1,S,G1,,0.58260745,3096.0
CGTGAAAGTGAACGGT-1,G1,G1,early,0.15150812,1758.0
CGTGAAAGTTTGAGCT-1,S,G1,,0.81920844,3406.0
CGTGACCGTAGGTCAA-1,G2M,G1,,0.93695116,5885.0
CGTGACCGTGCAGCTC-1,S,G1,,0.8922405,4366.0
CGTGAGAAGAAGGTGT-1,S,G1,,0.87618524,4003.0
CGTGAGGGTTAGGTAG-1,S,G2M,,0.90874374,4833.0
CGTGAGGGTTCCAGGC-1,G2M,G1,,0.8467857,3552.0
CGTGAGGGTTTGACCG-1,G2M,G2M,,0.9602284,6568.0
CGTGATGCAGCTAGGC-1,S,S,,0.3039197,2867.0
CGTGATTGTATTGCCG-1,G1,S,late,0.1686924,2060.0
CGTGATTGTTGGACGG-1,G1,G1,late,0.24070108,2803.0
CGTGCAACAAGCTCTC-1,S,G2M,,0.89298636,4385.0
CGTGCAACACCTTAGC-1,G1,G2M,late,0.07049214,398.0
CGTGCCTTCCTCTAAC-1,G1,G1,late,0.07403702,447.0
CGTGCTGAGCAATTCG-1,S,S,,0.7492019,3247.0
CGTGCTGAGCGAGTGA-1,G1,G1,late,0.18229425,2278.0
CGTGCTGAGGGGCTAA-1,G2M,G2M,,0.9705987,6738.0
CGTGGATTCATGTCTC-1,G2M,G1,,0.8860558,4231.0
CGTGGATTCGCGATAC-1,S,S,,0.92976886,5564.0
CGTGGTTAGATTCGGC-1,G1,G1,late,0.15005042,1727.0
CGTGGTTAGCCCGTCT-1,G1,G1,late,0.120041676,1236.0
CGTGGTTAGGGGTTGA-1,S,S,,0.89696336,4484.0
CGTGGTTAGTAGTAAG-1,G1,G1,late,0.18401502,2307.0
CGTGGTTAGTCAACCA-1,S,G1,,0.8370401,3484.0
CGTGTATGTTAGGTCT-1,S,G2M,,0.90502924,4708.0
CGTGTCAGTCAGTCCA-1,S,S,,0.8903638,4324.0
CGTGTCAGTCTCCACT-1,S,G2M,,0.8749817,3979.0
CGTGTCAGTTTGCGGC-1,S,G2M,,0.9313585,5631.0
CGTGTTAAGAATCCAT-1,G1,G1,late,0.20139948,2532.0
CGTGTTAAGGTCATAT-1,G2M,G2M,,0.93770957,5917.0
CGTGTTAAGTCGAAGG-1,G2M,S,,0.970196,6733.0
CGTGTTAAGTTGCCTT-1,S,S,,0.842996,3525.0
CGTTAATAGCAGGGTA-1,S,G1,,0.8742251,3961.0
CGTTAATAGTAGCTGC-1,G2M,G2M,,0.953733,6442.0
CGTTACCCACATAGCG-1,G2M,G1,,0.9056039,4731.0
CGTTACCCAGTAAGTC-1,G1,G1,early,0.105800346,963.0
CGTTACCCATCACTCA-1,G2M,G1,,0.8931266,4391.0
CGTTACTTCAGCTACA-1,G2M,G2M,,0.9274432,5462.0
CGTTACTTCCAGCAAC-1,S,G1,,0.859879,3699.0
CGTTACTTCGAGTGGA-1,S,G2M,,0.9114581,4910.0
CGTTACTTCGATCAGC-1,G2M,G2M,,0.9263312,5408.0
CGTTATAGTAGCGATA-1,G1,G1,late,0.20330432,2551.0
CGTTATAGTTTCCTGC-1,G2M,G1,,0.92177385,5239.0
CGTTATGAGAACGGTG-1,G1,G2M,late,0.07730162,505.0
CGTTCACCAAGCTGTG-1,G1,G1,early,0.062076125,294.0
CGTTCACCACTAAGCG-1,G1,G1,late,0.06057648,277.0
CGTTCACCATGGATAC-1,G1,G1,early,0.11920317,1224.0
CGTTCAGGTAATCGAG-1,S,G1,,0.8832346,4171.0
CGTTCAGGTTATCTAG-1,G2M,G1,,0.94474643,6202.0
CGTTCCATCCCCAGGA-1,G1,G1,late,0.14625682,1667.0
CGTTCCATCCGCGACA-1,G1,G1,late,0.24051541,2801.0
CGTTCCGCAAGCTTAA-1,S,S,,0.86056924,3710.0
CGTTCCGCACTTGCCG-1,G2M,G2M,,0.9911934,6884.0
CGTTCCTGTCATGGTT-1,G1,G1,late,0.118060514,1194.0
CGTTCCTGTCTGGCTA-1,G1,G1,late,0.21334353,2648.0
CGTTCCTGTGATCCTG-1,S,G2M,,0.9035733,4655.0
CGTTCCTGTTCACGCA-1,G2M,G2M,,0.9455185,6232.0
CGTTCGCTCATGCACA-1,S,S,,0.87266666,3924.0
CGTTCGCTCCTGGTCC-1,S,G1,,0.74287885,3233.0
CGTTCGCTCGACTAGC-1,G2M,G1,,0.8754,3989.0
CGTTCGCTCGTACCTT-1,G2M,G2M,,0.9427652,6137.0
CGTTCGCTCGTGAATT-1,G1,G1,late,0.13132207,1437.0
CGTTCGCTCTAGGCGT-1,G1,G1,late,0.14541179,1658.0
CGTTGAATCAATGTAC-1,S,G1,,0.92000705,5172.0
CGTTGCCTCAGCTACA-1,G2M,G2M,,0.92903733,5526.0
CGTTGCCTCCCCTGGT-1,G1,G1,late,0.100004055,849.0
CGTTGGACATGGTATA-1,G2M,S,,0.90114635,4581.0
CGTTGTAAGCAAGTAA-1,G2M,G1,,0.92871726,5518.0
CGTTGTAAGCCTTCGC-1,G1,G1,late,0.062017445,292.0
CGTTGTCCAAATGGAG-1,G1,G1,late,0.20957506,2613.0
CGTTGTCCAACGGTAT-1,G1,G1,late,0.18727519,2359.0
CGTTTAAGTAATCAGG-1,S,S,,0.8498307,3577.0
CGTTTCACACATTACT-1,G2M,G1,,0.935988,5829.0
CGTTTCACACCTAATT-1,G1,G1,late,0.18124978,2262.0
CGTTTGAAGTACCAGC-1,G2M,G1,,0.8755904,3992.0
CGTTTGAAGTGAAGTA-1,G2M,G1,,0.7793897,3304.0
CGTTTGGGTTCCCAGA-1,S,G1,,0.81655747,3397.0
CTAAACCGTAGTAAGT-1,G1,G1,late,0.048975576,146.0
CTAAACCGTCAACTCG-1,G1,G1,early,0.026155595,19.0
CTAAACCGTTAGGCTT-1,G2M,G1,,0.9403039,6027.0
CTAAACTAGCGGTACT-1,G2M,G1,,0.9396973,6002.0
CTAAACTAGTATGATC-1,G1,G1,late,0.1058133,964.0
CTAAAGCCACAATGGT-1,G1,G1,late,0.22388843,2741.0
CTAAAGCCATGGCTCT-1,G1,G1,early,0.080934286,554.0
CTAAAGGGTCTGTCCT-1,G2M,G1,,0.941078,6064.0
CTAAATGCATCGCTGT-1,S,G2M,,0.89947265,4538.0
CTAACATAGAATCCAT-1,G2M,G1,,0.9365883,5863.0
CTAACCAAGGTCACGT-1,G1,G1,late,0.20887779,2607.0
CTAACCAAGGTGACAG-1,G2M,G1,,0.93635213,5852.0
CTAACCAAGTGAATCT-1,S,S,,0.86801773,3827.0
CTAACCAAGTTGCCGG-1,S,G2M,,0.93837106,5945.0
CTAACGATCAATCGCA-1,G1,G1,late,0.081158094,561.0
CTAACGATCACTCCAT-1,G1,G1,late,0.057614148,238.0
CTAAGCATCAGCTACA-1,S,G1,,0.91623193,5055.0
CTAAGCATCCCTCGAC-1,S,G1,,0.5572533,3071.0
CTAAGCATCTTGAGCA-1,G1,G1,late,0.13253139,1452.0
CTAAGCCAGCCTAGAC-1,G1,S,late,0.1425802,1604.0
CTAAGCCAGGTGCTGT-1,G2M,G1,,0.9351779,5794.0
CTAAGGTCACATTACT-1,G2M,G1,,0.90812755,4814.0
CTAAGGTCATCCTAAT-1,G1,G1,early,0.05608228,216.0
CTAATCCTCAATGTAC-1,S,G1,,0.65163475,3157.0
CTAATCTCAGGCAGGA-1,G2M,G1,,0.8799748,4083.0
CTAATCTCATTCGGAG-1,G1,G1,late,0.19765186,2493.0
CTAATTGGTGAGCATA-1,G1,G1,late,0.09128569,707.0
CTAATTGGTTAGCCAT-1,S,S,,0.9216262,5233.0
CTACAATAGTTGCACA-1,G1,S,late,0.19105582,2412.0
CTACACAAGGATATGA-1,G1,G1,late,0.09679936,793.0
CTACACAAGTCGATGC-1,G2M,G2M,,0.9154585,5026.0
CTACACAAGTGAATCT-1,G1,G1,late,0.12516668,1329.0
CTACACAAGTTACCAG-1,S,G1,,0.90415376,4676.0
CTACACCCAGCTACAG-1,G1,G1,early,0.18373731,2306.0
CTACAGGCAAGGTAGA-1,G1,G1,late,0.13707559,1520.0
CTACAGGCAAGGTTCG-1,G1,G1,late,0.09789509,809.0
CTACAGGCAATCAGGT-1,G1,S,late,0.21913917,2707.0
CTACAGGCACTAGCAG-1,G2M,G2M,,0.93302214,5705.0
CTACATGAGGCTTAAT-1,S,S,,0.9095703,4860.0
CTACATGAGGGGACTA-1,S,G1,,0.934424,5768.0
CTACATGAGTAGGCGA-1,G1,G1,late,0.16455269,1986.0
CTACATTCAATCTCAT-1,G2M,G2M,,0.9622762,6601.0
CTACATTCACCTTAGC-1,G2M,G2M,,0.9203572,5185.0
CTACCAAAGCCACTCC-1,G1,G1,early,0.10950125,1028.0
CTACCCGCACCTACGT-1,G1,G1,early,0.0957776,778.0
CTACCCGCATAAGCAC-1,G2M,S,,0.9359248,5824.0
CTACCCTGTTGTCCGA-1,S,G1,,0.87173486,3905.0
CTACCGCTCATGGCAC-1,S,G1,,0.87145257,3898.0
CTACCGCTCCAGCGTG-1,G1,G1,early,0.2077409,2599.0
CTACGAATCACCTACT-1,S,G1,,0.3519933,2899.0
CTACGAATCACGCGCA-1,G1,G1,early,0.23522125,2784.0
CTACGAATCCTTCGCA-1,S,G2M,,0.49381286,3014.0
CTACGAATCGACATTG-1,G2M,G1,,0.9532641,6432.0
CTACGACAGAAGCTCC-1,G2M,S,,0.9334667,5733.0
CTACGACAGTCAGCTA-1,G1,G1,late,0.10537909,951.0
CTACGACAGTGAGACG-1,G1,G1,late,0.057067778,231.0
CTACGATGTAATCAGG-1,S,G2M,,0.88420874,4192.0
CTACGATGTGGAGACT-1,G1,S,late,0.090933114,698.0
CTACGATGTTCACCGA-1,G2M,G1,,0.9353985,5800.0
CTACGATGTTGAGCTT-1,G2M,G1,,0.8671648,3812.0
CTACGCCTCTAAGCCA-1,G2M,G2M,,0.95732266,6517.0
CTACGCCTCTCACCAT-1,G2M,G2M,,0.95556843,6479.0
CTACGGACAACTGCCT-1,G2M,G2M,,0.93551004,5805.0
CTACGTCCAAGCACCA-1,G2M,G2M,,0.9397968,6008.0
CTACGTCCAGGATTAC-1,S,S,,0.84929043,3572.0
CTACGTCCATTGGAGT-1,G2M,G1,,0.92013603,5175.0
CTACTCACAAGTAGTC-1,S,G1,,0.85368377,3617.0
CTACTCACAATGCCGA-1,S,S,,0.8176246,3400.0
CTACTCCGTGGACATA-1,S,G1,,0.8780304,4040.0
CTACTTGCATTCATAC-1,G2M,G1,,0.94521856,6222.0
CTAGAAGGTAACTCGT-1,G2M,S,,0.9108088,4892.0
CTAGAAGGTGGACCCT-1,S,G1,,0.65073335,3155.0
CTAGAAGGTTCGTGAT-1,S,G2M,,0.88248545,4151.0
CTAGATTAGGAGTACG-1,G2M,S,,0.9300265,5581.0
CTAGATTAGTGAGGCA-1,G1,G1,late,0.1375933,1529.0
CTAGCATGTAATCGGA-1,S,G2M,,0.8949348,4431.0
CTAGCATGTAGGTATG-1,G1,G1,late,0.121617615,1256.0
CTAGCATGTGCGCGTT-1,G2M,G1,,0.92454374,5346.0
CTAGCATGTTTCGCCT-1,S,G1,,0.3486315,2892.0
CTAGCCAGTTGGTCAT-1,G1,G1,early,0.14867195,1706.0
CTAGCCTCAACGTGCA-1,G2M,G1,,0.9158039,5033.0
CTAGCCTCAATACCAA-1,G2M,G2M,,0.94505376,6215.0
CTAGCCTCAGCATGTG-1,G1,G1,late,0.07073936,402.0
CTAGCCTCATCACTAT-1,G2M,G2M,,0.92160785,5230.0
CTAGCCTCATTAGGCG-1,S,S,,0.8795113,4070.0
CTAGCGCGTAACCCTG-1,G2M,S,,0.9270481,5439.0
CTAGCGCGTAATCGTC-1,G1,G1,late,0.15001859,1726.0
CTAGCGCGTTATGGAG-1,S,G1,,0.92725414,5452.0
CTAGCGCGTTGGTTAC-1,G1,G1,late,0.09036656,689.0
CTAGCTGGTAGCCTCA-1,S,G1,,0.5646946,3079.0
CTAGCTGGTCAATGTC-1,S,S,,0.8954155,4443.0
CTAGGTCAGATTACCG-1,G1,G1,late,0.1943965,2453.0
CTAGGTCAGCGAGGAC-1,G2M,G2M,,0.99066716,6882.0
CTAGGTCAGTTACCGA-1,G2M,G1,,0.9713014,6753.0
CTAGGTTGTAAGCCAA-1,G1,G1,late,0.11834486,1202.0
CTAGTAACAAGCGCGT-1,G2M,G1,,0.91891813,5143.0
CTAGTAACAATTCGCC-1,G1,G1,early,0.047958452,141.0
CTAGTCAAGCAAGCCT-1,G2M,G2M,,0.9720844,6765.0
CTAGTCAAGGTCAATT-1,G2M,S,,0.9443868,6189.0
CTAGTCAAGTAGGTCC-1,G2M,G2M,,0.95037574,6365.0
CTAGTCAAGTGTCCGG-1,G2M,G2M,,0.95296025,6427.0
CTAGTTGAGGTTCGTA-1,S,G1,,0.8048308,3360.0
CTATAGGTCTAGTTGG-1,S,G2M,,0.91111094,4902.0
CTATAGTAGCGCATGT-1,S,G1,,0.91432077,4996.0
CTATAGTAGTAGTGCC-1,G1,G1,early,0.103387095,902.0
CTATATGGTGAGTCCC-1,G2M,S,,0.9181242,5110.0
CTATCAAGTAGTGCGG-1,G1,G1,late,0.12623002,1349.0
CTATCAAGTTATCTGA-1,G1,G1,early,0.15658575,1847.0
CTATCATCAAATGGGA-1,G2M,G2M,,0.9220226,5249.0
CTATCATCAAGCGTGC-1,S,G2M,,0.90252966,4625.0
CTATCATCATAACTGA-1,G2M,G1,,0.9482428,6310.0
CTATCATCATGCTGAG-1,G2M,G2M,,0.9639746,6639.0
CTATCGAAGAAGGTTA-1,S,G1,,0.8629454,3747.0
CTATCGAAGCAAGGCA-1,G1,G1,late,0.15042959,1737.0
CTATCGCCAGCCTAGA-1,S,G2M,,0.85880387,3680.0
CTATCGCCATTACGGG-1,G2M,G1,,0.90960413,4863.0
CTATCGTTCGTAGTAT-1,G1,S,late,0.040126365,77.0
CTATCGTTCTAGTGAT-1,G1,S,early,0.11194401,1072.0
CTATGCAAGCCATCCC-1,G1,G1,late,0.051111218,167.0
CTATGCAAGCCCTTCA-1,G1,G1,early,0.061605547,284.0
CTATGCAAGGATGTGG-1,G1,S,late,0.06917194,378.0
CTATGCTTCATCTGGA-1,G2M,S,,0.9463311,6253.0
CTATGCTTCATGCAGC-1,G1,G1,early,0.070227034,395.0
CTATGCTTCCGGATGT-1,S,G2M,,0.87045383,3874.0
CTATGCTTCGTTCGCC-1,S,G2M,,0.70447487,3199.0
CTATGCTTCTATCCGT-1,S,G1,,0.40295836,2941.0
CTATGGATCCGCATCC-1,G1,G1,late,0.17465405,2157.0
CTATGGATCCTGTCTG-1,S,G2M,,0.9249876,5356.0
CTATGGGCAGCACTCT-1,G2M,G1,,0.9490316,6335.0
CTATGGGCAGGGATGG-1,G1,G1,late,0.24098821,2805.0
CTATGGGCATGGTTGG-1,G2M,G1,,0.9311849,5623.0
CTATGGGCATTCATCG-1,G1,G1,late,0.27049506,2844.0
CTATGTGAGCGGATAG-1,G2M,S,,0.89682156,4481.0
CTATGTGAGGAATGGT-1,G1,G1,late,0.19910285,2510.0
CTATGTTCATTAAGCA-1,G1,G1,late,0.13648485,1508.0
CTATGTTCATTCGTGC-1,S,G1,,0.90494955,4704.0
CTATTCATCAATCAAC-1,G2M,G2M,,0.96629,6678.0
CTATTCATCATGGTCA-1,G2M,G1,,0.97258985,6771.0
CTATTCATCGTACCGG-1,G1,G1,early,0.03571496,49.0
CTATTCATCTTGACAG-1,G2M,G1,,0.9527671,6420.0
CTATTCGCACAGCAAT-1,G2M,S,,0.98713356,6874.0
CTATTGAGTGAGCATA-1,G1,S,early,0.1114455,1065.0
CTATTGCTCCATTCCG-1,G1,G1,early,0.13493687,1486.0
CTATTGCTCCTTCAGT-1,G2M,G2M,,0.9568051,6502.0
CTATTGCTCTGTCTGT-1,S,G1,,0.9465357,6257.0
CTCAAAGTCACGCAAC-1,G1,G1,late,0.10587247,965.0
CTCAACGGTCTAAGTC-1,S,G1,,0.87148106,3899.0
CTCAACGGTTTCCTGC-1,G2M,G1,,0.9370979,5892.0
CTCAACGGTTTCCTTG-1,G2M,G2M,,0.9572373,6515.0
CTCAACTTCATACAGT-1,S,G1,,0.33979818,2888.0
CTCAACTTCGCTAGAC-1,S,S,,0.8951645,4435.0
CTCAATAGTGAGCGAT-1,G1,S,late,0.10254473,887.0
CTCAATAGTTAGCGTT-1,G1,G1,late,0.1146539,1126.0
CTCAATAGTTAGTGAG-1,S,G2M,,0.8468527,3553.0
CTCACATTCAGTACCA-1,G2M,S,,0.9318208,5656.0
CTCACATTCATCAGCA-1,G2M,G2M,,0.9544952,6459.0
CTCACATTCGATATGT-1,G2M,G2M,,0.9295948,5558.0
CTCACCATCATGGATT-1,G2M,G2M,,0.94134605,6076.0
CTCACCTGTTTAGCAC-1,S,G2M,,0.82416195,3423.0
CTCACGAGTCTGGCTA-1,G1,G1,late,0.12427634,1315.0
CTCAGCTCAAGCCATG-1,G2M,G1,,0.9349947,5786.0
CTCAGCTCACAACCAG-1,G2M,G2M,,0.94438034,6188.0
CTCAGCTCATGACTCC-1,S,G1,,0.8376436,3490.0
CTCAGGTAGGGTCAAG-1,G1,G1,late,0.31137738,2871.0
CTCAGTAAGGCGAATG-1,S,G1,,0.8642391,3766.0
CTCAGTAAGTACGCTA-1,G2M,G1,,0.93013585,5585.0
CTCATAAGTAATCGAG-1,S,S,,0.8413769,3518.0
CTCATAAGTGCGATCC-1,G1,G1,late,0.15355484,1797.0
CTCATAAGTTATAGGG-1,G1,G1,late,0.17820029,2215.0
CTCATAGAGCGACTTA-1,G2M,G1,,0.6413182,3148.0
CTCATCACACTTACAT-1,S,S,,0.8664073,3798.0
CTCATCACATAGACAC-1,G1,G1,late,0.17933705,2235.0
CTCATGGGTCTGTCCT-1,G2M,G1,,0.91339684,4968.0
CTCATGGGTGAGGCCA-1,G2M,G1,,0.92688924,5432.0
CTCATTCAGATTAGGA-1,G1,G1,late,0.16766426,2042.0
CTCATTGCATAGAGCT-1,S,G2M,,0.9181126,5107.0
CTCCAACCATAGACCG-1,G1,G1,late,0.07849871,521.0
CTCCAAGGTAATGCGA-1,G2M,G1,,0.95417655,6454.0
CTCCAAGGTAATTGGG-1,G1,G1,late,0.07605835,476.0
CTCCAAGGTTAGACTC-1,G1,G2M,early,0.13098644,1430.0
CTCCAAGGTTGAGTAG-1,S,S,,0.8802826,4093.0
CTCCAATTCAAGTAGA-1,S,S,,0.87221247,3915.0
CTCCAATTCGCTGATA-1,S,G1,,0.8918794,4356.0
CTCCATTAGCCAGCAT-1,G2M,S,,0.94329774,6157.0
CTCCATTAGGGTGAGC-1,G2M,G1,,0.91491604,5008.0
CTCCATTAGTGAACTT-1,G1,G1,early,0.122655086,1275.0
CTCCCAATCCGGATAC-1,G1,G1,early,0.1725163,2120.0
CTCCCACAGGCGCTCA-1,G1,G1,early,0.104399264,920.0
CTCCCTAAGCAACCCG-1,G1,G1,late,0.096702494,791.0
CTCCCTAAGGTCCACG-1,G1,G1,late,0.1393106,1549.0
CTCCCTGGTATGGGAC-1,G2M,G2M,,0.9527749,6421.0
CTCCCTGGTCAATCCG-1,G1,G1,late,0.07635091,481.0
CTCCGTTGTAGTTGAG-1,S,S,,0.87130564,3894.0
CTCCGTTGTCTTGATA-1,G1,G1,early,0.049059045,148.0
CTCCGTTGTGCGCAAG-1,S,S,,0.89314383,4392.0
CTCCGTTGTGCGCAGA-1,G2M,G1,,0.95877844,6541.0
CTCCGTTGTTCGCTGA-1,S,G2M,,0.91528326,5021.0
CTCCTAGTCTGGATCA-1,G2M,G1,,0.8890888,4288.0
CTCCTCAAGTGCTCGG-1,S,S,,0.8929871,4386.0
CTCCTGATCCGCATCC-1,G2M,G1,,0.8896326,4304.0
CTCCTGATCCGTCACC-1,G1,G1,late,0.098739006,821.0
CTCCTGATCGACTATG-1,G1,G1,late,0.17069118,2092.0
CTCCTGATCTGTGCTT-1,S,G2M,,0.91928303,5151.0
CTCCTTAGTATAGCCT-1,G1,G1,early,0.02857406,25.0
CTCCTTGAGATTCGTG-1,S,S,,0.88291585,4163.0
CTCCTTGAGCAACTAT-1,S,G1,,0.6212078,3129.0
CTCCTTGAGCCATTGA-1,G1,G1,early,0.144568,1643.0
CTCGAATGTAGCAGCG-1,G1,G1,late,0.12416246,1308.0
CTCGAATGTCATGGTT-1,G1,G1,early,0.14308162,1609.0
CTCGAATGTTCGTTCC-1,S,G1,,0.9116569,4918.0
CTCGATCCATGATTGA-1,G2M,G2M,,0.95684093,6504.0
CTCGATTTCACACTGA-1,G1,S,late,0.18318751,2292.0
CTCGCCACAAGTCCTC-1,G1,G1,early,0.15964125,1908.0
CTCGCGAAGAATCCGC-1,G1,G1,early,0.07324888,438.0
CTCGCGTTCCGCGCAA-1,S,G1,,0.54973817,3060.0
CTCGCGTTCCTCAGTT-1,S,G1,,0.9208798,5206.0
CTCGCGTTCCTGCGCT-1,G1,G1,early,0.12677816,1357.0
CTCGCTATCCAGGTAC-1,G2M,G1,,0.9462802,6252.0
CTCGCTATCTCACTGT-1,G1,G1,late,0.08781346,650.0
CTCGCTGCATCCTCAA-1,G1,G1,early,0.041900583,87.0
CTCGCTTGTAAGGGTC-1,G1,S,late,0.17971186,2245.0
CTCGCTTGTATGGAGC-1,G2M,S,,0.9182174,5117.0
CTCGGCAAGCATATCG-1,S,G2M,,0.90445167,4689.0
CTCGGCAAGGCACTAC-1,G2M,S,,0.9456115,6237.0
CTCGGCAAGGTTCGAC-1,S,G2M,,0.8828741,4162.0
CTCGGCAAGTCAGGGA-1,G2M,G2M,,0.9359647,5828.0
CTCGGTTCAAGCGTAT-1,G2M,G2M,,0.94705003,6269.0
CTCGGTTCAAGTAGTC-1,G1,G1,late,0.18716305,2358.0
CTCGGTTCAATATCAG-1,G1,G1,late,0.0650177,321.0
CTCGGTTCAGGGACAG-1,G2M,G1,,0.9313702,5632.0
CTCGGTTCATTAGTAG-1,S,G2M,,0.9194027,5158.0
CTCGTCTGTTAGCTCG-1,G2M,G1,,0.9448934,6209.0
CTCGTGAGTATGGCTT-1,G1,G1,late,0.117808565,1189.0
CTCGTTACACCTCAAC-1,G2M,G2M,,0.93827355,5939.0
CTCGTTACATTGGAAC-1,S,G1,,0.8679256,3825.0
CTCTAGCCAAGGTGAA-1,G1,G1,late,0.15591906,1833.0
CTCTAGCCATGATAGC-1,G1,G1,late,0.13264547,1456.0
CTCTAGCCATTCAGCC-1,G2M,S,,0.94407547,6175.0
CTCTATATCACGTAAT-1,G1,G2M,late,0.20730694,2595.0
CTCTATATCCACCATT-1,G1,G1,late,0.11734408,1177.0
CTCTATTGTGCGCGAA-1,G2M,S,,0.7665537,3278.0
CTCTATTGTGCGTGGA-1,G1,G1,early,0.07111935,407.0
CTCTCAACAGGGCTTA-1,G2M,G1,,0.9212393,5217.0
CTCTCGATCATCGACA-1,G2M,S,,0.93296707,5703.0
CTCTGATTCGTTCGTT-1,G2M,G1,,0.93189853,5661.0
CTCTGGTCACAACCCT-1,G1,S,late,0.14383593,1620.0
CTCTGTTAGGGGATAT-1,S,G1,,0.50166297,3024.0
CTCTGTTAGTACGGCT-1,S,S,,0.89430165,4415.0
CTCTTAATCCTGGTCC-1,G2M,G1,,0.8158915,3394.0
CTCTTCTCAAATGGCT-1,S,S,,0.9061746,4756.0
CTCTTCTCATAGGTAC-1,S,S,,0.88669133,4241.0
CTGAAAGGTTCGCGGT-1,G1,G1,early,0.1561779,1837.0
CTGAACATCTAACCCT-1,G2M,G1,,0.90079314,4570.0
CTGAATGTCCGTTAAG-1,S,G1,,0.8747112,3972.0
CTGAATGTCTATCGTC-1,G1,G1,late,0.14850147,1698.0
CTGAATTAGTAGCTGC-1,G2M,G1,,0.9259619,5395.0
CTGACAATCCCAGATA-1,G1,G1,late,0.17841643,2217.0
CTGACACAGCAACTAT-1,G1,G1,early,0.09049565,692.0
CTGACACAGGTCCACG-1,G1,G1,late,0.14735599,1686.0
CTGACACAGTGCAAGG-1,S,S,,0.8561087,3647.0
CTGACCAGTCTAGTGT-1,G2M,G1,,0.90447944,4690.0
CTGACCAGTCTCCAGA-1,G1,G1,early,0.21815275,2698.0
CTGACCAGTGCACCAC-1,G1,G1,late,0.17765108,2206.0
CTGACCCTCAGCAGTC-1,G1,G1,late,0.11848952,1205.0
CTGACCCTCATCTCTA-1,G2M,G1,,0.92570144,5384.0
CTGACCTCATGACACG-1,G1,G1,late,0.17944571,2238.0
CTGACGTAGGTAGCTC-1,G1,G1,late,0.17066623,2091.0
CTGATAGTCAATGGTT-1,S,G1,,0.8385126,3495.0
CTGATAGTCCATGTCT-1,G1,G1,late,0.13094585,1429.0
CTGATAGTCCTGGGAT-1,G1,S,early,0.045248143,115.0
CTGATAGTCGACTCAA-1,G1,G1,late,0.084848575,608.0
CTGATATAGGTGGCAA-1,G1,G1,late,0.20201606,2541.0
CTGATATAGTGCCCGA-1,G1,G1,late,0.12743188,1368.0
CTGATATAGTTAGCCA-1,G2M,G1,,0.9291245,5531.0
CTGATCAAGCCGACAT-1,G2M,G2M,,0.929388,5544.0
CTGATCAAGCGATACC-1,S,G1,,0.4438825,2982.0
CTGATCAAGTCGCTAA-1,G1,G1,late,0.14912778,1714.0
CTGATTGAGCGCTTAA-1,G1,G1,late,0.21416974,2654.0
CTGATTTCACAGCGTA-1,G1,G1,late,0.12257521,1274.0
CTGCAAATCCCATATC-1,G2M,G2M,,0.9393661,5993.0
CTGCAAATCCGGTAGT-1,S,G1,,0.5677915,3082.0
CTGCAACAGTAGCCGT-1,S,G1,,0.88752633,4255.0
CTGCAATGTTAGGCTT-1,G1,G1,late,0.16857754,2058.0
CTGCAATGTTCCCATC-1,S,G2M,,0.8923044,4367.0
CTGCATCCAAATCTAG-1,G2M,G1,,0.95104957,6384.0
CTGCATCCACCATGAG-1,G2M,G2M,,0.96046126,6572.0
CTGCATGGTCCCGATA-1,G2M,G1,,0.9083792,4820.0
CTGCATTTCAGCATCA-1,G1,G1,late,0.1005979,864.0
CTGCCATCAAGTCGGC-1,G2M,G1,,0.8923728,4371.0
CTGCCATCATTAGATG-1,G1,G1,early,0.19742042,2486.0
CTGCCTATCAGCCACG-1,G1,G1,late,0.058027383,241.0
CTGCCTATCCCTTGAT-1,G1,G1,late,0.078503385,522.0
CTGCCTATCTGGCCTC-1,G2M,G2M,,0.947747,6292.0
CTGCCTGCATAACGCG-1,G2M,S,,0.8892864,4296.0
CTGCCTGCATAAGCGT-1,G1,G1,late,0.18197888,2273.0
CTGCCTGCATGGTGAT-1,S,G2M,,0.89210874,4362.0
CTGCCTTGTAGTTGAG-1,G2M,G1,,0.9333862,5727.0
CTGCCTTGTCCATTAA-1,G1,G1,late,0.12349365,1298.0
CTGCCTTGTGCGAGCA-1,S,G1,,0.72466624,3216.0
CTGCCTTGTGGCCTGT-1,S,G1,,0.87637055,4009.0
CTGCCTTGTTAATCTG-1,G1,G1,late,0.11126877,1062.0
CTGCCTTGTTGCAGGG-1,G2M,G2M,,0.94733953,6277.0
CTGCGCAAGAATCGGG-1,G2M,S,,0.93217987,5670.0
CTGCGGATCTGGGCTG-1,G1,G1,early,0.08332737,592.0
CTGCGTAGTAAGCATG-1,G2M,S,,0.9164885,5063.0
CTGCGTAGTTGTAAGG-1,G1,G1,late,0.08607005,625.0
CTGCGTAGTTTGCCAG-1,G2M,G1,,0.94873804,6328.0
CTGCTAAAGCTTCCGC-1,S,G1,,0.7478096,3244.0
CTGCTAAAGCTTCCTG-1,G1,G1,late,0.16614804,2009.0
CTGCTAAAGTAGCGGA-1,G2M,G1,,0.9532897,6436.0
CTGCTCGCAATCCAGG-1,G1,G1,late,0.08411354,601.0
CTGCTCTGTTAAGCAG-1,G1,G1,late,0.15638772,1843.0
CTGCTGCTCCTGCTGC-1,G1,G1,early,0.13820304,1533.0
CTGCTTACACTTCGTA-1,G1,G2M,early,0.046653178,125.0
CTGGACTAGGGGTAAT-1,S,G1,,0.7277379,3219.0
CTGGACTAGTAGGACG-1,G1,S,late,0.097745694,806.0
CTGGCAACAATACTTC-1,G1,G1,late,0.02374378,14.0
CTGGCCAAGAAGGGTT-1,G2M,G1,,0.83699524,3483.0
CTGGCCAAGCGCCATG-1,G2M,G1,,0.9729031,6777.0
CTGGCCAAGGTCAAGG-1,S,G1,,0.8645026,3768.0
CTGGCCAAGTCATGGC-1,G2M,G2M,,0.9311483,5621.0
CTGGCTAGTATTGCCG-1,G1,G1,late,0.15139611,1756.0
CTGGCTAGTTAGCCCA-1,S,S,,0.87832487,4048.0
CTGGCTAGTTCATCCC-1,S,G1,,0.9047057,4697.0
CTGGCTAGTTGCTCGA-1,G1,G1,late,0.18058288,2256.0
CTGGGCATCAGGTGAG-1,G1,G1,late,0.16607685,2007.0
CTGGGCATCCCTGTGC-1,G2M,G1,,0.92722446,5447.0
CTGGGCATCCTCTCGA-1,G1,G1,early,0.06549654,328.0
CTGGGCATCGCGTCCT-1,G1,G1,late,0.04151522,84.0
CTGGGGTCATCCTGCG-1,G1,G1,late,0.08681851,638.0
CTGGGTTAGAAGGGCC-1,G1,G1,early,0.19132145,2415.0
CTGGGTTAGATAGGGT-1,G2M,G2M,,0.945367,6226.0
CTGGGTTAGATTCCGA-1,G2M,G2M,,0.9782099,6832.0
CTGGGTTAGGCTTCCC-1,S,G1,,0.9262656,5405.0
CTGGTAATCAGGCATC-1,G1,G1,late,0.220138,2715.0
CTGGTAATCGTACAGC-1,G2M,S,,0.9431387,6155.0
CTGGTATGTAGTGATG-1,G1,G1,late,0.40883666,2950.0
CTGGTATGTCATGCTG-1,G1,G1,late,0.15619507,1839.0
CTGGTCAGTTAAGGTG-1,G1,G1,late,0.14142734,1586.0
CTGGTTAAGTCGATAT-1,G1,G1,late,0.19007088,2398.0
CTGGTTAAGTTACCCT-1,G2M,S,,0.95008177,6355.0
CTGTAACGTAGCAGGT-1,S,G1,,0.86346155,3754.0
CTGTAACGTCTGTGCA-1,G1,G1,early,0.084538594,604.0
CTGTAACGTTGACCTG-1,S,G1,,0.80173886,3353.0
CTGTAAGTCGATATGT-1,G2M,G1,,0.9254985,5376.0
CTGTAATAGGGCAGTA-1,S,G2M,,0.90821445,4817.0
CTGTACCCACATAGGT-1,G1,G1,early,0.16519566,1992.0
CTGTACCCATGCTACC-1,G1,G1,late,0.17739789,2204.0
CTGTACCCATGGATCG-1,S,G2M,,0.8350891,3474.0
CTGTACTTCGCGTGTG-1,S,G1,,0.4588856,2995.0
CTGTATAGTGACTCGC-1,S,G1,,0.5685984,3083.0
CTGTCAAAGTACGCAC-1,G2M,G1,,0.93503344,5788.0
CTGTCACCACAGCAAT-1,G1,G1,late,0.10728289,989.0
CTGTCATTCGATGCCG-1,G2M,G1,,0.98262703,6858.0
CTGTCGCTCACACATG-1,G1,G1,early,0.22592068,2753.0
CTGTGAATCACAGGAG-1,S,S,,0.8448472,3536.0
CTGTGAATCCCAGAGT-1,G2M,S,,0.9676559,6692.0
CTGTGAATCCGTTAAG-1,G1,G1,late,0.15050918,1741.0
CTGTGATGTCAGTAAG-1,S,G1,,0.85590124,3645.0
CTGTGATGTTTCCATT-1,S,G1,,0.8070161,3365.0
CTGTGCCTCGAATTAC-1,G2M,G1,,0.9188331,5140.0
CTGTGCCTCTATCAGG-1,G2M,G1,,0.87434477,3964.0
CTGTGGACACTTGGTC-1,G2M,S,,0.8862917,4236.0
CTGTGGACAGTACTAA-1,G2M,G1,,0.94354355,6162.0
CTGTGGACATAACGGT-1,S,G1,,0.8586792,3677.0
CTGTGGGTCACTCAGA-1,G1,G1,late,0.13123992,1435.0
CTGTGTCCAAGTAGGA-1,S,S,,0.8568834,3653.0
CTGTGTCCACTTGAGG-1,S,G1,,0.43339264,2972.0
CTGTTAAGTCAATCGT-1,G1,G1,early,0.16130395,1941.0
CTGTTAGAGGAATTAG-1,G1,G1,late,0.16481939,1989.0
CTGTTGAAGAACGACG-1,G2M,S,,0.93652344,5860.0
CTGTTGGGTTCCTCGT-1,S,G1,,0.54572314,3058.0
CTTAACCTCATAGAGA-1,S,G1,,0.8470789,3556.0
CTTAATCCATGGATCG-1,S,G1,,0.8753221,3987.0
CTTAATCCATTCGCCG-1,G1,G1,late,0.05922817,256.0
CTTAATGGTGCAACTT-1,G1,G1,late,0.13556531,1494.0
CTTAATGGTTTCAGCG-1,G1,G1,late,0.14758004,1688.0
CTTACAAGTGCATTAC-1,G1,G1,late,0.092292964,727.0
CTTACAAGTTAGCAGA-1,S,G1,,0.78079605,3308.0
CTTACATCACTAGCGA-1,G1,G1,early,0.064857066,318.0
CTTACGAAGGTGGACA-1,G1,G1,late,0.25321755,2829.0
CTTACGAAGTAGTGCC-1,G1,G1,late,0.20029235,2524.0
CTTACGGGTTTGGTCG-1,G1,G1,late,0.1816225,2269.0
CTTACGTTCCTCTCAG-1,G1,G1,early,0.1158695,1148.0
CTTACTATCCTTGAGA-1,G2M,S,,0.9330681,5709.0
CTTACTTGTGGGTATA-1,G2M,G2M,,0.937917,5929.0
CTTAGCAAGGAGGCTA-1,G1,G1,late,0.110393316,1044.0
CTTAGCGGTGGCTCGT-1,S,S,,0.9276826,5471.0
CTTAGCTTCACCCTGC-1,G2M,G1,,0.94275945,6136.0
CTTAGCTTCCAGGTGT-1,S,G2M,,0.89693826,4483.0
CTTAGCTTCCCGCTTA-1,G2M,G2M,,0.97040766,6736.0
CTTAGGATCAGTAGTT-1,S,G1,,0.8840127,4186.0
CTTAGTAGTATGGCCC-1,G1,G1,early,0.037548713,58.0
CTTAGTAGTTGTGGTT-1,G2M,S,,0.8992701,4530.0
CTTAGTGAGCATCACA-1,S,S,,0.87351596,3943.0
CTTAGTGAGTACCACA-1,S,S,,0.81243527,3383.0
CTTATAGGTCAGCTTG-1,G2M,G2M,,0.932351,5676.0
CTTATAGGTGCGGACA-1,G2M,G2M,,0.9795778,6839.0
CTTATAGGTTAAGGGC-1,G2M,G2M,,0.9235284,5304.0
CTTATAGGTTGTCCAG-1,G2M,G1,,0.8752548,3985.0
CTTATAGGTTTGAGCT-1,G2M,S,,0.93541694,5801.0
CTTATCTGTTGCACTG-1,G1,S,late,0.113663495,1102.0
CTTATCTGTTGCGACC-1,G2M,G1,,0.9408741,6057.0
CTTATCTGTTGCGGCT-1,S,G1,,0.34828952,2891.0
CTTATGAGTCATCAAC-1,S,G1,,0.91205895,4931.0
CTTATGAGTGATAGCA-1,S,S,,0.84130627,3516.0
CTTATGAGTTTCCGAG-1,S,G1,,0.81468314,3389.0
CTTATGCTCACTGGGT-1,G2M,G2M,,0.92736804,5459.0
CTTATGGAGCTACGCG-1,S,G1,,0.4229838,2962.0
CTTCAATCACATTCGC-1,G2M,G2M,,0.89796716,4503.0
CTTCAATCAGGAGCCT-1,G2M,S,,0.96007305,6565.0
CTTCACTAGCAAGTCC-1,G2M,G1,,0.9245246,5344.0
CTTCACTAGGTCACGT-1,G2M,G2M,,0.916227,5054.0
CTTCAGCCACTTCGTA-1,G2M,S,,0.8461329,3548.0
CTTCATATCGATCCGG-1,S,G1,,0.7483991,3245.0
CTTCATCAGCAAGCCT-1,G1,G1,late,0.13269363,1457.0
CTTCATCAGGAATTGA-1,S,S,,0.86137074,3721.0
CTTCATCAGTAATCAC-1,G1,G1,early,0.050197452,160.0
CTTCATCAGTGCTTGA-1,G1,G1,late,0.14483468,1651.0
CTTCATCAGTTGCGAC-1,G1,G1,late,0.16569865,2000.0
CTTCATTGTGGAGCAT-1,G2M,G2M,,0.99129367,6886.0
CTTCGAGGTTTCCATT-1,G1,G1,late,0.12348182,1297.0
CTTCGATTCACCATCT-1,G1,G1,early,0.17644253,2187.0
CTTCGCATCATAGAGA-1,G1,G1,late,0.16659805,2019.0
CTTCGCGCATTCGCGT-1,G1,G1,late,0.08186098,569.0
CTTCGGCTCTAGCCGG-1,G1,G1,late,0.16018772,1921.0
CTTCGGTCAATCAGTA-1,G1,G1,late,0.15046094,1739.0
CTTCGGTCATCGTTCA-1,G1,G1,late,0.5157385,3038.0
CTTCGGTCATGATTAG-1,G2M,G1,,0.92732835,5456.0
CTTCGTTAGGATGGTG-1,S,G1,,0.94406074,6174.0
CTTCGTTAGGTTCAAT-1,S,G1,,0.8155651,3392.0
CTTCTAATCCGTTGGG-1,S,S,,0.88406754,4187.0
CTTCTAATCGAACCAC-1,S,G1,,0.8930359,4388.0
CTTCTATGTTTGGCTG-1,G1,G1,early,0.13086016,1428.0
CTTCTCCTCCGGACAT-1,G2M,S,,0.9642925,6646.0
CTTCTCCTCGAATCAT-1,G2M,G1,,0.92243326,5269.0
CTTCTCCTCGCGATAC-1,G1,G1,late,0.15400146,1807.0
CTTCTGGTCCATATCC-1,G1,G1,early,0.072315365,424.0
CTTGAATAGGTTGAGG-1,S,G1,,0.85201126,3598.0
CTTGAATAGTCATACG-1,S,G1,,0.9371969,5895.0
CTTGACTTCAGGCAAG-1,G2M,G1,,0.77418,3294.0
CTTGACTTCCCGCAAG-1,G1,S,late,0.21187924,2638.0
CTTGACTTCCGTGTCC-1,G2M,S,,0.939915,6010.0
CTTGAGGCAATCAGGT-1,G1,G1,late,0.11695578,1168.0
CTTGAGGCATAGGTGT-1,G1,G1,late,0.1834313,2299.0
CTTGAGGCATGTCGTC-1,S,G1,,0.89619815,4464.0
CTTGATAGTTTGGGAA-1,G1,G1,late,0.08463905,606.0
CTTGATGAGGAATGAC-1,G2M,G2M,,0.95197564,6404.0
CTTGCAAAGATTCGCA-1,G1,G1,late,0.20662689,2589.0
CTTGCAAAGGAGTACG-1,G1,G1,late,0.100393705,860.0
CTTGCACCAACGGCAC-1,G1,G1,late,0.15469183,1822.0
CTTGCACCAACGGCTA-1,S,G2M,,0.8661942,3795.0
CTTGCACCAAGCGCGT-1,G1,G1,late,0.17175469,2111.0
CTTGCACCAATGCCCT-1,G1,G1,early,0.1193719,1227.0
CTTGCACCACAGCCAA-1,G2M,G1,,0.9431341,6154.0
CTTGCATTCAGGACTC-1,G2M,S,,0.9756568,6803.0
CTTGCATTCTGGAACC-1,G1,G2M,late,0.09081897,695.0
CTTGCATTCTGGCCCT-1,G1,G1,early,0.15456147,1819.0
CTTGCCTGTAATTGGG-1,S,S,,0.94439423,6190.0
CTTGCCTGTCATGATC-1,G2M,G1,,0.9269428,5434.0
CTTGCGGAGCTGAGAG-1,S,S,,0.85441816,3623.0
CTTGCGGAGTGTCAAT-1,G1,G1,early,0.065018624,322.0
CTTGGATGTGAGAGCT-1,G1,G1,early,0.03004449,28.0
CTTGGATGTTGAGGCG-1,G1,S,early,0.07631444,480.0
CTTGGCGAGGTGGATG-1,G2M,G1,,0.9486658,6324.0
CTTGGCTCAACCTTCA-1,S,S,,0.8350919,3475.0
CTTGGGACATGATAGC-1,G1,S,late,0.15264489,1781.0
CTTGGGCGTCTCACAG-1,G1,G1,late,0.23673078,2790.0
CTTGGGCGTCTTGCGA-1,G2M,G1,,0.85895866,3684.0
CTTGGGCGTGGCTGCT-1,G1,G1,early,0.13338166,1465.0
CTTGGGGTCCAACTTC-1,G2M,G1,,0.908322,4819.0
CTTGGGTAGCGCCTCT-1,S,G2M,,0.8730095,3932.0
CTTGGTAAGTCGATCA-1,G1,G1,late,0.17931472,2234.0
CTTGTAAGTAATGAGT-1,G1,G1,late,0.13534872,1492.0
CTTGTAAGTTCCTTGC-1,S,S,,0.9195341,5159.0
CTTGTCCGTCTTGCTC-1,G1,G1,early,0.1649187,1990.0
CTTGTCCGTTAATGGG-1,G1,G1,late,0.06826969,362.0
CTTGTGAAGGTCGATC-1,S,S,,0.82243866,3416.0
CTTGTGAAGGTGAGGC-1,G1,G1,late,0.14039785,1566.0
CTTGTGAAGTATGTAC-1,G2M,S,,0.9282176,5494.0
CTTGTGTTCGTTCGCC-1,G1,G1,late,0.15859558,1874.0
GCAAACCTCAGGATGG-1,G2M,S,,0.92625815,5403.0
GCAAACCTCCCATTCG-1,S,G1,,0.8287486,3442.0
GCAAAGGTCCAGGTGT-1,G1,S,late,0.08451178,603.0
GCAAAGGTCCCCTTAG-1,G2M,G1,,0.9599163,6562.0
GCAAAGGTCCTCACTG-1,G1,G2M,late,0.18993406,2397.0
GCAAAGGTCCTGGGAT-1,S,S,,0.9040125,4668.0
GCAACATCAATCTCGC-1,G1,G1,late,0.19263105,2430.0
GCAACCACACATTCAT-1,G2M,G1,,0.9048053,4700.0
GCAACGGGTCCCGAAC-1,G1,G1,early,0.15943928,1899.0
GCAACGGGTGAACCTT-1,G2M,G2M,,0.95286596,6424.0
GCAACGGGTTCGATGT-1,G2M,G2M,,0.94237787,6113.0
GCAACGTTCCACCTCA-1,G2M,G1,,0.8887445,4278.0
GCAACGTTCCTCTAAC-1,G1,G1,early,0.07270766,431.0
GCAACTATCCATCGGG-1,S,G1,,0.9432989,6158.0
GCAAGCAAGGAGTCGA-1,G1,G1,late,0.2195799,2709.0
GCAAGCTTCACTAGGC-1,G2M,G2M,,0.94022006,6022.0
GCAAGTGAGCAATCGC-1,S,G1,,0.8973898,4492.0
GCAAGTGAGCATAGCC-1,S,G2M,,0.9285127,5505.0
GCAATAGGTCTAGGAA-1,S,G2M,,0.90424246,4678.0
GCAATAGGTTCCTGCT-1,G2M,G1,,0.9055362,4729.0
GCAATAGGTTGCATTA-1,G1,G1,late,0.13259831,1454.0
GCAATATTCCAGCCGA-1,S,G1,,0.9266891,5421.0
GCAATATTCTAAGTCG-1,G1,G1,early,0.18740188,2364.0
GCAATCATCCTTCGCA-1,G1,G1,late,0.110158384,1038.0
GCAATCGCAAACTCAA-1,G1,S,early,0.1256992,1338.0
GCAATCGCAATATCGA-1,G1,G1,late,0.13248228,1450.0
GCAATCGCACAGGATT-1,G1,G1,late,0.20968515,2616.0
GCAATCGCAGGTAGTT-1,S,G1,,0.8765385,4011.0
GCAATCGCATAAGCCG-1,G1,S,late,0.21987139,2712.0
GCAATCTGTAGCTTCG-1,S,G1,,0.459517,2997.0
GCAATCTGTTCGAGTT-1,S,S,,0.8698516,3859.0
GCAATGAGTATTGCGT-1,G1,G1,late,0.10560218,960.0
GCAATGAGTGAGGTAC-1,G2M,G1,,1.0,6895.0
GCAATGAGTTGACTCG-1,G2M,S,,0.89851815,4515.0
GCAATTGTCACTTGGA-1,G2M,G2M,,0.84938,3574.0
GCAATTGTCATGCCGG-1,S,G1,,0.52678543,3044.0
GCAATTGTCTGTCTGT-1,G1,G1,late,0.33189365,2881.0
GCAATTTAGGATGGCA-1,G2M,S,,0.8804007,4098.0
GCAATTTAGTACCACA-1,G2M,S,,0.9282562,5495.0
GCAATTTAGTGAACGG-1,G1,G1,early,0.10717262,988.0
GCACAATCAACCAGTG-1,G2M,S,,0.901588,4599.0
GCACAATCAACTTACT-1,G1,G1,late,0.13848913,1536.0
GCACAATCATCGGTAG-1,G2M,G2M,,0.9350319,5787.0
GCACAGCCATCGAAGT-1,G1,G1,late,0.1406475,1571.0
GCACCATAGAAGGGAA-1,S,S,,0.8645239,3769.0
GCACCATAGCAATCAT-1,G1,S,late,0.08585897,622.0
GCACCATAGTGCCATA-1,G2M,S,,0.8863633,4237.0
GCACCCTTCCATAGAT-1,G1,G1,early,0.032689516,41.0
GCACCCTTCCGTCCAC-1,G1,G1,late,0.20762639,2598.0
GCACCGATCTATCAGG-1,G1,G1,late,0.12398896,1306.0
GCACCTAGTCAGGCGA-1,G2M,G2M,,0.9888924,6879.0
GCACGAAAGGCTGTAC-1,G2M,G1,,0.7958257,3338.0
GCACGAAAGTAAGGAC-1,G1,S,early,0.1577661,1864.0
GCACGATTCACGGATC-1,G1,G1,early,0.056808297,225.0
GCACGGTCAAAGGCAA-1,S,G1,,0.8596371,3694.0
GCACGGTCACATTGGG-1,G1,G1,early,0.05431159,200.0
GCACGTTAGATTGAGA-1,S,G1,,0.8734959,3942.0
GCACGTTAGCGATACC-1,S,G1,,0.7666911,3279.0
GCACGTTAGGTAGGTG-1,G2M,G1,,0.9572044,6513.0
GCACGTTAGGTCACAC-1,S,G1,,0.40742996,2949.0
GCACTAATCAGGCAAG-1,G1,G1,late,0.21113452,2632.0
GCACTAATCCTGTAAG-1,G1,G1,late,0.12773558,1375.0
GCACTAGCAACATGAC-1,S,S,,0.8746336,3970.0
GCACTAGCATAAGTCA-1,G1,G1,late,0.16411807,1979.0
GCACTAGCATTCGCCG-1,S,G1,,0.4233495,2963.0
GCACTATGTAAGTCGA-1,S,S,,0.88237745,4150.0
GCACTATGTCAGTAAG-1,S,G1,,0.9227897,5285.0
GCACTATGTTAGAGAT-1,S,G1,,0.92631996,5406.0
GCACTATGTTCCGTGA-1,G1,G1,early,0.1273456,1365.0
GCACTATGTTCGTATA-1,S,G2M,,0.9099957,4874.0
GCACTCCTCACAGGGA-1,G1,G1,late,0.15760994,1860.0
GCACTCCTCTAGCGCG-1,G1,G1,late,0.1556768,1829.0
GCACTGACAAACTACA-1,S,G2M,,0.9233078,5301.0
GCACTGACAACATGGT-1,G1,G1,early,0.15768124,1863.0
GCACTGGTCCTTGGTT-1,S,G2M,,0.92450637,5342.0
GCACTGGTCGTGCCCT-1,G1,G1,late,0.15869083,1875.0
GCACTTGGTCATCATA-1,G1,G1,early,0.11651389,1163.0
GCACTTGGTCCATCAG-1,G1,S,late,0.38385588,2922.0
GCACTTGGTGAAGTGC-1,G1,G1,late,0.07530037,472.0
GCACTTGGTTAAGCTC-1,G2M,G1,,0.9426579,6129.0
GCAGCCATCAGCTCAA-1,G2M,G1,,0.85418576,3621.0
GCAGCGAGTTTGATGC-1,S,G1,,0.805625,3363.0
GCAGGATGTCAACCGC-1,G2M,G1,,0.9424786,6119.0
GCAGGATGTTAAGCCT-1,G2M,G1,,0.9391097,5980.0
GCAGGCTCATGGTGAT-1,G2M,G1,,0.9054501,4723.0
GCAGGGACACCTTGCG-1,G2M,G1,,0.9742756,6788.0
GCAGGGACATGGCTGA-1,S,G1,,0.38367903,2920.0
GCAGGGTAGCCTGATA-1,G1,,late,0.1942153,2450.0
GCAGGGTAGGCACGTT-1,S,G1,,0.8054597,3362.0
GCAGGGTAGTACGGAG-1,S,G1,,0.862872,3743.0
GCAGGGTAGTGTCATG-1,G1,S,late,0.2253838,2750.0
GCAGTAAGTAAGCTAG-1,G1,G2M,late,0.24387836,2813.0
GCAGTAAGTTGAATGG-1,G2M,S,,0.9633812,6625.0
GCAGTGAAGCAATGAA-1,G1,G1,late,0.15100347,1751.0
GCATAAGGTAACGTAG-1,G1,G1,late,0.09506003,769.0
GCATAAGGTAATGGAT-1,G1,G1,late,0.123169035,1287.0
GCATAAGGTGAGTGTA-1,G1,G1,late,0.109995544,1036.0
GCATAAGGTTCGATTA-1,G1,G2M,late,0.12789251,1378.0
GCATAGTCACAGCAAT-1,G2M,G1,,0.8730358,3933.0
GCATAGTCATCGAACG-1,G2M,G2M,,0.9482489,6311.0
GCATCAATCACTAGAT-1,G2M,G1,,0.96191955,6597.0
GCATCAATCCAGAGGA-1,S,S,,0.7418668,3231.0
GCATCAATCGCTTCGC-1,G1,G1,early,0.046622075,124.0
GCATCAATCTGTCATC-1,G2M,G2M,,0.97560024,6802.0
GCATCAGCACTATATC-1,S,S,,0.910165,4878.0
GCATCCCTCCCAATGA-1,G1,G1,late,0.09128733,708.0
GCATCCCTCGATGTCA-1,S,G2M,,0.906921,4774.0
GCATCCCTCGTTCCAT-1,G1,G1,late,0.06648071,340.0
GCATCCTCAACCTCAC-1,G2M,S,,0.96881944,6705.0
GCATCCTCAAGTGCAT-1,G1,G1,late,0.090182476,687.0
GCATCTAAGGAATTAG-1,G1,G1,early,0.14868814,1707.0
GCATCTAAGGATGCTC-1,G2M,G2M,,0.9472962,6275.0
GCATGAGAGAAGCCCT-1,G1,G1,late,0.11075968,1053.0
GCATGAGAGTGATCCA-1,G1,G1,late,0.11535056,1135.0
GCATGAGAGTTACCGA-1,G2M,G1,,0.86464363,3772.0
GCATGGTTCCCGTTCA-1,S,G2M,,0.8829827,4164.0
GCATGGTTCGATGGCT-1,G1,G1,late,0.10068843,866.0
GCATGTCAGGCATTCA-1,G2M,S,,0.89992255,4552.0
GCATGTCAGTCAATGT-1,G2M,S,,0.95043796,6369.0
GCATGTTGTAGGCTGG-1,G1,G1,late,0.1400393,1559.0
GCATTAACATCGGTTC-1,G1,G1,late,0.08941195,675.0
GCATTACGTCATTAGC-1,S,G1,,0.9216094,5231.0
GCATTACGTGATCAGA-1,G1,G1,late,0.14422369,1632.0
GCATTAGTCACATGGC-1,G2M,G1,,0.94225425,6107.0
GCATTAGTCATGTAAC-1,S,S,,0.79412633,3335.0
GCATTAGTCTAACCAG-1,G1,G1,early,0.047123283,129.0
GCATTATAGAAGCACG-1,S,S,,0.8998598,4549.0
GCATTCAAGGTACACC-1,G1,G1,late,0.03244834,39.0
GCATTCAAGTAGCGGA-1,G1,G1,late,0.20054285,2525.0
GCATTCAAGTCGCATA-1,S,G1,,0.936347,5851.0
GCATTGATCCTTCATA-1,G2M,S,,0.95276046,6419.0
GCATTTAGTGGCCTGT-1,G2M,G1,,0.9296695,5560.0
GCATTTAGTTGAGCGG-1,G1,G1,late,0.1602288,1923.0
GCATTTGAGATACTCG-1,G1,G1,early,0.05242668,189.0
GCATTTGAGATTCAGT-1,S,S,,0.6407204,3147.0
GCATTTGAGCAGGCAA-1,G2M,S,,0.9765734,6817.0
GCATTTGAGGATTCGC-1,S,G2M,,0.8845377,4201.0
GCATTTGAGGTGCTGT-1,G2M,S,,0.9674083,6691.0
GCCAAATCATCCCAAC-1,G1,G1,early,0.045475047,118.0
GCCAACTAGCTACCGG-1,G2M,G2M,,0.95841897,6537.0
GCCAAGCCAATCAAGC-1,G1,G1,late,0.21448962,2659.0
GCCAAGCCACCTACGT-1,G1,G1,early,0.07507806,467.0
GCCAAGCCACTAGGAT-1,G2M,S,,0.95122564,6387.0
GCCAAGCCATGGAACT-1,G2M,G1,,0.95031804,6362.0
GCCAATATCATGTCAG-1,G2M,G2M,,0.9376005,5914.0
GCCAATATCCAGCCCT-1,G2M,G1,,0.9636772,6630.0
GCCAATGCACTTAGCC-1,G2M,G2M,,0.9584363,6538.0
GCCAATTGTCAACGAA-1,G2M,G2M,,0.97619003,6812.0
GCCACAACAAATCAGC-1,S,G1,,0.87696475,4020.0
GCCACAACATTGCCGT-1,G2M,G2M,,0.90019876,4560.0
GCCACATAGCGGTCAT-1,S,S,,0.93322664,5722.0
GCCACATAGGTGGCAA-1,G1,G1,late,0.111157626,1058.0
GCCACTTCAACCCTGT-1,G2M,G2M,,0.91808856,5106.0
GCCACTTCAAGGGTCC-1,G1,G1,late,0.21605748,2673.0
GCCACTTCAAGTTCAA-1,G1,S,early,0.08215512,573.0
GCCACTTCATTAATCC-1,G1,G1,early,0.13706148,1517.0
GCCATAGCAACCAGGC-1,G1,G1,late,0.08863593,664.0
GCCATAGCAATATGCA-1,G1,G1,late,0.1793879,2236.0
GCCATATGTTAGCGTT-1,G2M,G1,,0.9402583,6025.0
GCCATATGTTCCGGGT-1,G1,G1,late,0.10728615,990.0
GCCATCAGTGGAGCCA-1,S,S,,0.89523023,4438.0
GCCATCAGTTGACTCG-1,G1,G1,early,0.073330626,439.0
GCCATCCTCATGCGAC-1,G1,G1,late,0.17512742,2165.0
GCCATCCTCCTCACGC-1,G2M,G1,,0.9710988,6751.0
GCCATCCTCTCACTCG-1,G2M,G2M,,0.9799824,6843.0
GCCATCTCAATACATG-1,S,G1,,0.8098817,3373.0
GCCATCTCACAACCTC-1,G1,G1,late,0.17701647,2196.0
GCCATCTCAGGCAGTC-1,G1,G1,late,0.11578804,1147.0
GCCATCTCATCATAGA-1,G1,G1,late,0.13423084,1475.0
GCCATGGTCAAGTAAG-1,S,G1,,0.7442437,3235.0
GCCATGGTCGAACCGT-1,G2M,G2M,,0.97889006,6837.0
GCCATGGTCGTGAGGA-1,S,S,,0.8630485,3749.0
GCCATTCCAATATCGA-1,S,S,,0.8732618,3938.0
GCCATTCCACATATAG-1,G2M,S,,0.8781795,4043.0
GCCATTCCATGGAACT-1,S,G1,,0.35800532,2902.0
GCCCAAGTCTGTCTGT-1,G1,G1,late,0.07522753,470.0
GCCCAATAGTTACACG-1,G1,G1,late,0.098075785,810.0
GCCCAATAGTTGCTGA-1,S,S,,0.88925487,4293.0
GCCCACTTCACGGCTG-1,G2M,G1,,0.8766133,4013.0
GCCCACTTCAGGAAGT-1,G2M,S,,0.74064183,3229.0
GCCCACTTCATGCTGA-1,G2M,G2M,,0.9644346,6652.0
GCCCACTTCCCAATCT-1,G1,G1,late,0.017349463,5.0
GCCCATAGTGACTCCA-1,G2M,S,,0.93889326,5970.0
GCCCATTCAGGATCAT-1,S,S,,0.8956543,4450.0
GCCCATTCATTCAGGG-1,S,S,,0.87377405,3947.0
GCCCCAAAGATAGTTC-1,G2M,G2M,,0.917643,5096.0
GCCCCAAAGTGCGCCA-1,G1,G1,late,0.13622491,1500.0
GCCCCTTAGAACGGCA-1,G1,G2M,early,0.11125304,1061.0
GCCCCTTAGCAACTGC-1,S,G1,,0.85499346,3631.0
GCCCCTTAGCAATTAC-1,G2M,G2M,,0.90840447,4822.0
GCCCCTTAGGTACTTG-1,G1,G1,late,0.17722175,2200.0
GCCCGTAAGATACTCG-1,G1,G1,early,0.07700548,501.0
GCCCGTAAGCCACAGT-1,G1,G1,early,0.08360271,596.0
GCCCGTAAGGCTCCAG-1,G2M,G1,,0.9477454,6291.0
GCCCTAAGTGCGCCAT-1,G1,G1,late,0.18788585,2368.0
GCCCTAGAGCCTTCCA-1,G2M,G2M,,0.9689744,6708.0
GCCCTAGAGCGAGTTC-1,S,G1,,0.61015415,3118.0
GCCCTAGAGGGTCTAC-1,G1,G1,late,0.19665155,2477.0
GCCCTCACACAGCACA-1,G2M,G2M,,0.93551046,5806.0
GCCCTCACACCTGTCG-1,G1,G1,early,0.09713315,799.0
GCCCTGAAGCAGGCTT-1,S,G1,,0.82064974,3410.0
GCCCTGAAGGATGTGG-1,S,G2M,,0.8937689,4402.0
GCCCTGAAGTATCTCC-1,G2M,G1,,0.9556875,6484.0
GCCCTGTTCACATAGT-1,S,G1,,0.8981576,4509.0
GCCCTGTTCATCACTC-1,G2M,G1,,0.94590235,6244.0
GCCCTTGCAAGCGCAC-1,G1,G1,late,0.2571439,2835.0
GCCCTTGCAATCCTTG-1,G1,G1,late,0.11382956,1106.0
GCCGAACCAGGAACTT-1,G1,G1,late,0.15039521,1735.0
GCCGAAGGTAATGGCA-1,G2M,G2M,,0.98512274,6865.0
GCCGAGTCATGGTCGA-1,S,S,,0.81109315,3379.0
GCCGATTAGTCAGTCA-1,S,G1,,0.80674064,3364.0
GCCGGTTGTGCGCGTT-1,G2M,G1,,0.93653876,5861.0
GCCGGTTGTTCACCAG-1,S,G2M,,0.9134951,4972.0
GCCGGTTGTTGAGTAG-1,G2M,G1,,0.93095005,5615.0
GCCGTACGTCATTGCG-1,G2M,S,,0.9040527,4669.0
GCCGTAGTCACACAGC-1,G2M,G1,,0.9817393,6854.0
GCCGTAGTCGTCTACT-1,G1,G1,late,0.089960925,682.0
GCCGTCAAGATTAAGG-1,G1,G1,late,0.16376187,1971.0
GCCGTCAAGCCTCTCA-1,G1,S,late,0.11130268,1064.0
GCCGTCAAGGGGTAGC-1,G1,S,late,0.17947914,2239.0
GCCGTCAAGGTGAGTG-1,G1,G1,late,0.14129826,1580.0
GCCGTTAGTATTGCGT-1,G1,G1,early,0.11303024,1086.0
GCCGTTAGTGCGCGTT-1,G2M,G1,,0.9013052,4587.0
GCCGTTGAGCTGGAGA-1,G2M,G2M,,0.944138,6179.0
GCCTAAATCACAGGAG-1,G1,G1,late,0.17675003,2191.0
GCCTAAATCCTGTCTG-1,G1,G1,late,0.1936208,2443.0
GCCTAACAGATAGGAC-1,G2M,G2M,,0.980158,6845.0
GCCTAACAGATTGCGC-1,G2M,G1,,0.92900264,5525.0
GCCTAACAGCGAACTC-1,G2M,G1,,0.91907346,5146.0
GCCTAATGTCAGTTAC-1,G1,G1,early,0.13962485,1555.0
GCCTAATGTCTGGTGC-1,S,G1,,0.861432,3723.0
GCCTACCTCAGGAAGT-1,G1,G1,early,0.12570317,1339.0
GCCTACCTCAGTAGGG-1,S,G1,,0.86498964,3778.0
GCCTACCTCCCGCGTT-1,G2M,G1,,0.9241424,5328.0
GCCTACCTCCTCTACG-1,G1,G1,early,0.1658003,2004.0
GCCTCATCATAGAGTC-1,S,G1,,0.6058515,3115.0
GCCTCCACATGGATGT-1,S,S,,0.90147454,4591.0
GCCTCCACATTAGCAA-1,S,G1,,0.56433225,3078.0
GCCTGATAGCGGTACT-1,S,S,,0.8737901,3948.0
GCCTGATAGGATCACC-1,G1,G1,late,0.1837062,2305.0
GCCTGATAGTTGCGCG-1,G1,G1,late,0.13312104,1461.0
GCCTGCAAGCATTACG-1,G2M,G1,,0.9237298,5315.0
GCCTGCAAGCCACAGT-1,G1,G1,late,0.17428747,2153.0
GCCTGCAAGCCATACA-1,G1,S,late,0.08670817,636.0
GCCTGGATCACTCCTG-1,G2M,G1,,0.8763004,4008.0
GCCTGGATCATAGGTT-1,S,S,,0.8589493,3683.0
GCCTGGATCCATGCGG-1,G1,G1,early,0.09210492,725.0
GCCTGGATCCGTTAAG-1,S,G1,,0.3677364,2907.0
GCCTGGATCTGTCAAG-1,G1,G1,late,0.085265875,616.0
GCCTGTGAGCATGGAG-1,S,G2M,,0.8813586,4129.0
GCCTGTGAGCTAGTCA-1,S,G1,,0.81821847,3402.0
GCCTGTGAGCTTAGGC-1,G2M,G2M,,0.927233,5448.0
GCCTTCATCATGATCG-1,S,G1,,0.9226118,5278.0
GCCTTCATCGTAATCG-1,G1,G1,late,0.15226892,1776.0
GCCTTGCTCCATAGGC-1,S,G1,,0.9058813,4742.0
GCCTTGCTCGCTTCAT-1,G1,G1,late,0.08382153,598.0
GCGAAAGTCAATGTGT-1,G1,G1,late,0.14638601,1670.0
GCGAATTCAATCCTTG-1,G1,G1,late,0.13180348,1441.0
GCGACAGGTAGTGCGG-1,S,G1,,0.89010155,4315.0
GCGAGTAAGCCACATA-1,S,S,,0.9430039,6149.0
GCGAGTAAGCGCTGAT-1,G2M,G1,,0.91206956,4932.0
GCGAGTAAGGTGGCAA-1,G2M,G2M,,0.9671391,6686.0
GCGAGTAAGGTGGCTT-1,S,G1,,0.7590734,3265.0
GCGAGTAAGTCAATGT-1,G2M,G1,,0.95458645,6461.0
GCGAGTAAGTCAGTCA-1,G1,G1,late,0.06965619,382.0
GCGATCCGTAAGCGTA-1,S,S,,0.88906497,4286.0
GCGATCCGTGGCGACA-1,G1,G1,late,0.09986171,844.0
GCGATGAAGGGTAGCA-1,G2M,G1,,0.79942083,3347.0
GCGATGAAGGTGATGG-1,S,G1,,0.9460956,6250.0
GCGATTCAGTTGCGAC-1,G1,G1,late,0.12963638,1409.0
GCGCAAGGTTACACTA-1,G1,G1,late,0.06463623,313.0
GCGCAAGGTTCGGGTC-1,S,G1,,0.87619823,4004.0
GCGCATTAGCAAGGCA-1,G1,G1,late,0.06542664,327.0
GCGCATTAGCATGAGG-1,G1,S,late,0.24499957,2814.0
GCGCCAATCAATCTCC-1,G1,G1,early,0.021950403,10.0
GCGCCAATCTAAGTCG-1,G2M,G1,,0.8739938,3954.0
GCGCCTAAGCAAGCTC-1,G2M,G1,,0.9474516,6281.0
GCGCCTAAGGTAATCT-1,G2M,G1,,0.8909453,4335.0
GCGCCTAAGGTAATTC-1,G1,,early,0.11785295,1190.0
GCGCCTAAGTTGGTAT-1,G2M,G2M,,0.9404168,6030.0
GCGCTAGTCCAACTTC-1,G1,S,late,0.14322098,1610.0
GCGCTAGTCTAGTTCC-1,S,S,,0.8334648,3464.0
GCGCTAGTCTATGCAG-1,G1,G1,late,0.10732117,992.0
GCGCTCAAGCCGCATG-1,G1,G1,late,0.09361785,747.0
GCGCTCAAGTGGGTCT-1,G1,G1,late,0.13802329,1531.0
GCGGAGACAACTGGAT-1,G2M,G1,,0.9139293,4984.0
GCGGAGACATCCCGTG-1,G2M,G2M,,0.9089961,4839.0
GCGGAGTAGCAACCAC-1,G2M,G2M,,0.9323203,5675.0
GCGGAGTAGTAGTCGC-1,G1,G1,late,0.11510406,1134.0
GCGGATGGTAATGTGG-1,S,G2M,,0.898309,4510.0
GCGGATGGTCATTCAA-1,S,S,,0.4114599,2952.0
GCGGATGGTTCAATCA-1,G1,G1,early,0.05073041,166.0
GCGGCTATCTGGGCAT-1,S,G1,,0.8579671,3661.0
GCGGCTTGTAAGGACC-1,G1,G1,late,0.19200228,2421.0
GCGGCTTGTGCAACGG-1,S,G2M,,0.9095322,4858.0
GCGGGAACACCTACCG-1,G2M,G1,,0.8921738,4363.0
GCGGGAACACGCCATT-1,G1,G1,late,0.051376224,173.0
GCGGGTAGTAAGTTGG-1,G2M,G2M,,0.86744636,3818.0
GCGGGTAGTGAACGCG-1,G2M,G1,,0.97807825,6827.0
GCGGGTAGTTCGGTAT-1,G1,G1,late,0.21490808,2663.0
GCGGGTTCAAGTGCAT-1,S,G1,,0.9195537,5161.0
GCGGGTTCAGGAACTT-1,S,,,0.9014757,4592.0
GCGGGTTCAGGGATGG-1,G1,G1,late,0.07240466,429.0
GCGGTAAAGCAACTGC-1,G1,G1,late,0.085576154,620.0
GCGGTCATCTCATTCA-1,G2M,S,,0.890741,4331.0
GCGGTGAGTCAGCTAT-1,S,G1,,0.30792055,2870.0
GCGGTGAGTTCGCATG-1,S,S,,0.86604255,3790.0
GCGGTGAGTTGTCTGG-1,G2M,G2M,,0.9247093,5348.0
GCGGTTACAACTTCCA-1,G1,G1,late,0.1604365,1927.0
GCGGTTACACTCAATT-1,G2M,G2M,,0.9131363,4959.0
GCGGTTACAGGTTAGT-1,S,G2M,,0.9491213,6337.0
GCGGTTACATTCAACT-1,S,G1,,0.92187065,5245.0
GCGGTTTAGCGACTAC-1,G1,G1,late,0.14487545,1652.0
GCGGTTTAGGGTGAAT-1,S,S,,0.8700492,3863.0
GCGGTTTAGTGTCATG-1,G2M,G2M,,0.75644124,3258.0
GCGTAAAGTCAACGAA-1,S,G1,,0.90938914,4853.0
GCGTAATCAAACCCAG-1,G1,G1,late,0.06190488,286.0
GCGTAATCAAATCAGC-1,G2M,S,,0.9087808,4834.0
GCGTAATCAATGTCGG-1,G1,G1,late,0.17162332,2110.0
GCGTAATCACTACCAC-1,G1,G1,late,0.14033172,1564.0
GCGTACCGTTATCGGT-1,G2M,G2M,,0.9753572,6800.0
GCGTAGCCAGGTTCAG-1,S,S,,0.9054907,4724.0
GCGTATATCGATTGGC-1,G1,S,late,0.09352261,746.0
GCGTATTGTCAATTCA-1,G1,G1,late,0.14344753,1614.0
GCGTATTGTTGCACTG-1,S,G1,,0.81955516,3408.0
GCGTCAACAGCTCTGT-1,G1,G1,early,0.03883671,65.0
GCGTCCTTCCATGACA-1,G2M,G2M,,0.9393441,5991.0
GCGTCCTTCCGCGATG-1,G1,G1,late,0.1830359,2289.0
GCGTGAAAGAATCGAA-1,G2M,G2M,,0.96349233,6627.0
GCGTGAAAGATAGGCG-1,S,G2M,,0.94184417,6092.0
GCGTGAAAGCTAGAGG-1,S,S,,0.85118175,3588.0
GCGTGAAAGGAATGGT-1,S,G2M,,0.92404014,5326.0
GCGTGAGGTAATGCAG-1,G1,G1,late,0.14995837,1725.0
GCGTGCATCATGCAGC-1,G1,G1,early,0.12267154,1277.0
GCGTGTTAGCATATAC-1,S,G2M,,0.9363889,5853.0
GCGTGTTAGCTAGGCT-1,G1,G1,late,0.11419158,1115.0
GCGTGTTAGGTATGGG-1,S,S,,0.8768173,4017.0
GCGTGTTAGGTTACTG-1,G1,G1,late,0.13571146,1497.0
GCGTTATGTTGTAGTC-1,G1,G1,late,0.06820209,361.0
GCGTTCCTCGAGTACC-1,G2M,G2M,,0.94889385,6331.0
GCGTTCCTCTGGGATC-1,G1,G1,late,0.24871874,2820.0
GCGTTCTCAATCGAAC-1,G2M,S,,0.86365986,3755.0
GCGTTTCCATTACGTT-1,G2M,G1,,0.9217264,5236.0
GCGTTTGGTAAGTGTG-1,G1,G1,late,0.10096706,869.0
GCTAAACCAAATCCGG-1,G2M,G1,,0.9715469,6759.0
GCTAAACCAACGTGAT-1,G1,G1,late,0.14248642,1603.0
GCTAAACCAATCAGTA-1,S,G1,,0.5565252,3070.0
GCTAAACCACAGCGGT-1,S,G1,,0.8505525,3584.0
GCTAAACCAGCATGGC-1,S,G1,,0.37526113,2914.0
GCTAAACCATCCGTAC-1,S,S,,0.671793,3167.0
GCTAAAGGTCATCACG-1,S,G1,,0.85937077,3692.0
GCTAAAGGTGACTCGC-1,G1,G1,late,0.2094083,2610.0
GCTAAAGGTTCGAGTT-1,S,S,,0.88708514,4250.0
GCTAACATCGCTGAAC-1,G1,G1,early,0.079286054,532.0
GCTAAGTCACTACCCG-1,G2M,S,,0.93580437,5819.0
GCTAAGTCAGGATTAC-1,S,G2M,,0.9183591,5120.0
GCTAAGTCATTCATAC-1,G1,G2M,late,0.13523847,1491.0
GCTACCCTCAGGGCTT-1,G1,G2M,late,0.15949926,1901.0
GCTACCTCAATAGGAG-1,G1,G1,late,0.15044288,1738.0
GCTACTGGTGAACGAC-1,G1,G1,late,0.123624906,1302.0
GCTACTGGTGGCGTCT-1,G1,G1,early,0.1681398,2047.0
GCTAGGCCAAATCCGG-1,G2M,G2M,,0.96450907,6654.0
GCTAGGCCAAATGACC-1,S,,,0.85819536,3667.0
GCTAGGCCAGCTACAG-1,S,S,,0.82464594,3426.0
GCTAGGGGTGAGCCGA-1,G1,G1,late,0.19765766,2494.0
GCTAGGGGTGAGGAAG-1,G1,G1,late,0.15447651,1816.0
GCTAGGGGTTATCTGA-1,G1,G1,late,0.11043316,1046.0
GCTAGGGGTTGCGGTC-1,S,G2M,,0.916552,5065.0
GCTAGGGGTTGCGTGC-1,G1,G1,late,0.10330999,901.0
GCTAGTTGTAATGCCT-1,G2M,G2M,,0.8948771,4430.0
GCTAGTTGTCTGGTCA-1,S,G1,,0.90552473,4728.0
GCTAGTTGTGATGGGT-1,S,S,,0.865942,3788.0
GCTATGATCACCTAAG-1,G1,G1,late,0.09370419,749.0
GCTATGATCCCAATGA-1,G2M,G1,,0.93445224,5770.0
GCTCAAATCATGCGAC-1,S,G1,,0.87515056,3983.0
GCTCAAATCTAATGCG-1,G1,G1,late,0.09236758,728.0
GCTCAATGTCTGGTTG-1,G2M,G1,,0.95282507,6422.0
GCTCAATGTGGGTTGG-1,G1,G1,late,0.23945451,2798.0
GCTCAATGTTATCTGA-1,S,G1,,0.89231455,4368.0
GCTCACCTCAATCAAC-1,S,S,,0.8862629,4235.0
GCTCACCTCGTTGCTT-1,G1,S,early,0.028076531,23.0
GCTCAGTAGGCTCAGT-1,G1,G1,late,0.1682467,2050.0
GCTCAGTAGTAAGTCT-1,G2M,G1,,0.905131,4714.0
GCTCAGTAGTGAATCT-1,G1,G1,early,0.08506468,614.0
GCTCATAAGCGGATGA-1,G1,G1,late,0.24585326,2816.0
GCTCATGGTAAGCAGC-1,G2M,G2M,,0.9277812,5477.0
GCTCATTTCACGTAAT-1,G2M,G1,,0.9456047,6236.0
GCTCATTTCATGCCAA-1,G2M,G2M,,0.96585745,6672.0
GCTCATTTCCACGGCA-1,S,G1,,0.8815094,4131.0
GCTCCAAGTTGCGATT-1,G1,G1,late,0.17860521,2220.0
GCTCCATCAAGCCTAG-1,G1,G1,late,0.167146,2033.0
GCTCCATCAAGCTGTG-1,G2M,G1,,0.94302505,6150.0
GCTCCATCACAATCCC-1,G2M,S,,0.96113884,6582.0
GCTCCATCATCCCTGG-1,G1,S,early,0.04932428,151.0
GCTCCCACAATCGCTC-1,S,G1,,0.8854892,4222.0
GCTCCCACAATTGGTA-1,G1,G1,late,0.16358268,1968.0
GCTCCCACACCTATCA-1,G1,G1,late,0.14945167,1718.0
GCTCCGTTCCTCTAGT-1,G2M,S,,0.8743498,3965.0
GCTCCTGCAAATCACA-1,G2M,G1,,0.9626275,6606.0
GCTCCTTGTTCGCAAT-1,S,G2M,,0.9255162,5377.0
GCTCGATAGAACGGTG-1,G1,G1,late,0.19823828,2501.0
GCTCGATAGCTATCTC-1,G1,G1,late,0.19010457,2399.0
GCTCGATAGGTTGCAC-1,S,G1,,0.8759019,3998.0
GCTCGATAGTCGATCA-1,S,S,,0.8590496,3687.0
GCTCGATAGTCGCTCC-1,S,G1,,0.76373655,3270.0
GCTCGCTTCACGTTGA-1,G2M,G2M,,0.95574504,6486.0
GCTCGTAGTGAGCCCT-1,G1,G1,early,0.07815015,517.0
GCTCGTAGTTCACCGA-1,G2M,G1,,0.8531214,3610.0
GCTCGTTCAAGGGAAC-1,G2M,G2M,,0.92125934,5218.0
GCTCGTTCAATATCCT-1,G1,S,late,0.11031451,1043.0
GCTCGTTCATAACTAG-1,G1,G1,late,0.1961885,2471.0
GCTCTATTCAGGTCTA-1,G1,G1,early,0.19957864,2515.0
GCTCTATTCGATCCTT-1,G1,G1,early,0.12895882,1395.0
GCTCTATTCGTCTCGC-1,S,G1,,0.54561836,3057.0
GCTCTATTCTTGAGTG-1,G1,G1,late,0.18567324,2328.0
GCTCTTGTCAGCGGAA-1,G2M,G2M,,0.9684863,6701.0
GCTCTTGTCCCATGAA-1,G1,G1,late,0.14139192,1583.5
GCTGAAAGTTCGGTGC-1,G1,G1,late,0.20587088,2581.0
GCTGACTAGAACGAAC-1,G1,G1,early,0.08150887,564.0
GCTGACTAGCCCTGTC-1,G2M,S,,0.93422425,5761.0
GCTGAGAAGTCGATTG-1,S,S,,0.83401656,3467.0
GCTGAGGGTCAGGCGA-1,S,G2M,,0.8852657,4219.0
GCTGAGGGTTGTGGAA-1,G1,G1,late,0.1889071,2384.0
GCTGATGCACTTGCCG-1,G1,G1,early,0.15711594,1854.0
GCTGATGCATGGCCTT-1,G2M,,,0.95851094,6539.0
GCTGATTGTCTTGCAG-1,G2M,G1,,0.8541276,3619.0
GCTGCCTTCCATCTAC-1,G2M,G2M,,0.9358971,5822.0
GCTGCCTTCGCTCACC-1,G1,G1,early,0.07865513,524.0
GCTGCCTTCTGGATTG-1,G2M,S,,0.9412115,6070.0
GCTGCGATCCTTGGTT-1,G1,G1,late,0.09017379,685.0
GCTGCGATCTGTCTAC-1,G1,G1,early,0.11619079,1155.0
GCTGCTAGTAAGGTGC-1,G2M,G1,,0.9185493,5134.0
GCTGCTGAGCGACTGT-1,G2M,G1,,0.8527066,3607.0
GCTGGATTCGCGCTCT-1,G1,G1,late,0.15888447,1881.0
GCTGGCTGTCTGGTTG-1,G1,G1,early,0.21743424,2689.0
GCTGGGTCACTATCTG-1,G2M,G2M,,0.95211935,6409.0
GCTGGTTAGGGGACTA-1,G1,S,late,0.07647093,483.0
GCTGGTTAGTTAGTGT-1,G2M,G2M,,0.9260053,5396.0
GCTGTTAAGCGATGGA-1,S,S,,0.8876137,4257.0
GCTGTTAAGGATCCCG-1,G1,G1,early,0.10890874,1018.0
GCTGTTAAGGCACGTT-1,G2M,S,,0.91310906,4958.0
GCTGTTAAGGGTCACT-1,G2M,G1,,0.94619006,6251.0
GCTGTTGGTGAACTAG-1,S,S,,0.86158335,3726.0
GCTGTTGGTGAGTGTA-1,S,G1,,0.37814093,2916.0
GCTTAATAGTTAGTGT-1,G2M,S,,0.9037549,4660.0
GCTTACCCAAGTGCCA-1,G2M,G1,,0.90611553,4754.0
GCTTATAGTCAGCTCA-1,S,G2M,,0.94441855,6191.0
GCTTATAGTGAGGTCG-1,S,G1,,0.83761525,3489.0
GCTTATAGTTGGATCT-1,G2M,G1,,0.94867307,6325.0
GCTTATAGTTGGCGAG-1,G2M,G1,,0.869693,3850.0
GCTTATGAGGTAGTGG-1,G1,G1,late,0.15752508,1859.0
GCTTATGAGTTGGGCT-1,S,S,,0.85825723,3669.0
GCTTCACCAAGTGGTT-1,G2M,G2M,,0.9554263,6477.0
GCTTCACCAATCCTAT-1,G2M,G1,,0.93786705,5925.0
GCTTCAGGTGCGCATC-1,G2M,G1,,0.8776395,4034.0
GCTTCATTCAATGTCG-1,G2M,S,,0.9270559,5440.0
GCTTCATTCACGCTCC-1,G1,G1,late,0.15694663,1851.0
GCTTCATTCGAGTCCG-1,S,G1,,0.8950063,4434.0
GCTTCCATCCGCGCAA-1,G2M,G1,,0.93664455,5865.0
GCTTCCATCCGTGGAT-1,G2M,G2M,,0.9655721,6669.0
GCTTCCGCAGGGCAAG-1,G1,G1,late,0.2209703,2721.0
GCTTCCTGTCAAGTGA-1,G2M,S,,0.9448111,6206.0
GCTTCGCTCACAGATT-1,G1,G1,early,0.04458155,107.0
GCTTCGCTCAGCATTG-1,G1,G1,late,0.07494532,463.0
GCTTCGCTCGCATCGG-1,G1,G1,late,0.16620608,2013.0
GCTTGAATCAGCCACG-1,S,G2M,,0.9474419,6279.0
GCTTGAATCATCGAGC-1,G1,G1,late,0.12644754,1353.0
GCTTGATGTGGACCTC-1,G2M,G1,,0.8709476,3887.0
GCTTGATGTTAGCAAG-1,S,S,,0.8241811,3424.0
GCTTGATGTTGGAGTA-1,G2M,G1,,0.9291353,5532.0
GCTTGCCTCGATCAAT-1,G1,G1,early,0.15101142,1752.0
GCTTGCCTCGCGCTCT-1,G2M,G2M,,0.94702756,6268.0
GCTTGGACAAGCGCGT-1,S,S,,0.92585135,5390.0
GCTTGGGTCAGGGAAT-1,G2M,G2M,,0.94686496,6264.0
GCTTGGGTCCATAGAT-1,G1,G1,late,0.103420205,904.0
GCTTGGGTCTAATCCC-1,G2M,G1,,0.8933006,4395.0
GCTTGGGTCTGTCTAC-1,G2M,S,,0.923172,5295.0
GCTTGTAAGGATGGTG-1,G1,G1,late,0.062246997,295.0
GCTTGTAAGGGCCATT-1,G1,G1,late,0.095863625,783.0
GCTTGTAAGGGGACGT-1,G1,G1,late,0.18298033,2286.0
GCTTGTAAGGTTCACA-1,G2M,G1,,0.97004837,6730.0
GCTTGTCCAAACCCGA-1,G2M,G1,,0.9723222,6767.0
GCTTGTCCATAACGGT-1,G2M,S,,0.8791787,4061.0
GCTTGTCCATTCAGTT-1,G2M,G1,,0.92505056,5358.0
GCTTTCACAAGCCAAT-1,S,G1,,0.9102013,4880.0
GCTTTCACAATATGCA-1,S,G2M,,0.88367915,4182.0
GCTTTCACAGGACTAT-1,S,G1,,0.8338452,3466.0
GCTTTCACAGTTGGCA-1,G2M,G1,,0.9252201,5366.0
GCTTTCACATAGAGTC-1,G1,G2M,late,0.1397594,1557.0
GCTTTCACATCGGTTC-1,G1,G1,late,0.14702173,1680.0
GCTTTGAAGTACGGCT-1,G1,G1,late,0.12758984,1372.0
GCTTTGAAGTGACCTA-1,G1,G1,late,0.2144211,2658.0
GCTTTGGGTCTAACGT-1,G2M,G1,,0.93965685,6001.0
GCTTTGGGTGAGGATC-1,G1,G1,late,0.16729654,2038.0
GGAAACTAGCGCAATC-1,G2M,G1,,0.94128495,6072.0
GGAAAGCCACCACATC-1,G2M,S,,0.9209926,5209.0
GGAAATGCAATCGCAG-1,G1,G1,late,0.18645112,2346.0
GGAAATGCACAGCGGT-1,S,G1,,0.90961736,4864.0
GGAAATGCATCGCTAC-1,G2M,G2M,,0.8520876,3600.0
GGAAATGCATTAGCCC-1,G1,G1,late,0.10790586,1004.0
GGAAATTGTAAGCACA-1,S,G1,,0.49809507,3018.0
GGAAATTGTATTGGTC-1,G1,G1,early,0.100513004,863.0
GGAAATTGTTGGTTAC-1,G2M,S,,0.9000865,4555.0
GGAAATTGTTTGCAGT-1,G2M,G1,,0.7209637,3211.0
GGAACATAGGATGTAA-1,G1,G1,late,0.16931868,2069.0
GGAACATAGGTCACAC-1,G2M,S,,0.9357741,5815.0
GGAACATAGTAGGCTC-1,G1,G1,late,0.081228144,562.0
GGAACGATCGCATTAG-1,S,G1,,0.8500964,3578.0
GGAACTGAGGTTGCTA-1,G1,G1,late,0.14772479,1689.0
GGAAGATTCGATCGTA-1,G2M,G1,,0.9096668,4866.0
GGAAGCATCTATCTGC-1,G1,G1,late,0.17844357,2219.0
GGAAGTTAGGGTAGAT-1,G2M,G2M,,0.96161634,6589.0
GGAATATGTGGGTCTC-1,G2M,S,,0.9368696,5879.0
GGAATATGTTTGCCTC-1,G2M,G2M,,0.9759212,6807.0
GGAATCTCACATTCAT-1,S,G1,,0.4580258,2992.0
GGAATTGGTTAGCGTT-1,G2M,G1,,0.9596599,6557.0
GGACAATAGATTCCCT-1,G1,G1,late,0.12234843,1272.0
GGACAATAGTTAGTGT-1,G1,G1,late,0.29960433,2861.0
GGACACAAGCATGATT-1,S,G1,,0.38964385,2926.0
GGACACAAGGATTGAA-1,G2M,G2M,,0.97436094,6791.0
GGACACCCAATTAGGC-1,G1,G1,late,0.12800267,1382.0
GGACACGGTAACGCGG-1,S,G2M,,0.8657219,3787.0
GGACACGGTCTCCAAG-1,G1,G1,late,0.18659379,2351.0
GGACACGGTGATAGTG-1,G1,G1,late,0.1738041,2144.0
GGACACGGTTGCGGCT-1,G2M,G1,,0.89814824,4508.0
GGACACGGTTGCGTGC-1,S,S,,0.8108644,3376.0
GGACAGGCACTTCGGT-1,G1,G1,late,0.19893162,2508.0
GGACATAGTGAGGCTG-1,S,G1,,0.74653274,3241.0
GGACATGAGATTAAGG-1,G2M,S,,0.9292284,5537.0
GGACATGAGTGAATCT-1,S,G2M,,0.8956119,4449.0
GGACCCTGTAAGGTCA-1,G1,G1,late,0.11041582,1045.0
GGACCCTGTCAAGTGA-1,G2M,G1,,0.8835611,4181.0
GGACCCTGTCTGTGTG-1,G1,G1,late,0.15877205,1878.0
GGACCCTGTGGGTCTC-1,G2M,G1,,0.92527527,5369.0
GGACCCTGTTCATCGG-1,G2M,S,,0.96367836,6631.0
GGACCTTAGAACCTGC-1,G1,S,late,0.06626529,338.0
GGACGAATCTGGGAAG-1,S,G1,,0.8946539,4421.0
GGACGACAGAAGCAAC-1,G1,G1,late,0.16816403,2048.0
GGACGACAGCCCGTGA-1,G1,G1,late,0.14029305,1563.0
GGACGACAGGAGGTTG-1,G2M,G2M,,0.96346945,6626.0
GGACGATGTAGCTCCA-1,G2M,G1,,0.9405073,6033.0
GGACGATGTTATCGTA-1,S,G1,,0.9001643,4557.0
GGACGGACAAGCTCGA-1,G2M,G1,,0.9390594,5978.0
GGACGGACAATAGAGG-1,G2M,G1,,0.9392915,5989.0
GGACGGACATAACTTC-1,G1,G2M,late,0.20960467,2614.0
GGACGGACATGCTGTC-1,G2M,G1,,0.93452334,5773.0
GGACGTTTCCCTGGCT-1,G1,G1,early,0.19979979,2518.0
GGACTCACAATTCGCC-1,G2M,G1,,0.90823627,4818.0
GGACTTATCGAATTAC-1,S,G1,,0.9304419,5595.0
GGACTTGCATCGAAGT-1,S,G2M,,0.89814305,4507.0
GGACTTGCATGACTCC-1,S,S,,0.8846406,4202.0
GGACTTGCATGAGCCA-1,S,G1,,0.4272438,2968.0
GGAGAACCAACCTCAC-1,G1,G1,early,0.080825344,551.0
GGAGAAGGTGCGGTTC-1,G1,G1,late,0.08697668,642.0
GGAGAGGAGATTCGGC-1,G2M,S,,0.8505791,3585.0
GGAGAGGAGTCATCTC-1,G2M,G1,,0.9374529,5908.0
GGAGAGTCAAATCCAA-1,G1,G1,late,0.16428389,1983.0
GGAGAGTCAACTGGCA-1,G1,G1,late,0.17907491,2226.0
GGAGAGTCACCAACGA-1,G2M,G1,,0.9427412,6133.0
GGAGAGTCACTTGCCG-1,G2M,G2M,,0.9292834,5540.0
GGAGAGTCATGCGCTT-1,G1,G1,late,0.17729479,2202.0
GGAGATTAGCCATCAA-1,G1,G1,late,0.18414995,2308.0
GGAGCAATCCTTCACG-1,G2M,S,,0.90742195,4790.0
GGAGCAATCGTACTTC-1,G1,G1,late,0.09980843,843.0
GGAGCATGTCAACGAA-1,S,S,,0.8994436,4536.0
GGAGCATGTTAAGCGA-1,G1,S,late,0.10769179,996.0
GGAGCATGTTTAGTCA-1,G1,G1,late,0.19595064,2468.0
GGAGCCAGTGAGCATA-1,G2M,G2M,,0.9167325,5068.0
GGAGCCAGTGGCCATC-1,G1,G1,late,0.07769125,511.0
GGAGCCAGTTGGATCT-1,S,G1,,0.9359932,5830.0
GGAGCTAAGGTGCATC-1,S,S,,0.8978144,4499.0
GGAGCTGGTTCGCAAT-1,G2M,G1,,0.8617235,3730.0
GGAGGTTGTTGAGCCC-1,G2M,S,,0.9227901,5286.0
GGAGGTTGTTTCCGTC-1,S,S,,0.82171786,3413.0
GGAGTAACAACCAGAT-1,S,S,,0.87122244,3891.0
GGAGTAACAACTGTCC-1,G2M,S,,0.7566587,3260.0
GGAGTAACAATCGCCT-1,G1,G1,late,0.1553369,1826.0
GGAGTAGTCAGCCACG-1,S,G2M,,0.8724629,3918.0
GGAGTATAGCGAACGA-1,G2M,S,,0.9611081,6581.0
GGAGTATAGGTGGATG-1,S,G2M,,0.8895789,4303.0
GGAGTCAAGCCTGCCT-1,G1,G1,early,0.049331076,152.0
GGAGTCAAGCGAGAGC-1,G2M,G2M,,0.932184,5671.0
GGAGTCAAGGTCGAGA-1,G1,G1,late,0.11755584,1180.0
GGAGTCAAGTGATTAC-1,G2M,G1,,0.8811465,4120.0
GGAGTGATCAGGTCTA-1,G2M,G2M,,0.9687317,6703.0
GGAGTGATCGCGTAAC-1,G2M,G2M,,0.94271165,6132.0
GGAGTTAGTTGCGGTC-1,G1,S,late,0.20498073,2573.0
GGAGTTAGTTTCCATT-1,G1,G1,late,0.17129153,2105.0
GGATAACAGCAGGTGA-1,G1,G1,late,0.19808204,2499.0
GGATAGGTCGCGCCAA-1,G2M,G1,,0.8939426,4406.0
GGATAGTAGCCTGTCC-1,G1,G1,late,0.16570187,2001.0
GGATAGTAGCGACTTA-1,G1,G1,late,0.1859236,2335.0
GGATATGGTAGGTCAA-1,S,S,,0.8862372,4234.0
GGATCGCCAGGCATTG-1,G2M,G1,,0.9507867,6377.0
GGATCGTTCACTCGCC-1,G2M,G1,,0.9313902,5634.0
GGATCGTTCCATCCCA-1,G1,G1,late,0.12296226,1281.0
GGATCGTTCCTCGTGC-1,G2M,G1,,0.9241921,5334.0
GGATCGTTCGCTGGCA-1,G1,G1,late,0.17958364,2242.0
GGATCGTTCTGGTAAT-1,G1,G1,late,0.2553263,2832.0
GGATCTATCTGTGCAA-1,S,G1,,0.48098734,3007.0
GGATGCAAGATTACGT-1,G2M,G2M,,0.9087998,4835.0
GGATGCAAGCCATCAA-1,S,G1,,0.5530483,3065.0
GGATGCAAGCCGATTA-1,G2M,G1,,0.8818844,4136.0
GGATGCAAGTCATCGA-1,S,G1,,0.8957309,4453.0
GGATGCTTCCAGGGTT-1,G1,G1,late,0.09429173,758.0
GGATGCTTCCTCATAC-1,G1,G1,late,0.13012314,1421.0
GGATGCTTCGTTCGGG-1,G1,G1,late,0.050023712,158.0
GGATGGATCCCAGATA-1,G1,G1,late,0.17696798,2194.0
GGATGGATCGTACCAA-1,G1,G1,late,0.22326387,2735.0
GGATGGATCTCATTGC-1,S,S,,0.9309675,5616.0
GGATGGGCAATCTAAG-1,G1,G1,late,0.051228624,169.0
GGATGGGCAGCTCAAG-1,S,G1,,0.81082267,3375.0
GGATGTGAGCATCACA-1,S,S,,0.8652794,3782.0
GGATGTGAGCTACGCG-1,S,G1,,0.9230826,5293.0
GGATGTGAGGAGGTAT-1,S,G1,,0.42295483,2961.0
GGATGTTCAATACCTT-1,G2M,G1,,0.9280947,5488.0
GGATTAGGTAAGGTAT-1,G2M,G1,,0.9800079,6844.0
GGATTAGGTGGCGACA-1,G2M,G1,,0.90607923,4753.0
GGATTCATCCTCATTA-1,G2M,G1,,0.9284065,5502.0
GGATTCATCGATCAGC-1,G1,G1,late,0.13184024,1443.0
GGATTCATCGTGCCGA-1,G1,S,late,0.094662644,762.0
GGATTGAGTTAAGTCC-1,G1,G1,early,0.069766454,386.0
GGATTGAGTTAGGTAG-1,G1,G1,late,0.17377666,2143.0
GGATTGCTCGAATCCA-1,S,G2M,,0.87413156,3959.0
GGCAAAGTCAGTGCGT-1,G1,G1,late,0.10488658,930.0
GGCAAAGTCATCAGGC-1,G2M,S,,0.9623148,6603.0
GGCAAAGTCGCGCCAA-1,S,G2M,,0.93774027,5920.0
GGCAAAGTCTGTCACT-1,G1,G1,late,0.16627838,2016.0
GGCAACCCAGGTTACG-1,G2M,G2M,,0.9574843,6521.0
GGCAACTTCCAACTAG-1,G2M,S,,0.9091141,4842.0
GGCAACTTCCGCCACT-1,S,G1,,0.8428956,3524.0
GGCAATAGTGGAAGGA-1,G2M,G2M,,0.9576582,6525.0
GGCACACCAAGCATAC-1,G1,G1,late,0.08400852,599.0
GGCACATTCAAGTCTG-1,G1,G1,late,0.15451623,1817.0
GGCACATTCAGGTAGG-1,G2M,G2M,,0.92230064,5265.0
GGCACATTCAGTACCA-1,S,G1,,0.6803766,3175.0
GGCACATTCGATCACA-1,G1,G1,late,0.16370945,1970.0
GGCACATTCGCTCAGG-1,G1,G1,late,0.42811984,2969.0
GGCACATTCTGTGGAC-1,G1,G1,early,0.069767304,387.0
GGCACCATCAATTAGC-1,G1,G1,late,0.0688788,372.0
GGCACGAGTGGCTAGG-1,G2M,S,,0.8993979,4535.0
GGCACGAGTTGCTCGA-1,S,S,,0.8336993,3465.0
GGCATAGAGGTAGCGA-1,G1,G1,late,0.08282767,579.0
GGCATAGAGGTTGGTC-1,G2M,S,,0.8899136,4310.0
GGCATCACAACGGCAC-1,G2M,G2M,,0.94536394,6225.0
GGCATCACAGCCATCT-1,G2M,G1,,0.9336091,5737.0
GGCATCACATTGCGTC-1,G2M,G2M,,0.94067013,6048.0
GGCATCCGTTGGGCAG-1,G2M,S,,0.86228424,3734.0
GGCATGAAGCCACGCA-1,G1,G1,late,0.16215242,1950.0
GGCATGAAGGATGACG-1,S,G1,,0.91715676,5080.0
GGCATGGGTAAGCTAG-1,G1,G1,early,0.1177844,1187.0
GGCATGGGTAATCCTA-1,G1,G2M,late,0.094096094,755.0
GGCATGGGTCAACCCA-1,G1,G1,late,0.12796709,1381.0
GGCATGGGTCAATTCA-1,S,G2M,,0.89889807,4522.0
GGCATTATCAAGTCGC-1,G1,S,late,0.21211225,2642.0
GGCATTATCCGCTGAG-1,G1,G1,late,0.13379481,1470.0
GGCATTATCCTCAATC-1,G2M,G1,,0.90125394,4584.0
GGCATTCAGTCAACCA-1,S,G1,,0.3985879,2935.0
GGCATTCAGTTGCGGT-1,G2M,G2M,,0.9642724,6644.0
GGCCAACCAGCCAAGC-1,G2M,G2M,,0.9382852,5942.0
GGCCAACCATCGGTGA-1,G1,S,late,0.11341964,1092.0
GGCCAACCATTAGTTC-1,G2M,G1,,0.93755937,5911.0
GGCCAACCATTCCTTC-1,G2M,G1,,0.9709451,6748.0
GGCCAATTCCGCCATC-1,S,G1,,0.75655335,3259.0
GGCCCTAAGCAACTAT-1,G1,G1,early,0.10619059,972.0
GGCCGAAGTGGGTCCT-1,S,G1,,0.47089776,3003.0
GGCCGATCATGGCGTA-1,G1,G1,late,0.15468776,1821.0
GGCCGTTGTAGTGTCT-1,G1,G1,late,0.13101013,1432.0
GGCCGTTGTGGCGCTT-1,G2M,G1,,0.95377856,6443.0
GGCCTAACATCGGTTC-1,G2M,G1,,0.9486531,6323.0
GGCCTAGTCCTCATTA-1,S,G1,,0.8822125,4144.0
GGCCTCAAGATTAGTC-1,G2M,G2M,,0.9133836,4967.0
GGCCTCAAGTAGTCGC-1,S,G1,,0.86214644,3731.0
GGCCTTGAGGCTACGT-1,G1,G2M,late,0.17301211,2131.0
GGCGAACAGATAGAGC-1,G2M,S,,0.9067529,4772.0
GGCGAACAGATAGTCT-1,S,G1,,0.91560096,5030.0
GGCGAACAGGATTGAA-1,G2M,G2M,,0.90330756,4646.0
GGCGAACAGTAGAGCG-1,G1,G1,late,0.1933477,2437.0
GGCGACTCAACATTAG-1,G1,S,late,0.17700434,2195.0
GGCGAGACAAGCACTG-1,G1,S,late,0.18847027,2379.0
GGCGATCCAAACCAGT-1,S,S,,0.9040683,4670.0
GGCGATCCATCGGTTC-1,S,S,,0.8651986,3781.0
GGCGATGGTTGCGGTC-1,G1,G2M,late,0.20443918,2562.0
GGCGATTTCCCTGGAG-1,G2M,G2M,,0.92765653,5469.0
GGCGCTATCACAGCCG-1,G2M,G2M,,0.91662425,5067.0
GGCGCTATCGAGTACC-1,G2M,G1,,0.8470771,3555.0
GGCGCTATCTAGTGTG-1,G1,G1,late,0.07173835,415.0
GGCGCTTGTTGGTTCG-1,G1,G1,late,0.12425685,1314.0
GGCGGATAGCATAGCC-1,S,G1,,0.9053532,4720.0
GGCGGATAGGAGGATT-1,G1,G1,late,0.16415761,1980.0
GGCGGATAGTGAGTCC-1,G1,S,late,0.21565992,2670.0
GGCGGTAGTGATCCGC-1,G2M,G1,,0.91126066,4908.0
GGCGGTTCATGAATGC-1,S,G2M,,0.9097619,4869.0
GGCGGTTCATGATCGG-1,S,G1,,0.61412174,3123.0
GGCGTAAAGCTACAGC-1,G2M,G2M,,0.9016788,4600.0
GGCGTAAAGGCGTCCA-1,G1,G1,late,0.14410731,1628.0
GGCGTAAAGGGGATCA-1,G1,G1,late,0.108540334,1013.0
GGCGTAAAGTCAGGGA-1,G1,S,late,0.21744624,2691.0
GGCGTAGGTAGGTTGA-1,G2M,G2M,,0.95873296,6540.0
GGCGTCTGTATGGCAA-1,G1,G1,late,0.14127515,1579.0
GGCGTCTGTTGGCGCT-1,G2M,G2M,,0.93287325,5699.0
GGCGTGAGTATGTCAC-1,G1,G1,late,0.14064407,1570.0
GGCGTGAGTTAATCGC-1,S,G2M,,0.92491436,5353.0
GGCGTTACAAAGGACA-1,G1,G1,late,0.27951062,2849.0
GGCGTTACAAGGTAAG-1,S,S,,0.7921908,3329.0
GGCGTTACATAGAGGA-1,G1,G1,late,0.17485982,2161.0
GGCGTTGTCAGCCACG-1,G1,G1,late,0.16634762,2017.0
GGCGTTGTCTCATTCA-1,G1,G1,late,0.118822984,1214.0
GGCTATTGTTGCAATC-1,G1,G1,early,0.23444392,2782.0
GGCTCAACAACGGTAT-1,G1,G1,early,0.1662017,2012.0
GGCTCAACATAAGTCA-1,G1,G1,early,0.14300086,1608.0
GGCTCAACATCCACAC-1,G2M,S,,0.9486768,6326.0
GGCTCAACATTCGCTA-1,G2M,G2M,,0.94837105,6316.0
GGCTCGATCCATAGAT-1,G2M,G2M,,0.93871576,5961.0
GGCTCGATCGCTCATT-1,S,S,,0.92453766,5345.0
GGCTGAAAGGAGTATA-1,G1,G1,late,0.19430478,2452.0
GGCTGACCAACCGTAG-1,G1,G1,early,0.12947357,1403.0
GGCTGAGGTGGCTACC-1,S,G1,,0.89171666,4353.0
GGCTGCATCAGCGGAA-1,G1,G1,late,0.07430664,455.0
GGCTGGTCAGTAATGC-1,G1,G1,early,0.098732986,820.0
GGCTGTTAGTAAGCAA-1,S,G1,,0.88787496,4261.0
GGCTGTTAGTCAGCCG-1,S,G1,,0.94686216,6263.0
GGCTTAATCAGGGATG-1,G2M,S,,0.9826933,6859.0
GGCTTAATCCTGCTAT-1,G1,G1,late,0.20352784,2554.0
GGCTTCCTCCCTGTCA-1,G2M,G1,,0.93727124,5903.0
GGCTTCCTCCTGACGG-1,G1,G1,late,0.11650206,1162.0
GGCTTCCTCGATCCTT-1,G2M,G1,,0.93580204,5818.0
GGCTTCCTCGCATGTA-1,G2M,S,,0.88950986,4300.0
GGCTTCCTCGCTGAAC-1,G2M,G1,,0.96165925,6591.0
GGCTTCTCAACCTCAC-1,G1,G1,late,0.09513522,771.0
GGCTTCTCAATAGGGA-1,S,G1,,0.43759584,2974.0
GGCTTCTCACCTGTGT-1,S,G1,,0.6197419,3127.0
GGCTTCTCACTCGCAT-1,G2M,S,,0.91413814,4990.0
GGCTTTGGTGAGTCCC-1,G2M,S,,0.93070155,5610.0
GGCTTTGGTTGCATGT-1,G1,,late,0.11652043,1164.0
GGGAACATCCCTGGAG-1,S,G2M,,0.9134477,4969.0
GGGAACATCGTTCCGC-1,G2M,S,,0.93760324,5915.0
GGGAATGTCAGCCACG-1,G2M,G1,,0.84490687,3538.0
GGGAATGTCGTCTACT-1,G1,G1,late,0.105147555,941.0
GGGACAATCGTGCCAG-1,S,S,,0.8762055,4005.0
GGGACACAGGTACGCT-1,G1,G1,late,0.0990388,826.0
GGGACCTCATCCGTAC-1,S,S,,0.8692198,3842.0
GGGACGTAGGAGCTGA-1,G1,G1,late,0.20465589,2567.0
GGGACTAAGCATCCTT-1,S,G1,,0.90114355,4580.0
GGGACTGGTATGGCCC-1,G1,G1,late,0.03670818,54.0
GGGACTGGTTAGAGTG-1,G1,G1,late,0.19639158,2475.0
GGGATAGTCCTTCATA-1,G2M,S,,0.9539172,6447.0
GGGATATAGCGGACTT-1,G1,G1,late,0.12502417,1325.0
GGGATATAGCTTACTC-1,S,G2M,,0.88237524,4149.0
GGGATCAAGATAGTAG-1,S,S,,0.87706536,4023.0
GGGATCAAGCGCCAAT-1,S,S,,0.8698626,3860.0
GGGATTGAGGGGACTA-1,G1,S,late,0.21729396,2685.0
GGGATTGAGGGTTAGG-1,G1,G1,late,0.2118919,2639.0
GGGATTGAGGTTGCGT-1,G1,G1,late,0.080011874,539.0
GGGCAAATCCATTAGG-1,G2M,S,,0.90077424,4569.0
GGGCAAATCCGGTTCC-1,S,G2M,,0.93421996,5760.0
GGGCAAATCCTCGACC-1,G1,G1,late,0.07397714,446.0
GGGCAAATCGACCTGG-1,S,S,,0.9035682,4654.0
GGGCAACAGTAAGCCC-1,G1,G1,late,0.119182736,1223.0
GGGCAACAGTGATGAA-1,G1,G1,early,0.09577233,777.0
GGGCAATGTTAGGGTA-1,G1,G1,late,0.08147944,563.0
GGGCAGACACTATCAT-1,G2M,G1,,0.933816,5745.0
GGGCAGACAGCACCTT-1,S,S,,0.90411294,4672.0
GGGCATCCAAGCTCGA-1,S,G1,,0.90016294,4556.0
GGGCATCCAATACATG-1,S,G1,,0.87569934,3996.0
GGGCATCCATGAATTG-1,G1,G1,late,0.17941308,2237.0
GGGCATCCATGCTCCG-1,G2M,G1,,0.89436597,4417.0
GGGCATGGTCCATTAA-1,S,G1,,0.8622173,3732.0
GGGCATGGTTCGGTTG-1,S,G1,,0.65502334,3160.0
GGGCATGGTTGTCCTC-1,S,G1,,0.7753535,3297.0
GGGCATTTCATGTCTC-1,G2M,G1,,0.9160174,5045.0
GGGCATTTCCATCAAG-1,S,G1,,0.8462543,3549.0
GGGCATTTCGATGAGG-1,G1,G1,late,0.21789007,2694.0
GGGCCTATCCAACTGA-1,S,G1,,0.8765453,4012.0
GGGCCTATCGCTAGTA-1,G2M,G2M,,0.9811373,6852.0
GGGCCTTGTAGGTCGG-1,S,G1,,0.8299917,3447.0
GGGCCTTGTTTGCCAG-1,G1,G1,late,0.25945532,2838.0
GGGCGATAGCCACTAA-1,G2M,G2M,,0.9331919,5720.0
GGGCGATAGGATGTGG-1,G1,G1,late,0.13084336,1427.0
GGGCGATAGGCATTCA-1,S,G1,,0.90913,4843.0
GGGCGATAGGTATGAA-1,S,S,,0.91458464,5002.0
GGGCGTAGTAAGGGCT-1,G1,G1,late,0.15099545,1750.0
GGGCGTAGTGCACGTC-1,G2M,G2M,,0.94583035,6242.0
GGGCTAAAGCGGGTAA-1,G2M,G1,,0.9264919,5413.0
GGGCTAAAGGGCCATT-1,G1,G1,late,0.08685052,639.0
GGGCTAGGTAGTCCCA-1,S,G1,,0.8805507,4103.0
GGGCTAGGTGAGAGTC-1,S,G1,,0.8710954,3889.0
GGGCTAGGTGGAGACT-1,S,G1,,0.44325373,2981.0
GGGCTAGGTTGGCTGC-1,G2M,G2M,,0.9456647,6238.0
GGGCTTACAGCCATAG-1,G2M,G1,,0.9869644,6873.0
GGGCTTGTCCCCAGCT-1,S,G1,,0.8661005,3791.0
GGGCTTGTCCCGTACC-1,G1,G1,late,0.12048699,1242.0
GGGCTTGTCTATGGAT-1,G1,G1,late,0.16012138,1920.0
GGGCTTGTCTGGTGAC-1,S,G1,,0.8699624,3861.0
GGGGCAACAAGTTAGC-1,G1,G1,early,0.1726189,2123.0
GGGGCAACAATGCCCT-1,G1,G1,early,0.021744879,9.0
GGGGCTAGTAGTGATG-1,S,G1,,0.8821163,4141.0
GGGGCTAGTGAGGCCA-1,S,G1,,0.84936315,3573.0
GGGGCTAGTTAAGTGG-1,S,G1,,0.9307779,5612.0
GGGGCTAGTTCCAGCA-1,S,S,,0.90723985,4786.0
GGGGTAATCCATGCCC-1,S,S,,0.87562245,3994.0
GGGGTATGTGAGGAGA-1,S,G1,,0.888661,4274.0
GGGGTATGTGCGAGCA-1,G1,G1,late,0.12192169,1262.0
GGGGTATGTTAGAGTG-1,G1,G1,late,0.19224083,2423.0
GGGGTCAGTGAGGAAG-1,S,,,0.77070034,3288.0
GGGGTCAGTTTGGACT-1,G2M,G2M,,0.9487064,6327.0
GGGGTTAAGCGGTCAT-1,G1,G1,late,0.14362895,1618.0
GGGGTTAAGGTTCAGC-1,G1,G1,late,0.054517444,203.0
GGGGTTAAGGTTGGAG-1,S,G1,,0.8768092,4016.0
GGGGTTAAGTCGAGGA-1,G1,G1,early,0.10036739,859.0
GGGGTTGGTAGCTAGA-1,G2M,G1,,0.92607915,5398.0
GGGGTTGGTCAAGTCT-1,S,G1,,0.7755972,3298.0
GGGTAACGTCCCGATA-1,G1,G1,late,0.17064022,2090.0
GGGTAACGTGGCTAGG-1,G2M,G1,,0.95081687,6378.0
GGGTAACGTTGGCTAT-1,S,G1,,0.84869045,3567.0
GGGTAACGTTTGCACG-1,G2M,G2M,,0.9781271,6829.0
GGGTAAGTCAATCCGA-1,S,G1,,0.54370964,3053.0
GGGTAAGTCGAACCTA-1,S,S,,0.88509756,4215.0
GGGTAAGTCGTGCAAC-1,G2M,G2M,,0.95342296,6438.0
GGGTAATAGCATAGGG-1,G1,G1,late,0.13630918,1503.0
GGGTAATAGGCGAGTA-1,S,S,,0.8503744,3582.0
GGGTAATAGTCATCAG-1,S,G2M,,0.8678975,3824.0
GGGTACGGTTGACTGT-1,G1,,late,0.056548033,221.0
GGGTACTTCCGCAAGT-1,G1,G1,late,0.21700925,2683.0
GGGTATAGTTCCCAAG-1,G2M,S,,0.92647934,5412.0
GGGTATAGTTCGGTAT-1,G1,G1,late,0.11282296,1085.0
GGGTATGAGCAGGTAG-1,G2M,S,,0.93270254,5690.0
GGGTATGAGCTTACCT-1,G1,G1,late,0.12904976,1397.0
GGGTCAGGTAGTCAGA-1,S,S,,0.8598607,3698.0
GGGTCAGGTGATCCAT-1,G1,G1,early,0.18425892,2309.0
GGGTCAGGTTTCCTTG-1,G1,G1,late,0.21242067,2643.0
GGGTCATTCAGGCACT-1,G1,,late,0.09702863,797.0
GGGTCCATCGTACCAA-1,G2M,G1,,0.94295585,6146.0
GGGTGAATCCTGAGCG-1,G2M,G1,,0.7805978,3307.0
GGGTGAATCGCTAGTA-1,G2M,S,,0.9516804,6399.0
GGGTGTCCATCCTAAT-1,G1,G1,late,0.10351519,907.0
GGGTTAAGTCTAATTG-1,G1,G1,late,0.12450353,1321.0
GGGTTAAGTGAGTGAC-1,S,G2M,,0.8990119,4524.0
GGGTTAAGTTGCTAAC-1,G2M,G2M,,0.9532062,6430.0
GGGTTAGAGGCGTCAT-1,G1,G1,late,0.10045138,862.0
GGGTTAGAGGCTCTGG-1,G1,G1,late,0.047244847,132.0
GGGTTCCGTGGGTCGA-1,S,G1,,0.7039155,3196.0
GGGTTCCGTTAATGCC-1,S,G1,,0.89319,4393.0
GGGTTGAAGATAGCCC-1,G1,G1,late,0.16836113,2053.0
GGGTTGGGTCTAAGCT-1,G2M,G2M,,0.91814286,5112.0
GGGTTGGGTGGGAACT-1,G2M,G1,,0.9330468,5706.0
GGGTTGGGTTATCGTA-1,G2M,G1,,0.8983884,4512.0
GGGTTGGGTTCCAGAT-1,G1,G1,late,0.21880035,2704.0
GGGTTTCAGCAGGGAC-1,G1,G1,early,0.058293406,246.0
GGGTTTCAGCCTGCTC-1,G2M,G2M,,0.9582028,6531.0
GGGTTTCAGGTTACGC-1,G1,G1,early,0.104990415,935.0
GGGTTTCAGTTAGAGA-1,G2M,G1,,0.9499169,6350.0
GGGTTTGCATTGGCGA-1,G2M,G1,,0.9393352,5990.0
GGTAACAGTGGGTCGA-1,G2M,G1,,0.88255143,4152.0
GGTAAGGTCGACTTGA-1,S,G2M,,0.8714351,3897.0
GGTAAGGTCGTGATGC-1,G1,G1,early,0.058433007,249.0
GGTAAGGTCTATGGCA-1,G1,S,late,0.19765982,2496.0
GGTAATCCAATTAACG-1,S,S,,0.9059343,4749.0
GGTAATGGTCTCAGGC-1,G2M,S,,0.9149464,5010.0
GGTAATTTCCAGAGAG-1,S,G2M,,0.9024852,4624.0
GGTACATCACAGGCGT-1,S,G2M,,0.8906158,4328.0
GGTACATCATGGAACT-1,G2M,G2M,,0.96895146,6707.0
GGTACGAAGTCATCCT-1,G1,G1,late,0.16331424,1961.0
GGTACGAAGTCGACAC-1,S,G2M,,0.8733122,3940.0
GGTACGCCAAATCCAA-1,G1,G1,late,0.1547052,1823.0
GGTACGCCATCATATC-1,G1,G1,late,0.07661221,486.0
GGTACGGGTGAGCAAC-1,G1,S,late,0.25158328,2826.0
GGTACGGGTTCGTAGT-1,S,G2M,,0.8893061,4297.0
GGTACGTTCAATCTCC-1,G1,G1,late,0.21270624,2644.0
GGTACGTTCTAAGTCG-1,G1,G1,early,0.12039797,1239.0
GGTACTATCTTGATCC-1,G2M,G1,,0.90364355,4656.0
GGTAGCAAGGATTGGG-1,S,S,,0.8604662,3708.0
GGTAGCAAGGCACATC-1,G2M,G1,,0.9375687,5912.0
GGTAGCGGTCAGGGCA-1,S,G1,,0.4249311,2966.0
GGTAGCGGTTCCTGAG-1,G1,G1,late,0.10844655,1012.0
GGTAGCTTCAGGAGCA-1,G1,G1,late,0.05431477,201.0
GGTAGCTTCCGCTGCT-1,G1,G1,late,0.055593457,211.0
GGTAGCTTCCGGTGTG-1,S,G1,,0.92776936,5476.0
GGTAGCTTCCTTCATA-1,S,S,,0.9095741,4861.0
GGTAGGATCACGTTAG-1,G1,G1,late,0.11777894,1186.0
GGTAGGATCATCTGTC-1,G2M,G2M,,0.91772103,5099.0
GGTAGGATCCCTGATT-1,G2M,G1,,0.9208121,5203.0
GGTAGGATCCTCATGT-1,G1,G1,late,0.11986459,1233.0
GGTAGGATCTATCTCA-1,G2M,G2M,,0.93883157,5964.0
GGTAGTAGTGAGGAGA-1,G1,G1,late,0.15656632,1846.0
GGTAGTAGTTCCGGGT-1,G1,G1,late,0.16396514,1977.0
GGTAGTGAGGAGGCAC-1,G1,G1,late,0.07146867,411.0
GGTATATTCCACGGAT-1,G2M,G1,,0.8515687,3592.0
GGTATGAGTAATCACC-1,S,G2M,,0.9092502,4847.0
GGTATGAGTTCCAGGC-1,S,G2M,,0.9132334,4963.0
GGTATGAGTTCTGGTG-1,G2M,G1,,0.9336328,5740.0
GGTATGGAGGAGGTAT-1,G1,G1,late,0.11415819,1114.0
GGTATGTCAATATCGA-1,S,G1,,0.5534667,3066.0
GGTATGTCAGGTTCAG-1,G1,G1,late,0.17511217,2163.0
GGTATGTCAGTACTAA-1,G1,G1,early,0.056178544,217.0
GGTATTGTCACGCGAT-1,S,G1,,0.33816698,2886.0
GGTCAATCACTAGTCC-1,G1,G1,early,0.07819093,518.0
GGTCACTAGGCGAATG-1,G2M,,,0.9274903,5465.0
GGTCACTAGGGTGATG-1,G1,G1,early,0.156255,1841.0
GGTCAGCCAAATCCAA-1,G1,G1,late,0.16348481,1964.0
GGTCAGCCAAGCTCGA-1,G2M,S,,0.9236232,5307.0
GGTCATATCACGCGAT-1,S,G1,,0.91271067,4951.0
GGTCATATCATGCTTC-1,G2M,G2M,,0.99188113,6888.0
GGTCATATCGTTACCT-1,S,G1,,0.79537755,3337.0
GGTCATCAGGCGTAAG-1,G1,G1,early,0.118256025,1198.0
GGTCATCAGGTATCCA-1,G2M,G2M,,0.9486489,6322.0
GGTCATTGTCTAATCA-1,G1,G1,late,0.21015334,2620.0
GGTCCTGAGCGAGGAC-1,S,G1,,0.79937524,3345.0
GGTCCTGAGGGTACGA-1,G2M,G1,,0.9420764,6103.0
GGTCCTGAGTGCTGTA-1,G2M,G2M,,0.9568854,6505.0
GGTCGAGGTTCGATGT-1,G1,G1,early,0.12712015,1362.0
GGTCGATTCGTTCGTT-1,S,G1,,0.8490683,3570.0
GGTCGATTCTATGAGT-1,S,S,,0.91202164,4930.0
GGTCGCATCCCGTGTC-1,G1,G1,early,0.19360358,2442.0
GGTCGGTCAAGGTCAT-1,G1,S,early,0.10710725,987.0
GGTCGTTAGTGCGCTG-1,G1,G1,late,0.07135993,410.0
GGTCTAATCGCGTCCT-1,G1,G1,late,0.12326508,1291.0
GGTCTAGCAAATCGAC-1,G1,G1,late,0.10756234,994.0
GGTCTATGTGATTCCG-1,G1,G1,late,0.076728016,492.0
GGTCTATGTGCAGCCT-1,G1,G1,late,0.31242797,2872.0
GGTCTATGTTAGGCTT-1,G1,G1,late,0.15761437,1861.0
GGTCTATGTTATCCGG-1,G1,G1,late,0.15378636,1802.0
GGTCTCCTCGATCGCG-1,G2M,G1,,0.9696803,6726.0
GGTCTTAAGCTAGCGT-1,G1,G1,late,0.1592296,1891.0
GGTCTTAAGGCGTAAG-1,G2M,G2M,,0.93926656,5986.0
GGTGAACGTGAAGGCT-1,G1,G1,late,0.18651035,2348.0
GGTGAATAGTGCTTGA-1,G1,G1,late,0.032673266,40.0
GGTGACTTCAAGTATC-1,S,S,,0.8961001,4462.0
GGTGACTTCACTCGTT-1,G2M,G2M,,0.94601923,6249.0
GGTGACTTCAGTTGCA-1,G2M,G2M,,0.95539236,6476.0
GGTGACTTCCCAGGCA-1,G2M,G1,,0.82381636,3421.0
GGTGATAGTTGACTCG-1,S,G1,,0.8782269,4044.0
GGTGATGAGCTAGACC-1,G2M,G1,,0.97260284,6772.0
GGTGATGAGGTCCAGT-1,G1,G1,early,0.074550554,458.0
GGTGATGAGTAGCACC-1,G1,G1,late,0.1395412,1553.0
GGTGATGAGTCGCGTG-1,G1,G1,late,0.15413703,1811.0
GGTGCAGGTAATCAGG-1,G1,G1,late,0.20518622,2575.0
GGTGCATTCGAACGAG-1,G1,G1,late,0.08730418,644.0
GGTGCATTCGCATGTA-1,S,G1,,0.8553437,3637.0
GGTGCCTGTGCGAGTG-1,G2M,G2M,,0.9271393,5444.0
GGTGCGAGTCTGGTAT-1,S,G2M,,0.90054315,4566.0
GGTGCTTAGATACTAC-1,S,S,,0.9078409,4805.0
GGTGCTTAGGGCTATC-1,G2M,G2M,,0.9439131,6169.0
GGTGGATGTAATGGTG-1,S,S,,0.41078216,2951.0
GGTGGATGTATTGGTC-1,S,S,,0.8683843,3830.0
GGTGGATGTCTGGCAC-1,G1,G1,late,0.13402602,1473.0
GGTGGATGTTGTCATA-1,G2M,G1,,0.90266854,4630.0
GGTGGCAGTGAACGGT-1,G1,G1,late,0.16798334,2045.0
GGTGGCAGTTGGAGAC-1,G1,S,late,0.045100775,112.0
GGTGGTAAGCGGTTAC-1,G1,G1,late,0.18350156,2301.0
GGTGGTAAGTAGCGGA-1,G1,G1,late,0.1834282,2298.0
GGTGTAAGTGAGACAC-1,S,G2M,,0.93628794,5848.0
GGTGTCCGTGGCTAGG-1,G1,G1,late,0.110270746,1040.0
GGTGTCCGTTCGTATA-1,S,S,,0.92531216,5370.0
GGTGTGAAGTTAGGAA-1,S,G2M,,0.91470975,5004.0
GGTGTTGCATAACGCG-1,G1,G1,early,0.034198124,44.0
GGTGTTGCATCCACTA-1,G1,G1,early,0.10525559,945.0
GGTTAAGGTAGCGGTG-1,G1,G1,early,0.1806961,2258.0
GGTTAAGGTAGGCGCA-1,G1,G1,late,0.11489946,1131.0
GGTTAAGGTGAAGGAG-1,G2M,G2M,,0.975139,6798.0
GGTTAATTCTGGCTAA-1,S,S,,0.8648935,3774.0
GGTTACATCATATGGT-1,S,G2M,,0.8795531,4073.0
GGTTACGCACAATCAA-1,G1,G1,early,0.16610387,2008.0
GGTTACGCAGTACTAA-1,S,S,,0.8792434,4064.0
GGTTACGCATGGCAGC-1,S,S,,0.7457663,3239.0
GGTTAGGAGGGGTTGA-1,G2M,G2M,,0.8881918,4270.0
GGTTAGGAGGTGACTC-1,G2M,G1,,0.9613349,6586.0
GGTTAGTCAAGTGCAT-1,G1,G1,late,0.14140303,1585.0
GGTTAGTCATAAGCCG-1,S,G1,,0.7070478,3200.0
GGTTAGTCATTACCGC-1,S,G1,,0.8422114,3521.0
GGTTATGTCACTCAAG-1,G1,S,late,0.19629367,2473.0
GGTTATGTCCCTGGCT-1,G1,G1,late,0.17714117,2199.0
GGTTATGTCCGTCCTA-1,S,S,,0.91680944,5074.0
GGTTCCTCAACCTTCA-1,G1,S,early,0.08059453,548.0
GGTTCCTCACTTCGCG-1,G2M,G1,,0.90326643,4645.0
GGTTCCTCAGTAAGTC-1,G2M,G1,,0.92802405,5486.0
GGTTCTAAGCTAGGTC-1,G1,G1,late,0.104959585,931.0
GGTTGGGGTCTCACAG-1,S,G1,,0.29632095,2859.0
GGTTGGGGTTTACATG-1,S,S,,0.90094334,4573.0
GGTTGGTTCCAATGAT-1,S,G2M,,0.89888185,4521.0
GGTTGGTTCGACTTAG-1,S,S,,0.6456323,3150.0
GGTTGGTTCGAGCACT-1,S,G2M,,0.9074869,4793.0
GGTTGTCAGCGAACTC-1,G1,G1,late,0.23385364,2781.0
GGTTGTCAGGATTCAT-1,S,G1,,0.6280214,3135.0
GGTTGTCAGTCAGGCT-1,G1,G1,late,0.060930714,282.0
GGTTTACGTGACGTGG-1,G1,G1,late,0.103776395,914.0
GGTTTACGTGCAGCTC-1,S,S,,0.5413386,3052.0
GGTTTACGTTGAAGCA-1,S,G1,,0.86129785,3719.0
GGTTTACGTTTACCGG-1,G2M,G2M,,0.9278799,5480.0
GGTTTAGTCAGGCTCG-1,G1,G1,late,0.16292946,1957.0
GGTTTAGTCGTGACTA-1,S,G2M,,0.90353197,4652.0
GGTTTCAAGAATCGAA-1,G2M,G1,,0.94154686,6083.0
GGTTTCAAGGTGCTTA-1,G2M,G1,,0.8887056,4277.0
GGTTTGATCATGTAAC-1,G2M,S,,0.94815296,6306.0
GGTTTGATCCGGTGTG-1,G2M,S,,0.9632273,6621.0
GTAAACGGTGGAGCAT-1,S,S,,0.74485546,3236.0
GTAAACGGTGGCTCAC-1,G1,G1,late,0.11358466,1096.0
GTAAACGGTTGCGTCA-1,G2M,G1,,0.87014073,3864.0
GTAAACTTCCGGTTAA-1,S,G2M,,0.74626786,3240.0
GTAAACTTCCTGCTAT-1,G1,G1,early,0.041923832,88.0
GTAAACTTCGACTACA-1,G1,G1,early,0.016168987,4.0
GTAAAGGCATCACGTC-1,G2M,G2M,,0.94580317,6241.0
GTAAATGAGCTATCCT-1,G2M,G2M,,0.95380056,6445.0
GTAAATGAGGCATTCA-1,G1,G1,late,0.21805513,2695.0
GTAAATGAGGGGATAT-1,G1,G1,late,0.105109274,937.0
GTAAATGAGGGTACGA-1,S,S,,0.8800837,4087.0
GTAAATGAGGTGACAG-1,S,G1,,0.87980497,4079.0
GTAACCATCAATTAGC-1,G2M,G2M,,0.94692296,6266.0
GTAACCATCGCGTCCT-1,G2M,G1,,0.95600414,6491.0
GTAACCTGTCAGGCTC-1,G2M,G1,,0.8674186,3817.0
GTAACCTGTGAAGCGT-1,G2M,G2M,,0.9614991,6587.0
GTAACCTGTTGTGGAA-1,G2M,G2M,,0.97366893,6785.0
GTAACGGAGCATTAAC-1,G2M,S,,0.9440269,6171.0
GTAACGGAGGAACCCT-1,G1,G1,late,0.08740063,645.0
GTAAGCCTCAATCCTC-1,G1,G1,late,0.15958275,1906.0
GTAAGCCTCATGGATT-1,G1,S,late,0.25221843,2828.0
GTAAGCCTCTGTCTGT-1,G1,G1,late,0.14130446,1582.0
GTAAGCGAGCCAGGTT-1,S,G2M,,0.880683,4109.0
GTAAGCTCATCCTCAA-1,G2M,G2M,,0.9865776,6872.0
GTAAGGCGTAAGGTTG-1,G1,G1,late,0.17802687,2213.0
GTAAGGCGTGATTAGG-1,S,G1,,0.70780796,3201.0
GTAAGGGTCACAGACC-1,G1,G1,late,0.12886626,1393.0
GTAAGGGTCCATTCGT-1,S,G1,,0.78969187,3323.0
GTAAGGTAGATTACCG-1,S,G2M,,0.87348324,3941.0
GTAAGGTAGGCTCTGG-1,S,S,,0.7909813,3327.0
GTAAGGTAGGTCGATC-1,S,S,,0.8570791,3656.0
GTAAGGTAGTTACAGT-1,G2M,G2M,,0.7530637,3250.0
GTAAGTAAGTAAGGTA-1,G1,G1,late,0.12843914,1389.0
GTAAGTTTCCTTAACC-1,G1,G1,late,0.12999904,1416.0
GTAAGTTTCGTTACAG-1,S,G1,,0.88969374,4307.0
GTAAGTTTCTTGACGA-1,G1,G1,early,0.07874907,526.0
GTAATAGAGCCTGGAT-1,G1,G1,late,0.23820764,2793.0
GTAATAGAGGAATGTA-1,S,G1,,0.84901285,3569.0
GTAATCACAAGTCGCA-1,S,G2M,,0.9096347,4865.0
GTAATCACACCTGCAT-1,G2M,G2M,,0.9699004,6729.0
GTAATCACAGTAATCA-1,S,G1,,0.8053826,3361.0
GTAATCACATGGATAC-1,G1,G1,late,0.17144515,2109.0
GTAATCCGTCTTGCAG-1,S,G1,,0.9059666,4751.0
GTAATCCGTTCGCTAG-1,G2M,G2M,,0.93724215,5897.0
GTAATGGGTAAGCTGA-1,S,G1,,0.24132125,2807.0
GTAATGGGTCAAGTGA-1,S,G1,,0.65705806,3161.0
GTAATGTTCAGCTAAT-1,G2M,S,,0.8935753,4400.0
GTAATGTTCAGTTGGC-1,G2M,G1,,0.9599843,6563.0
GTAATGTTCCGGATGT-1,G1,G1,early,0.11880889,1213.0
GTAATGTTCCTGAGAC-1,G1,G1,late,0.1763729,2184.0
GTACAAGGTGAACCTT-1,G2M,G1,,0.8828285,4159.0
GTACATTAGAAGGTGT-1,S,S,,0.87179863,3907.0
GTACATTAGCCACGAT-1,S,G2M,,0.9024346,4620.0
GTACATTAGGAGTAGT-1,S,S,,0.88185376,4135.0
GTACATTAGTTAGGAA-1,S,G2M,,0.8607645,3713.0
GTACCAATCGTGACTA-1,G1,G1,late,0.10551737,957.0
GTACCAGCAGCTCAAG-1,G1,G1,late,0.07059999,400.0
GTACCAGCAGGAGCCT-1,G1,G1,late,0.30039868,2862.0
GTACCAGCATGACCCT-1,G1,G1,late,0.18317385,2291.0
GTACGAAGTGATGAGC-1,S,G1,,0.9041358,4675.0
GTACGAAGTGGCAGTG-1,G1,G1,late,0.15942001,1897.0
GTACGATCAATGGGCC-1,G1,G1,late,0.15214412,1772.0
GTACGGGGTCCATCGA-1,G2M,G2M,,0.8729059,3929.0
GTACGGGGTCTAGGTT-1,G2M,G2M,,0.93308836,5713.0
GTACGGGGTTAACGTC-1,S,G1,,0.8912373,4338.0
GTACGGGGTTAAGCTC-1,G1,G1,late,0.10000249,848.0
GTACGGGGTTCCTGTC-1,G2M,G1,,0.9695721,6723.0
GTACGGTTCCTTCGCA-1,G2M,G2M,,0.94994235,6352.0
GTAGAATGTATGGGAC-1,S,S,,0.86879694,3837.0
GTAGACTCAAGTCGAT-1,S,S,,0.33744797,2885.0
GTAGATGGTAGCTAAG-1,G2M,G2M,,0.9611947,6583.0
GTAGATGGTGCACGCT-1,S,S,,0.8404589,3508.0
GTAGATGGTTCCTTCA-1,G1,G1,early,0.04452721,105.0
GTAGATGGTTGAGTTC-1,G1,G1,late,0.23262581,2776.0
GTAGATGGTTGCGCGT-1,G2M,G2M,,0.9645721,6655.0
GTAGCAAGTCAACGGG-1,S,S,,0.87826115,4045.0
GTAGCATCAATCCGTC-1,G1,G1,late,0.1562159,1840.0
GTAGCCACAATCTCAT-1,S,G1,,0.83183336,3453.0
GTAGCCACACCAGGAC-1,S,G1,,0.7936106,3333.0
GTAGCCACATCCGTCG-1,S,G1,,0.51537156,3037.0
GTAGCGAAGAAGGTAC-1,S,G2M,,0.86731684,3815.0
GTAGCGAAGGGCAGTA-1,G1,S,late,0.19742365,2487.0
GTAGCGCCAACTTCAT-1,G1,G1,early,0.17908292,2227.0
GTAGCGCCACATTCCA-1,G2M,G1,,0.9391119,5981.0
GTAGCGGGTATGTCAC-1,G2M,G1,,0.964665,6657.0
GTAGCGGGTCAATCAC-1,G2M,G1,,0.9441892,6182.0
GTAGCGGGTCATCGGC-1,G1,G1,early,0.112370655,1078.0
GTAGCTATCCATGCGG-1,G1,G1,late,0.18567492,2329.0
GTAGCTATCTAAGCCA-1,S,G1,,0.91654396,5064.0
GTAGCTTGTCAAGTCT-1,G2M,S,,0.9054972,4725.0
GTAGCTTGTCTGGCGT-1,G2M,G1,,0.9438489,6165.0
GTAGCTTGTTTAGTCA-1,G1,G1,late,0.091239356,705.0
GTAGGAACACTTCAAT-1,S,G1,,0.7994138,3346.0
GTAGGAACATCCGTGT-1,G1,S,late,0.21176247,2635.0
GTAGGCAAGCCGCACA-1,S,G1,,0.83035535,3448.0
GTAGGCAAGCGAACCT-1,G1,G1,late,0.19615513,2470.0
GTAGGCAAGCTGGCTG-1,S,G2M,,0.8698215,3858.0
GTAGGCAAGGTACTGC-1,S,G1,,0.31591853,2874.0
GTAGGCAAGTTAGGCC-1,S,S,,0.381138,2917.0
GTAGGCGGTTTACATG-1,G1,G1,early,0.055329803,208.0
GTAGGCTTCCGTAATG-1,S,S,,0.90593666,4750.0
GTAGGGGCAACCTCTA-1,G1,G1,late,0.17635173,2183.0
GTAGGGGCAACCTGTC-1,G1,G1,late,0.08110288,559.0
GTAGGGGCAAGCGTAT-1,G1,G1,late,0.086272106,629.0
GTAGGGGCATTCGCGT-1,S,G1,,0.85418636,3622.0
GTAGGTAGTCAAGCGG-1,G2M,G1,,0.94680846,6261.0
GTAGGTGAGTGAGTGG-1,G1,G1,late,0.10427959,918.0
GTAGGTGAGTTAATGC-1,S,G1,,0.45850047,2994.0
GTAGGTTCAGGACTCA-1,S,S,,0.8967119,4474.0
GTAGTAAAGTACGCTA-1,G2M,G1,,0.92047423,5188.0
GTAGTAAAGTCAGTGC-1,S,S,,0.8417983,3519.0
GTAGTAAAGTTGCTGA-1,S,G2M,,0.8742681,3963.0
GTAGTAGGTAGCGGAT-1,G1,S,early,0.09392659,752.0
GTAGTAGGTATTGCAC-1,S,G1,,0.82471675,3428.0
GTAGTAGGTGATTAGG-1,G1,G1,late,0.15217401,1774.0
GTAGTCATCCGCGTGA-1,G1,G1,late,0.15074667,1746.0
GTAGTCATCGTGAGGA-1,S,G2M,,0.8912495,4339.0
GTAGTTGTCACGCAAC-1,S,S,,0.5542738,3067.0
GTAGTTGTCCGTCCGT-1,G2M,G1,,0.91836166,5121.0
GTAGTTGTCTGTGCCC-1,G2M,G2M,,0.9372684,5902.0
GTAGTTTAGCGAGGTA-1,G2M,G1,,0.94992363,6351.0
GTAGTTTAGGATTAGA-1,G1,G1,late,0.12154197,1252.0
GTATAGAAGGTATCGC-1,G2M,S,,0.96307534,6616.0
GTATAGCCATCATCTG-1,G1,S,late,0.16147496,1944.0
GTATATCAGCGGTTAC-1,S,S,,0.8942041,4413.0
GTATATCAGGAGTACG-1,G1,G1,late,0.10483008,928.0
GTATCCCCAACCCGAA-1,G2M,G1,,0.8959807,4458.0
GTATCCCCAGCAGGGA-1,G1,G1,early,0.059322882,259.0
GTATCCGGTGCAGTAA-1,G2M,G2M,,0.9297499,5562.0
GTATCCGGTTTCCTGC-1,S,G1,,0.79852283,3344.0
GTATCCTTCAAGTAAG-1,G2M,G2M,,0.94188255,6094.0
GTATCCTTCAGCAACC-1,G2M,G2M,,0.8916345,4351.0
GTATCCTTCCAGAGAG-1,G1,S,late,0.13674296,1512.0
GTATCCTTCGCTATCT-1,G1,G1,late,0.18214092,2275.0
GTATCGATCGCTTGAA-1,G1,G1,late,0.23926629,2797.0
GTATCGATCTAGATAC-1,G1,S,late,0.15018113,1730.0
GTATCTTCAGCTACAG-1,S,S,,0.8749027,3977.0
GTATGAAAGCTTACAG-1,G1,G1,early,0.08723445,643.0
GTATGAAAGTTAACCG-1,S,G1,,0.92385805,5318.0
GTATGCATCACCTAAG-1,G2M,G2M,,0.9210467,5211.0
GTATGCATCCGCGAAT-1,G2M,G2M,,0.91822046,5118.0
GTATGCATCGATCAAT-1,G2M,G2M,,0.9101781,4879.0
GTATGGCTCGATTACG-1,G2M,G1,,0.9314963,5638.0
GTATGGCTCGTACGGT-1,S,G1,,0.8560859,3646.0
GTATGGGAGTAGGTAA-1,G1,G1,late,0.19078207,2409.0
GTATGGTCAAGCGTTG-1,S,G1,,0.39766383,2933.0
GTATGGTCATAACGTA-1,S,G1,,0.58864015,3103.0
GTATGTTAGCTAGAGG-1,G1,G1,early,0.048417594,144.0
GTATTAGCAACTGGAT-1,G1,G1,late,0.22013856,2716.0
GTATTAGCAACTGGCA-1,G2M,S,,0.8616941,3729.0
GTATTAGCAATCGCCT-1,G2M,G2M,,0.9770352,6822.0
GTATTAGCACATTAAG-1,S,G1,,0.64033574,3146.0
GTATTAGCAGCCTAAG-1,G1,G1,late,0.11384208,1107.0
GTATTAGCAGTTAGTA-1,G1,G1,late,0.07079615,405.0
GTATTCAGTAATTCGC-1,S,G1,,0.5856649,3099.0
GTATTGGTCACCTGCC-1,S,G2M,,0.8692108,3841.0
GTATTGGTCCAGCAGT-1,G1,G1,late,0.17325765,2138.0
GTCAAAGGTGATCCGC-1,S,S,,0.8775823,4033.0
GTCAAAGGTTCGCGTA-1,G1,G1,late,0.054065756,198.0
GTCAAATTCATGGCAC-1,G2M,S,,0.89001584,4312.0
GTCAAATTCGCATTAG-1,G1,G1,late,0.029375287,27.0
GTCAAGCTCAGCGACT-1,S,G1,,0.6957723,3188.0
GTCAAGCTCGTGACCG-1,G2M,G2M,,0.92992944,5572.5
GTCAATGTCAAGTATC-1,G2M,S,,0.9283112,5498.0
GTCAATGTCACTCACT-1,S,G1,,0.6530955,3158.0
GTCAATGTCATCTGTC-1,G2M,G2M,,0.9633482,6622.0
GTCAATGTCCCTCTGA-1,G2M,G1,,0.96161824,6590.0
GTCAATGTCGTACCAA-1,S,G1,,0.90930873,4849.0
GTCAATGTCTCACTAC-1,G1,G1,early,0.08670594,635.0
GTCAATGTCTGTGAAT-1,G1,G1,late,0.12800671,1383.0
GTCAATTAGCCACAGT-1,G1,S,late,0.14459744,1644.0
GTCAATTAGGTACTGC-1,G1,G2M,late,0.124168634,1309.0
GTCAATTAGTAGAGTA-1,G1,G1,late,0.23276953,2777.0
GTCACCTCAATGAGTC-1,G1,G1,early,0.03641549,52.0
GTCACCTCATTGGAAC-1,G2M,G2M,,0.9232046,5297.0
GTCACGTAGATAGGCG-1,G1,G1,late,0.1974256,2488.0
GTCACGTAGTAATGGA-1,G1,G1,late,0.13262132,1455.0
GTCATAACAATCAGTA-1,G1,G1,late,0.12370097,1304.0
GTCATAACACTACCTA-1,S,G1,,0.9112269,4905.0
GTCATAGTCGATCCAA-1,G2M,G2M,,0.9224298,5268.0
GTCATATAGCCTAGCG-1,G1,S,late,0.21390936,2652.0
GTCATCAAGCCAGGTT-1,G2M,G2M,,0.9527028,6418.0
GTCATCAAGGTTCACA-1,G2M,S,,0.9202003,5180.0
GTCATTAGTGAGACAC-1,G1,G2M,late,0.20883997,2606.0
GTCATTTCACAATCAA-1,S,G1,,0.55117255,3064.0
GTCCAAATCCGTCAGG-1,G1,G1,early,0.20612516,2585.0
GTCCAAATCGCTCCAC-1,G1,G1,late,0.06831427,363.0
GTCCAACAGCGCCTGA-1,S,S,,0.8568034,3652.0
GTCCAACAGCGGATTC-1,S,G1,,0.66249204,3162.0
GTCCAACAGGGGTTAG-1,G2M,G1,,0.9184545,5126.0
GTCCAATGTCAAGTCT-1,G2M,S,,0.8424907,3523.0
GTCCACCTCGCTTGAA-1,S,G2M,,0.9066486,4767.0
GTCCAGGTCATCAGTG-1,G2M,G2M,,0.970875,6745.0
GTCCAGGTCGATGCTA-1,G2M,G2M,,0.95906353,6547.0
GTCCAGGTCTCACCGC-1,S,G1,,0.5802487,3093.0
GTCCAGTAGGAACTAA-1,G1,G1,early,0.071885474,417.0
GTCCATAAGGGGATAT-1,S,G2M,,0.9069509,4775.0
GTCCATCCAAATGCGT-1,G1,G1,early,0.10551364,956.0
GTCCATCCAAGTCCAG-1,G1,G1,late,0.14060858,1568.0
GTCCATCCACAAGCGC-1,G2M,S,,0.8980917,4505.0
GTCCATGGTGAACCAA-1,S,G2M,,0.8991038,4527.0
GTCCATGGTGAGATAT-1,G2M,G2M,,0.95445657,6458.0
GTCCATGGTGCATTAC-1,G2M,G1,,0.94514686,6220.0
GTCCATTTCACGCCTC-1,G1,G1,late,0.110574745,1049.0
GTCCCAAGTGAACTAG-1,S,G1,,0.90767026,4801.0
GTCCCAAGTTGTGACT-1,G2M,G1,,0.92271876,5280.0
GTCCCATCAGGTATGT-1,S,G1,,0.6531595,3159.0
GTCCCGAAGGATGGGC-1,G1,S,late,0.09748339,804.0
GTCCCGAAGTGATAGA-1,G1,G1,late,0.19050893,2406.0
GTCCCGTTCCAGGTTA-1,G1,G1,early,0.053231712,196.0
GTCCCTCAGGGTAGAT-1,G1,G1,late,0.18616839,2336.0
GTCCCTTGTTGGCGAG-1,G1,S,late,0.11309197,1087.0
GTCCGAACACCTCAGT-1,G1,G1,late,0.1442873,1634.0
GTCCGAACAGCTCTAC-1,S,G1,,0.8026596,3356.0
GTCCGAACATTAGTCT-1,G1,S,late,0.24740838,2818.0
GTCCGATAGTCAAGCC-1,G1,G1,early,0.08613244,626.0
GTCCGCAAGAAGGATC-1,S,S,,0.8433387,3527.0
GTCCGCAAGCGGTGAA-1,G2M,G1,,0.9164465,5061.0
GTCCGCTTCCGTTGCC-1,G1,G1,late,0.059398737,261.0
GTCCGCTTCGTACACA-1,G1,G1,early,0.039738037,72.0
GTCCGTGAGGAGGCAC-1,S,S,,0.81722397,3399.0
GTCCGTGAGGGTACGA-1,S,G1,,0.89282423,4380.0
GTCCGTGAGTACGGTC-1,G2M,G2M,,0.9360734,5833.0
GTCCGTTCAGGCTTGA-1,G1,G1,late,0.12358268,1299.0
GTCCGTTCATAACGTA-1,G1,G1,early,0.08778123,649.0
GTCCTAAAGTATGTGT-1,G1,G1,late,0.20215957,2542.0
GTCCTATTCACAGCTA-1,G2M,G2M,,0.9299408,5576.0
GTCCTATTCACGTTGA-1,G1,G1,early,0.036281385,51.0
GTCCTATTCAGCATCA-1,S,S,,0.87435734,3966.0
GTCCTATTCAGCCAGT-1,G1,S,late,0.065738924,334.0
GTCCTATTCCATCCGC-1,G1,G1,late,0.06617678,336.0
GTCCTGCTCCGCGCTT-1,S,S,,0.8995513,4540.0
GTCCTGCTCTGGCACG-1,G1,G1,early,0.1190789,1220.0
GTCCTTTAGATAGTGA-1,G1,G1,late,0.07163928,412.0
GTCCTTTAGCATGGCT-1,G2M,G1,,0.972573,6770.0
GTCCTTTAGGGTCTGT-1,S,G1,,0.44281492,2980.0
GTCGACTAGAATCAGA-1,G2M,G2M,,0.9631855,6620.0
GTCGACTAGCTAAGGG-1,G2M,G2M,,0.9328911,5700.0
GTCGACTAGGCTATAT-1,G1,G1,late,0.16830468,2052.0
GTCGAGGGTTCACGCA-1,G1,G1,late,0.22135444,2726.0
GTCGATGCAACCCTGT-1,G2M,G2M,,0.94591147,6245.0
GTCGATGCATAGGGCC-1,G2M,G1,,0.96420807,6643.0
GTCGATGCATCGGTGA-1,G2M,G1,,0.92038745,5187.0
GTCGATTGTCAGGAGT-1,G2M,G2M,,0.9267555,5423.0
GTCGATTGTTGACGTT-1,G1,S,early,0.04139301,82.0
GTCGCAACATCACACC-1,G1,G1,late,0.09933911,829.0
GTCGCCAAGCAGGTTC-1,G1,G1,late,0.14821684,1697.0
GTCGCCAAGGAACCCT-1,G2M,S,,0.8975442,4497.0
GTCGCCAAGTGCCCGA-1,G2M,G1,,0.91600907,5044.0
GTCGCTAGTTCGGTGC-1,G2M,G1,,0.94727445,6274.0
GTCGGCTGTGGCCTGT-1,G1,G1,late,0.14456233,1642.0
GTCGGGTCAAAGGAAT-1,S,S,,0.87294656,3930.0
GTCGGGTCAACTATCT-1,G2M,S,,0.9217664,5238.0
GTCGGGTCACAGGGTC-1,S,G1,,0.8651667,3780.0
GTCGGGTCACTAATCT-1,G1,G1,late,0.10133142,875.0
GTCGGTTAGATTAACC-1,S,G1,,0.3738993,2912.0
GTCGGTTAGGTGACTC-1,G2M,G1,,0.9227729,5283.0
GTCGTAATCCAGAGAG-1,G1,S,late,0.19937782,2512.0
GTCGTAATCCTGATGA-1,G1,G1,late,0.18942764,2390.0
GTCGTAATCGATTGCA-1,G1,G1,early,0.15676473,1848.0
GTCTAACGTCTAGTAC-1,G2M,S,,0.91151476,4914.0
GTCTAACGTTTACGCG-1,G1,G1,late,0.06569196,332.0
GTCTAACGTTTACGGT-1,G1,G1,late,0.18641873,2345.0
GTCTAAGTCACATGGC-1,G1,G1,early,0.041681115,85.0
GTCTAAGTCACGCCGA-1,G2M,G1,,0.9653278,6666.0
GTCTACCCACATTACT-1,G2M,S,,0.93433076,5763.0
GTCTACCCAGTAATGC-1,G1,S,late,0.09038638,690.0
GTCTACCCATAACTGA-1,S,G2M,,0.93295574,5702.0
GTCTACTTCGCGCTTC-1,G2M,S,,0.68841743,3180.0
GTCTCACCAAGCGTGC-1,S,S,,0.82315147,3418.0
GTCTCACCAATAGTCA-1,G2M,S,,0.9081472,4815.0
GTCTCACCACTTGACC-1,G1,G1,late,0.16616625,2011.0
GTCTCCATCATCTGGA-1,G2M,G1,,0.8750956,3982.0
GTCTCCATCCCTCAAT-1,S,S,,0.8856262,4226.0
GTCTCCATCGATGCTA-1,S,S,,0.79002213,3325.0
GTCTCCGCACCTTGGT-1,G2M,G2M,,0.9095753,4862.0
GTCTCCGCATTAGATG-1,G1,G1,early,0.14779106,1690.0
GTCTCGCTCACACTTC-1,G1,G1,early,0.17662577,2189.0
GTCTCGCTCACTCGCC-1,G1,G1,late,0.13411608,1474.0
GTCTCGCTCCATCGAA-1,S,S,,0.8951748,4436.0
GTCTGCCTCCCGTTGC-1,S,G2M,,0.936093,5836.0
GTCTGGACAATCGTCC-1,S,G1,,0.9268232,5427.0
GTCTGGACATGGTCTC-1,S,G1,,0.93258226,5684.0
GTCTGGGTCAGCCCGA-1,G1,G1,late,0.29020736,2858.0
GTCTGTCCAACCGGAC-1,S,G1,,0.89291006,4382.0
GTCTGTCCAACTAGCG-1,G1,G1,late,0.13286495,1459.0
GTCTGTCCAAGTCGGC-1,G2M,G2M,,0.9327362,5692.0
GTCTGTCCACAAGCGC-1,S,G1,,0.5904867,3105.0
GTCTGTCCATGGTCCT-1,S,G1,,0.55649716,3069.0
GTCTTCACACTATCGC-1,G1,G1,early,0.07218985,420.0
GTGAAATGTTAGGTGA-1,G2M,G1,,0.9485701,6321.0
GTGAACAGTTAACCCG-1,G1,G1,late,0.17553961,2171.0
GTGAACCTCCATGCTT-1,S,S,,0.8888486,4280.0
GTGAACCTCCGTATGA-1,G1,G1,late,0.28826773,2853.0
GTGAAGGTCACCCTGC-1,G1,S,late,0.112636685,1080.0
GTGAATGGTCCATCCT-1,S,S,,0.8840772,4189.0
GTGACGAAGAACGAAC-1,S,G2M,,0.91638523,5060.0
GTGACGAAGATACTCG-1,G2M,G2M,,0.91045356,4885.0
GTGACGAAGTACGCTA-1,G1,S,late,0.11548355,1138.0
GTGACGTTCAGCCCAG-1,G2M,G2M,,0.9028877,4633.0
GTGACGTTCTGGATTG-1,G1,G1,late,0.15801798,1866.0
GTGACTATCACTTCCG-1,G1,G1,late,0.13625175,1501.0
GTGACTATCATCGAAT-1,G1,G1,late,0.095437795,774.0
GTGACTATCCTGAGAC-1,G2M,G1,,0.9520615,6406.0
GTGACTATCTAGTCCT-1,G1,G1,late,0.12946396,1402.0
GTGAGCAAGCTATCCT-1,S,G1,,0.90431035,4683.0
GTGAGCAAGGGTCATC-1,G1,,late,0.07011858,393.0
GTGAGCAAGGTAGATA-1,G1,G1,late,0.20679465,2590.0
GTGAGCAAGTGGCTCG-1,G1,G1,late,0.045711715,119.0
GTGAGCGGTTTGGCTG-1,G1,G1,late,0.16425948,1982.0
GTGAGGATCACCATGA-1,G1,G1,late,0.07507853,468.0
GTGAGGATCAGTTACG-1,S,G1,,0.44550195,2984.0
GTGAGGATCCGCTACC-1,G1,G1,late,0.13507235,1489.0
GTGAGTGAGGAGGATT-1,G2M,S,,0.92540026,5372.0
GTGAGTGAGGCATCGT-1,G2M,G1,,0.96494466,6660.0
GTGAGTGAGGTACCAC-1,G1,G1,late,0.16384313,1975.0
GTGATAGGTGCAGGAT-1,S,G1,,0.82129633,3411.0
GTGATATTCACCTTCG-1,G2M,G1,,0.9302869,5589.0
GTGATATTCATGGTGC-1,G1,G1,late,0.20190735,2538.0
GTGATATTCCGCAGAT-1,G1,G1,late,0.335355,2882.0
GTGATATTCCGGACAT-1,G2M,G2M,,0.95137167,6393.0
GTGATGCTCCGCGTAG-1,S,S,,0.8557836,3641.0
GTGATGCTCCGGTTGG-1,G2M,G2M,,0.9351462,5792.0
GTGATGGAGCAAGTCC-1,S,G2M,,0.8812399,4123.0
GTGATGGAGTTACCCT-1,G1,G1,late,0.16102076,1933.0
GTGATTGTCTCACCGC-1,S,G2M,,0.9247616,5349.0
GTGATTTAGCGAGACA-1,G1,G1,late,0.0917688,718.0
GTGATTTAGGTAGTCC-1,S,G1,,0.8758227,3997.0
GTGCAATCAGGGCACT-1,G2M,S,,0.88952535,4301.0
GTGCACTAGCAACTGC-1,G2M,G1,,0.9485074,6319.0
GTGCAGCCAACCTCTA-1,S,G1,,0.8805813,4104.0
GTGCAGCCAAGTGCTG-1,G1,S,late,0.18769503,2367.0
GTGCATATCCATATCC-1,G2M,S,,0.93131334,5628.0
GTGCATTGTATGGCTT-1,S,G1,,0.50036156,3022.0
GTGCCATAGTATGGTT-1,G1,G1,early,0.07460567,459.0
GTGCCATAGTGCGGAA-1,G1,G1,late,0.17477235,2160.0
GTGCCCAAGCTATACG-1,G1,G1,late,0.1051229,939.0
GTGCCCAAGTAAGGCG-1,G1,G1,late,0.17966317,2244.0
GTGCCCAAGTAGAGCG-1,G2M,G2M,,0.97307897,6780.0
GTGCCCAAGTAGCTGC-1,G1,G1,late,0.2234942,2737.0
GTGCCCAAGTTACGTG-1,G1,G1,late,0.1897705,2396.0
GTGCCTAGTGATAGGC-1,G2M,G1,,0.9252032,5365.0
GTGCCTAGTTCGATGT-1,G2M,G1,,0.95309436,6428.0
GTGCCTAGTTGAGCAA-1,S,S,,0.93529,5796.0
GTGCGAAAGCTTCCAT-1,G1,G1,late,0.119792596,1232.0
GTGCGAGGTTTAGGTC-1,G2M,G2M,,0.89678293,4479.0
GTGCGATTCCCCTTAG-1,G2M,G2M,,0.990485,6881.0
GTGCGCATCGAGTACC-1,G2M,G1,,0.964423,6651.0
GTGCGGTCAGGCATTG-1,S,G1,,0.48606908,3010.0
GTGCTAATCCGGTTGG-1,G2M,G1,,0.86314744,3750.0
GTGCTAATCCTGTGCC-1,G1,G1,late,0.123016454,1282.0
GTGCTATGTTCCCTTA-1,G1,G1,late,0.16822915,2049.0
GTGCTCAGTCAGTATC-1,G2M,G2M,,0.9403081,6028.0
GTGCTCAGTTCCAGTG-1,G1,G1,early,0.06531259,325.0
GTGCTCAGTTGGATTC-1,G1,G1,late,0.15217717,1775.0
GTGCTTGGTAGCGCAG-1,G1,G1,late,0.115921594,1150.0
GTGCTTGGTAGGTTGA-1,G1,G1,late,0.062259775,296.0
GTGCTTGGTTTACTTC-1,G1,G1,early,0.2002517,2523.0
GTGGAACGTCATGGCC-1,G2M,G2M,,0.91478544,5005.0
GTGGACAAGCTGAGTC-1,G1,G1,early,0.19745654,2489.0
GTGGACCCACCTGCAT-1,G1,S,late,0.18343198,2300.0
GTGGACCCATCGCTCG-1,S,S,,0.9146369,5003.0
GTGGACCCATGCTGAG-1,G2M,G2M,,0.96314555,6619.0
GTGGATAGTCATGCCA-1,G2M,G2M,,0.94293296,6143.0
GTGGATAGTGGCGATG-1,G1,G1,late,0.18797459,2371.0
GTGGATAGTTCGTGGC-1,G2M,G2M,,0.97769827,6824.0
GTGGATTCAAATCCTT-1,G1,G1,late,0.18935764,2389.0
GTGGATTCAAGGGTCC-1,S,G2M,,0.89137876,4342.0
GTGGATTCACAGGGTC-1,G1,G1,early,0.2006804,2527.0
GTGGATTCATTACCTG-1,S,G2M,,0.89368236,4401.0
GTGGATTCATTCATGT-1,S,S,,0.9091906,4846.0
GTGGCAAAGCCAATCA-1,G1,G1,late,0.38370183,2921.0
GTGGCAAAGCTTACGA-1,G2M,G2M,,0.9496872,6346.0
GTGGCAAAGGATACTT-1,S,G2M,,0.94148153,6080.0
GTGGCAAAGGCTCTCC-1,G1,G1,late,0.17415115,2150.0
GTGGCAGGTCTGGTAT-1,G2M,G1,,0.9116669,4919.0
GTGGCAGGTTGACCTG-1,G1,G1,late,0.13565053,1495.0
GTGGCCATCTAGCTCT-1,G1,G1,early,0.05199875,183.0
GTGGCGAGTCAGTATC-1,G1,G1,late,0.10729388,991.0
GTGGCGAGTTCGCGTA-1,G1,G1,late,0.12669194,1355.0
GTGGGATGTAACTCTA-1,S,G1,,0.6892615,3181.0
GTGGGATGTATTGCCG-1,S,G1,,0.91518444,5018.0
GTGGGATGTCTTGCGA-1,S,G1,,0.63254195,3138.0
GTGGGCAGTTAGTGGA-1,G2M,G2M,,0.92592597,5393.0
GTGGGTAAGCTGGAGA-1,G2M,G1,,0.9506255,6374.0
GTGGGTTTCCGTTGCC-1,S,G1,,0.85848737,3673.0
GTGGGTTTCCTCTAAC-1,G1,G1,late,0.13284718,1458.0
GTGGGTTTCGCTGAGT-1,G2M,S,,0.7296626,3221.0
GTGGTAAGTATGTGAG-1,S,S,,0.9066888,4769.0
GTGGTAAGTCCATTCC-1,G1,G1,late,0.16728687,2035.0
GTGGTAAGTGATCAGA-1,G1,G1,early,0.05673848,224.0
GTGGTAAGTTGCGCTA-1,G1,G1,late,0.103212915,898.0
GTGGTCACAAGTCGAT-1,G1,S,late,0.2206773,2720.0
GTGGTCCGTTATGTGC-1,G2M,S,,0.9227855,5284.0
GTGGTGAAGTCGATTG-1,G2M,G2M,,0.9397348,6005.0
GTGGTGAAGTTACCGA-1,S,G1,,0.88675123,4242.0
GTGTAAGGTAACGGGT-1,S,G1,,0.9259281,5394.0
GTGTCAATCCCCTTAG-1,G2M,G2M,,0.9629711,6614.0
GTGTCAATCGCATCGG-1,G1,G1,late,0.18438178,2313.0
GTGTCCCTCACGTGTA-1,G1,G1,late,0.076415725,482.0
GTGTCCTCACTAGGTG-1,G2M,S,,0.8987389,4518.0
GTGTCCTCAGGCATTG-1,G1,G1,late,0.10525253,944.0
GTGTCCTCATAGAGAG-1,S,S,,0.82761693,3437.0
GTGTGAGAGTAATCAC-1,G2M,G2M,,0.9644492,6653.0
GTGTGGCCAAATCAGC-1,G2M,G1,,0.93180335,5655.0
GTGTGGCCACAGGGTC-1,S,G2M,,0.8626956,3738.0
GTGTGGCCAGTTAGTA-1,G1,G1,late,0.20264567,2546.0
GTGTGGTTCCTCACGC-1,S,G2M,,0.8854307,4221.0
GTGTGGTTCCTTCAGT-1,G1,G1,late,0.08182437,568.0
GTGTGTTGTAATTCGC-1,G1,G1,late,0.15440693,1815.0
GTGTTACGTCCCGTAA-1,S,S,,0.9293925,5545.0
GTGTTACGTTTACCAA-1,S,S,,0.8850755,4213.0
GTGTTATAGCTATCTC-1,G1,G1,early,0.061993703,290.0
GTGTTATAGGTAAGTA-1,G2M,G2M,,0.9395125,5997.0
GTGTTATAGTCATTCC-1,S,G1,,0.5677666,3081.0
GTGTTATAGTTAGAGA-1,G2M,G2M,,0.91818964,5115.0
GTGTTCAAGCAGGGTA-1,G1,G1,late,0.1198684,1234.0
GTGTTCAAGCATCGAC-1,S,S,,0.84046084,3509.0
GTGTTCAAGCTGGCTG-1,S,S,,0.9371751,5894.0
GTGTTCAAGTAGGCTC-1,G1,G1,late,0.2266783,2757.0
GTGTTCCCATCCAAGG-1,G2M,G2M,,0.9442536,6183.0
GTGTTCCCATGCAGGC-1,G1,G1,late,0.11312956,1088.0
GTTAACTAGCCTGTAA-1,G2M,G2M,,0.96350694,6628.0
GTTAACTAGTAATGGA-1,S,S,,0.91702026,5077.0
GTTAACTAGTTGCGCG-1,G2M,S,,0.94190675,6097.0
GTTAAGGGTAGCGGAT-1,G1,G1,late,0.1095809,1033.0
GTTAAGGGTCATCCAG-1,G1,G1,late,0.16760913,2041.0
GTTACCCCAGCCAGAC-1,G2M,G2M,,0.93170846,5651.0
GTTACCCCAGGGCAGA-1,G2M,S,,0.9222651,5264.0
GTTACCCCATCAAGCG-1,G1,G1,late,0.15162426,1763.0
GTTACCCCATTAACTC-1,G1,G1,late,0.18538427,2324.0
GTTACCCCATTCGTCA-1,S,G1,,0.45503023,2989.0
GTTACCTTCCCAATGA-1,G2M,G2M,,0.95591944,6489.0
GTTAGAGGTTAAGTCC-1,G2M,G1,,0.9318951,5659.0
GTTAGAGGTTAGCGCC-1,S,S,,0.9218644,5244.0
GTTAGAGGTTTAGTGC-1,G1,G1,late,0.14224373,1599.0
GTTAGATTCAGGTGAG-1,G2M,G1,,0.9320322,5667.0
GTTAGATTCATGTAAC-1,G1,G1,early,0.075045764,466.0
GTTAGATTCCTGACTT-1,G1,G1,late,0.17119843,2102.0
GTTAGATTCCTGCCAC-1,S,G1,,0.76875335,3282.0
GTTAGCATCCAGGGTT-1,G2M,G2M,,0.9807799,6849.0
GTTAGCATCGAACGGA-1,S,G1,,0.8474325,3562.0
GTTAGCCAGGGGCAGT-1,G1,G1,late,0.14215504,1598.0
GTTAGCGCACCTCAGT-1,G1,G1,late,0.19634184,2474.0
GTTAGCTGTGATAGGC-1,G1,G1,late,0.17603618,2178.0
GTTAGGCTCAGTTCCT-1,G1,G1,early,0.071983136,418.0
GTTAGGCTCGACATCA-1,S,G2M,,0.922109,5255.0
GTTAGGTCAACGTGGC-1,G2M,S,,0.93550694,5804.0
GTTATCAGTAACGATG-1,G2M,G1,,0.922101,5254.0
GTTATCAGTAATGCAG-1,G2M,G2M,,0.92753404,5466.0
GTTATCAGTTGTGAGA-1,S,G2M,,0.89199984,4360.0
GTTATCAGTTTACGGT-1,G1,G1,late,0.1610248,1934.0
GTTATCCTCAGGTGAG-1,G2M,G2M,,0.94977057,6349.0
GTTATCCTCCACGGCA-1,G1,G1,late,0.06954183,380.0
GTTATCTCAAGGGCAG-1,S,G1,,0.88515604,4216.0
GTTATGGTCCAGATGC-1,G2M,G2M,,0.95046705,6370.0
GTTATGGTCCGTGCGA-1,G1,G1,late,0.15189594,1768.0
GTTCAATAGTAAGCAA-1,G2M,G2M,,0.92610306,5400.0
GTTCAATAGTATCTGG-1,G1,G1,late,0.08434421,602.0
GTTCACAAGCTTAGGC-1,G1,G1,early,0.11595856,1151.0
GTTCACAAGGATGGAT-1,G2M,G1,,0.84427804,3533.0
GTTCACAAGTCATCAG-1,G1,G1,late,0.1216461,1258.0
GTTCACCCACTCGGTT-1,G2M,S,,0.899701,4544.0
GTTCACCCACTTACCA-1,S,G1,,0.88737434,4253.0
GTTCACTTCCTTCAGT-1,G1,G1,late,0.08087298,552.0
GTTCACTTCGTGATTG-1,G1,G1,late,0.096923955,794.0
GTTCAGGCACAGGCTA-1,G1,G1,early,0.08046528,544.0
GTTCAGGCAGTACCAG-1,G2M,G2M,,0.9696251,6725.0
GTTCATGAGGAGGTGC-1,S,S,,0.8995673,4541.0
GTTCATTCAACGGTCA-1,G1,G1,early,0.14783703,1692.0
GTTCATTCAGGACTAT-1,G2M,G2M,,0.92668694,5420.0
GTTCCAAAGCTAGAGG-1,S,S,,0.9142882,4994.0
GTTCCAAAGGAGTAAC-1,G1,G1,late,0.09291738,737.0
GTTCCAAAGGTACGCT-1,G1,G1,late,0.1668173,2024.0
GTTCCAAAGGTGGATG-1,G1,G1,late,0.1644293,1985.0
GTTCCAGGTGCGCGTT-1,S,G1,,0.508052,3031.0
GTTCCAGGTTATGGTC-1,S,S,,0.9151824,5017.0
GTTCCCGCACTAAGCG-1,S,S,,0.8930481,4389.0
GTTCCCGCATCCATTG-1,S,S,,0.9115083,4912.0
GTTCCCTGTCATCGTG-1,G1,G1,late,0.17394888,2148.0
GTTCCCTGTTATCGTA-1,G2M,S,,0.9037751,4661.0
GTTCCTTAGCATGCCG-1,G2M,G2M,,0.94834644,6313.0
GTTCCTTAGCATGCGT-1,S,S,,0.86325735,3752.0
GTTCCTTAGTAGGCTC-1,S,G2M,,0.9107259,4890.0
GTTCGAATCGCATGGT-1,G2M,S,,0.887726,4260.0
GTTCGAATCTAGTAAC-1,G1,G1,late,0.11384562,1108.0
GTTCGATGTCAAGGGT-1,G2M,G1,,0.9059014,4745.0
GTTCGATGTTGTAGGA-1,G1,G1,late,0.15405732,1809.0
GTTCGTCCACAACGTG-1,G1,S,early,0.078530274,523.0
GTTCGTCCACTCAATT-1,G1,G1,early,0.09075759,694.0
GTTCGTTTCATAGACT-1,G2M,G2M,,0.9402248,6024.0
GTTCGTTTCCCGTAGG-1,G1,G1,late,0.18630767,2339.0
GTTCGTTTCCGCGGTA-1,G2M,G2M,,0.91645217,5062.0
GTTCGTTTCGCTATGA-1,G1,S,late,0.19016457,2401.0
GTTCGTTTCGTTCCGC-1,G1,G1,late,0.114898145,1130.0
GTTCTAAGTTGGACGG-1,G2M,G2M,,0.94696814,6267.0
GTTCTCACAACGGTGC-1,G2M,S,,0.93293184,5701.0
GTTCTCACATCCCATA-1,S,G1,,0.52822673,3045.0
GTTGAAGGTTCCCGTT-1,G1,G1,early,0.07803485,515.0
GTTGAGGAGGCGTCAT-1,G1,G1,early,0.042168483,93.0
GTTGATTAGCTAGACC-1,S,S,,0.8823345,4148.0
GTTGCAATCAATGTGT-1,G1,G1,early,0.068647295,370.0
GTTGCAATCATCGTTC-1,S,S,,0.89603686,4460.0
GTTGCAATCTTGAACG-1,G1,G1,late,0.1564877,1844.0
GTTGCATGTTCCTGTC-1,S,G1,,0.616656,3125.0
GTTGCCCTCACGCGAT-1,G2M,G2M,,0.9605506,6574.0
GTTGCCCTCAGCAACC-1,S,G2M,,0.90865445,4829.0
GTTGCCCTCTAGCGCG-1,G1,G1,late,0.1299957,1415.0
GTTGCCTCAAGCTGGC-1,G1,G1,late,0.08491195,609.0
GTTGCCTCATTACTGT-1,G2M,G2M,,0.9423082,6108.0
GTTGCGCGTTGAGGTA-1,G1,G2M,late,0.19103454,2411.0
GTTGCGCGTTGTCCCT-1,G2M,S,,0.8132171,3387.0
GTTGGGTTCACCAAGC-1,S,G1,,0.9109356,4894.0
GTTGGTCAGCATTCAG-1,G2M,G2M,,0.92417544,5333.0
GTTGGTCAGGAATGTA-1,S,G1,,0.7662481,3277.0
GTTGGTTGTGATGCCC-1,G2M,G1,,0.9297883,5566.0
GTTGGTTGTTATAGGG-1,G2M,G2M,,0.93298453,5704.0
GTTGTACGTCATGCGC-1,G1,G1,late,0.13639484,1504.0
GTTGTGATCAGGAAGT-1,G1,G1,late,0.15581734,1832.0
TAAACCACACAAGGTT-1,G2M,G2M,,0.9557359,6485.0
TAAACCACATAGGTGT-1,G2M,G1,,0.9214414,5223.0
TAAACGAAGCCACGCA-1,G2M,G2M,,0.97959536,6840.0
TAAACGAAGCGATCTA-1,S,S,,0.8522846,3603.0
TAAACGAAGGGGATGC-1,S,G1,,0.91862994,5136.0
TAAACGAAGTGAGCAG-1,G2M,G1,,0.9221878,5259.0
TAAACGGGTTAAGCGA-1,G1,G1,late,0.12339843,1293.0
TAAACGGGTTTCGCTC-1,G1,G1,late,0.1881025,2374.0
TAAACGTTCCAGGTCG-1,G2M,G2M,,0.91919714,5150.0
TAAACGTTCTGTGCCC-1,G1,G1,early,0.10612396,970.0
TAAATCGCATCGACTC-1,S,S,,0.9019183,4608.0
TAAATGCTCAGCACGT-1,S,G1,,0.9163215,5058.0
TAAATGCTCCTGGTCC-1,G1,G1,early,0.1907748,2408.0
TAACACTAGCGGTAGA-1,G1,G1,late,0.11950114,1229.0
TAACACTAGGTATAGA-1,S,G1,,0.34173906,2890.0
TAACACTAGTCGAGGA-1,S,G1,,0.867376,3816.0
TAACAGCCATGAAGGA-1,G1,G1,late,0.1176391,1184.0
TAACCAACAAGCTCAG-1,G1,G1,late,0.18713848,2357.0
TAACCAACAATCTCTG-1,S,G1,,0.46531594,3002.0
TAACCAACATCGACAG-1,S,G1,,0.81842434,3403.0
TAACCATAGGCATTCA-1,S,G1,,0.8109462,3377.0
TAACCCTTCATGGCGT-1,G1,G1,early,0.13439524,1477.0
TAACCCTTCCATAGGC-1,G2M,G1,,0.9074325,4791.0
TAACCCTTCGAAGGGC-1,G2M,G1,,0.9399771,6014.0
TAACCCTTCTAGGCAC-1,G2M,G2M,,0.9351187,5790.0
TAACCGATCACCTACT-1,G1,G1,late,0.101056606,871.0
TAACCTAGTAATTCGC-1,G1,G1,late,0.082565814,577.0
TAACCTAGTAGTGCAA-1,G2M,G1,,0.9607973,6578.0
TAACCTAGTGGCTAGG-1,G1,G1,late,0.14445885,1638.0
TAACGAAAGCAGTCTA-1,S,G1,,0.42502633,2967.0
TAACGAAAGGGTAGAT-1,S,G1,,0.8400282,3505.0
TAACGAAAGTGGCTGT-1,G1,G1,late,0.20342563,2552.0
TAACGAGGTAGGTCAA-1,G2M,G1,,0.93992966,6011.0
TAACGAGGTGAAGCTA-1,G1,G1,late,0.25161278,2827.0
TAACGATTCAGGTCTA-1,G1,G1,late,0.1999858,2520.0
TAACGATTCCGCGCAA-1,S,G2M,,0.9139888,4987.0
TAACGATTCGTGCTAA-1,G2M,G1,,0.8928551,4381.0
TAACGCGCACTATACT-1,G1,G1,early,0.10025066,857.0
TAACGGCTCAATGGTT-1,G1,G1,late,0.10927163,1025.0
TAACGGCTCACCATTC-1,G2M,G1,,0.94047004,6032.0
TAACGGCTCCTGACTT-1,G1,G1,early,0.051888805,182.0
TAACGGCTCGTAGTGC-1,G1,G1,late,0.12978481,1411.0
TAACGGTCACCTATAT-1,S,G1,,0.49575558,3017.0
TAACTAGCAACCAGTG-1,G1,G1,early,0.099429175,833.0
TAACTAGCATAACGCG-1,S,S,,0.61364174,3122.0
TAACTCCTCAGCAATT-1,S,G1,,0.76247466,3269.0
TAACTCCTCGATGAGG-1,G1,G1,late,0.13122234,1434.0
TAACTCCTCTGGATAT-1,S,S,,0.8957315,4454.0
TAACTGGTCACATTCC-1,G2M,G2M,,0.92742294,5461.0
TAACTGGTCGCTCGCT-1,S,G1,,0.7149859,3207.0
TAAGCACCAAGGGAAC-1,G1,G1,late,0.13466632,1481.0
TAAGCCATCCCTGTAT-1,G2M,S,,0.8582788,3670.0
TAAGCCATCCGCCATC-1,G1,G1,late,0.047863983,139.0
TAAGCCTGTTGAATGG-1,G1,G1,late,0.1759214,2174.0
TAAGCGAGTAAGCATG-1,G1,,late,0.12331026,1292.0
TAAGCGAGTCAACCCA-1,G1,G1,late,0.15875715,1876.0
TAAGCGAGTTGACGGG-1,S,G1,,0.848119,3564.0
TAAGCGCTCCAGCATA-1,S,G1,,0.8946616,4422.0
TAAGCGCTCGCTATGA-1,S,G2M,,0.87437105,3967.0
TAAGGATGTGCAGGAT-1,S,G1,,0.968244,6699.0
TAAGGCGAGCCGCGTA-1,G2M,G1,,0.8562108,3648.0
TAAGGCGAGTGGCTTA-1,S,G1,,0.8828054,4157.0
TAAGGCTCAGCCAAGC-1,G1,G1,late,0.11822469,1197.0
TAAGGCTCATAGGGTT-1,G1,G1,late,0.07801008,514.0
TAAGTCCGTTAAGTGG-1,G1,G1,late,0.052992355,192.0
TAAGTGAAGATTGCCA-1,G2M,S,,0.90180224,4603.0
TAATAGCTCCTCACCA-1,S,G2M,,0.874187,3960.0
TAATCACAGATAGGGT-1,G1,G1,late,0.073358566,440.0
TAATCACAGTAATGAG-1,S,G2M,,0.90395415,4667.0
TAATCAGCAGCTATGG-1,G1,S,late,0.23583491,2786.0
TAATCAGCATAACTCT-1,S,G2M,,0.8813239,4127.0
TAATCCTCAAGGTAAG-1,S,G1,,0.80152446,3352.0
TAATCCTCAGTTAGTA-1,G1,G1,late,0.039896432,73.0
TAATCCTCATCCATCA-1,G1,G1,late,0.08802123,654.0
TAATCCTCATCGGTAG-1,G1,G1,late,0.18298338,2287.0
TAATCCTCATGGCGAC-1,G1,G1,early,0.19700356,2481.0
TAATGGTTCCCGTTGC-1,G2M,S,,0.944714,6201.0
TAATGGTTCGCTTCCA-1,G1,G1,late,0.1485337,1700.0
TAATTCCCAACCGTGA-1,G2M,G1,,0.9517622,6400.0
TAATTCCCAACGGCTA-1,G2M,G1,,0.96387386,6637.0
TAATTCCCACCTCGTG-1,G1,G1,early,0.07112471,408.0
TAATTCCCACTATCCA-1,S,G1,,0.88231623,4147.0
TACAACTAGGTGCAGA-1,G2M,G1,,0.9681453,6696.0
TACAAGCCAAAGGTAG-1,S,G1,,0.2761426,2847.0
TACAAGCCAATCCTAT-1,G1,G1,late,0.08769181,648.0
TACAAGCCATCGGTTC-1,G2M,G2M,,0.97664124,6819.0
TACAAGCCATTACGTT-1,G1,G1,late,0.07604984,475.0
TACAAGGGTCTCCAGA-1,G1,G1,late,0.18733999,2362.0
TACAATGCAAATCCAA-1,G2M,G1,,0.9446332,6198.0
TACAATGCAAGCTCTC-1,G1,S,late,0.24500111,2815.0
TACAATGCAATCTATC-1,G2M,G1,,0.9912387,6885.0
TACAATGCAGTAATCA-1,G1,G1,late,0.09580347,781.0
TACACAACAACGGCAC-1,G1,G1,early,0.03943713,67.0
TACACAACAACGGGTC-1,G1,G1,late,0.14474869,1650.0
TACACAACAAGCCTGA-1,G2M,G1,,0.90085167,4571.0
TACACAACACCTCAAC-1,G1,S,late,0.16972096,2073.0
TACACAACACTCATAT-1,S,G1,,0.83737314,3486.0
TACACCGGTAAGTTCC-1,G1,G1,late,0.17382875,2145.0
TACACCGGTCATCCCT-1,S,G2M,,0.8995106,4539.0
TACACCGGTTGACCGC-1,S,G1,,0.42433256,2964.0
TACACCTTCACAGCTA-1,G1,G1,early,0.023655433,13.0
TACACTAGTGGGTTGG-1,S,G1,,0.8798592,4081.0
TACACTAGTTCCAGGC-1,G1,G1,early,0.16686007,2029.0
TACACTTCACATGCTC-1,G1,G1,late,0.1700796,2081.0
TACAGATTCATGAGCC-1,S,G1,,0.8908994,4334.0
TACAGATTCGCTATGA-1,G1,G1,late,0.04465925,108.0
TACAGCCAGGAGTCGA-1,S,G1,,0.41339496,2953.0
TACAGCCAGTAGTCCA-1,G2M,G2M,,0.95075047,6376.0
TACAGCGCAAATGGGA-1,S,G2M,,0.9121565,4933.0
TACAGCGCAAGTATCA-1,S,G1,,0.7149714,3206.0
TACAGCGCAGTTAGCG-1,G1,G1,late,0.16846293,2056.0
TACAGGTCAAATTCCT-1,S,S,,0.36602992,2905.0
TACAGTTAGGTACGAG-1,G2M,G1,,0.9197255,5166.0
TACATAGCAATCAGGT-1,G2M,S,,0.9522889,6413.0
TACATCAGTTAGTTGC-1,G2M,G2M,,0.9607733,6577.0
TACATCCTCATATAGC-1,G1,G1,late,0.20453858,2565.0
TACATCCTCCACCAGG-1,G2M,G1,,0.9392686,5987.0
TACATGACAAATCGTA-1,S,G2M,,0.75538915,3255.0
TACATGACAAGTTACA-1,G2M,G1,,0.9391412,5983.0
TACATGACAATCATAG-1,G1,G1,late,0.12020178,1238.0
TACATTCCATGAAGCT-1,S,S,,0.85854006,3674.0
TACCAAGTCCAGGCCA-1,S,S,,0.88213825,4142.0
TACCAATAGGATCTAT-1,G1,G1,late,0.18431766,2311.0
TACCAATAGTTGCATG-1,G1,G1,early,0.105458245,953.0
TACCACAAGCGCTACG-1,S,S,,0.82939166,3445.0
TACCACGGTATGGCCC-1,G2M,G1,,0.9150552,5011.0
TACCACGGTGGAGCAT-1,G1,G1,late,0.13859104,1537.0
TACCACGGTTCCCAGA-1,S,S,,0.83864486,3497.0
TACCACGGTTCGCGTA-1,G1,G1,early,0.16356415,1967.0
TACCAGGCAAGCGCAC-1,G2M,G1,,0.8676962,3822.0
TACCAGGCATAAGTGC-1,G1,G1,late,0.20740858,2597.0
TACCAGGCATCCTACA-1,S,G1,,0.76464516,3273.0
TACCATAGTTGGCTGC-1,G2M,G1,,0.83783495,3492.0
TACCATTCAATATGTG-1,G2M,S,,0.936166,5839.0
TACCATTCACCATGTC-1,G2M,G1,,0.9628364,6609.0
TACCATTCATAACGGT-1,G1,G1,late,0.12565881,1336.0
TACCATTCATAGGTAC-1,G1,G1,late,0.10538775,952.0
TACCCAAAGGCGTTAC-1,S,G2M,,0.892615,4376.0
TACCCAAAGGCTCTCC-1,G2M,G2M,,0.933111,5715.0
TACCCAGGTAAGCGGT-1,G2M,G2M,,0.9153341,5023.0
TACCCAGGTAAGCTAG-1,G1,G1,early,0.058377154,248.0
TACCCAGGTGAGCCAG-1,G1,G1,late,0.1720642,2115.0
TACCCCATCCATCGAA-1,G1,G1,late,0.088895075,668.0
TACCCCATCCGGTTCC-1,S,G1,,0.8611675,3718.0
TACCCCATCGATGTAT-1,G1,G1,late,0.13082342,1426.0
TACCCCATCGTTACAG-1,G1,G1,late,0.07272057,433.0
TACCCCTGTCAACTCG-1,G1,G1,early,0.039598532,70.0
TACCCCTGTGAGGTTA-1,S,S,,0.9371426,5893.0
TACCCTTAGATAGGAC-1,G1,G1,late,0.11779966,1188.0
TACCCTTAGCCTGCCT-1,G2M,S,,0.9112007,4904.0
TACCGACAGGCGTCTG-1,S,G2M,,0.94748557,6282.0
TACCGCCTCAGGCAAG-1,G1,G1,late,0.049917225,156.0
TACCGCCTCCATCGCC-1,G1,S,early,0.07504436,464.0
TACCGGACAAACCACG-1,S,G1,,0.87270594,3926.0
TACCGGACAAGCCAGC-1,G1,G1,late,0.17606242,2180.0
TACCGTCCACTAGCCT-1,G2M,G2M,,0.95496184,6469.0
TACCTAAGTAGTCCAT-1,S,S,,0.5042284,3026.0
TACCTAAGTCATCGGC-1,G1,G1,late,0.11359601,1097.0
TACCTAAGTTCGATGT-1,G2M,G2M,,0.9112497,4906.0
TACCTAGAGCAGTTCA-1,G1,G1,late,0.17334007,2139.0
TACCTAGAGTAAGGTA-1,S,G1,,0.6232365,3132.0
TACCTAGAGTCGAGGA-1,S,G1,,0.8954206,4444.0
TACCTCACAACTAGGT-1,G1,G1,early,0.085322075,617.0
TACCTCCGTTGGAGAC-1,S,G1,,0.91933954,5154.0
TACCTGTTCCAGATAT-1,G1,G1,early,0.052225858,187.0
TACCTGTTCGAACCGT-1,S,G1,,0.32181358,2878.0
TACCTGTTCGTGCGAT-1,G1,G1,late,0.17393562,2146.0
TACGAACCAATGCCAG-1,G1,G1,late,0.055266652,206.0
TACGAAGGTCTGGGCT-1,S,G1,,0.85569495,3640.0
TACGAAGGTTGAGGCG-1,G1,G1,late,0.1165589,1165.0
TACGAGGAGATAGGAC-1,S,,,0.9057761,4740.0
TACGAGTCAAACTGCG-1,G1,G1,late,0.111297,1063.0
TACGAGTCAAAGGATG-1,S,G1,,0.95414174,6453.0
TACGAGTCACCTTACA-1,G2M,G2M,,0.9201454,5176.0
TACGAGTCACTCGGAA-1,S,G1,,0.39894274,2936.0
TACGATTAGCATATAC-1,G2M,S,,0.8692067,3840.0
TACGATTAGCGGATCT-1,G2M,G1,,0.9465319,6256.0
TACGATTAGGTTCGCG-1,G2M,G1,,0.9218618,5243.0
TACGATTAGTTAGTGT-1,S,S,,0.8869952,4247.0
TACGCAATCGTGCAAC-1,G2M,G2M,,0.9354748,5803.0
TACGCATGTTTGCGTG-1,G2M,G2M,,0.92366713,5309.0
TACGCCCTCCTGACTT-1,G2M,G1,,0.9251895,5364.0
TACGCCTCACAACCTC-1,G1,G1,early,0.15265895,1782.0
TACGCCTCACCAACTC-1,G1,G1,early,0.1534451,1795.0
TACGCTAAGGGCTTCG-1,G1,G1,late,0.15137108,1755.0
TACGCTGGTTTAGCAC-1,G2M,G1,,0.8460592,3547.0
TACGGGCCAGTTGGTG-1,G1,G1,early,0.0786882,525.0
TACGGGCCATGGTTGG-1,S,G2M,,0.94369185,6164.0
TACGTAGTCGCGCTAG-1,S,G1,,0.5594333,3072.0
TACGTCAAGGCGCTAT-1,G1,G1,late,0.09534681,773.0
TACGTCAAGTCATTGG-1,G1,G1,late,0.20941414,2611.0
TACTACCTCAATCACG-1,S,G2M,,0.92446464,5341.0
TACTACCTCCATATCC-1,G2M,G1,,0.9243852,5339.0
TACTACCTCGATTAAC-1,S,G1,,0.92812353,5491.0
TACTACTCAAGGTGCC-1,G2M,G2M,,0.9351944,5795.0
TACTACTCAAGTCGGC-1,G2M,G1,,0.9254314,5375.0
TACTACTCATCGACCT-1,G2M,G1,,0.94476825,6203.0
TACTCATCAGGCTAAT-1,G1,G1,early,0.049319103,150.0
TACTCATCATGGTTGG-1,G1,G1,late,0.21626812,2674.0
TACTCCACAATACCTT-1,G2M,,,0.9714125,6757.0
TACTCCACAGGTTACG-1,G2M,G1,,0.92671,5422.0
TACTCCACATAGACGT-1,G2M,G1,,0.9200916,5174.0
TACTCCACATGGAGCC-1,G1,G1,early,0.09089175,697.0
TACTGATAGCGATACC-1,S,S,,0.82774955,3439.0
TACTGCAAGCTTAGGC-1,G2M,G1,,0.93567616,5811.0
TACTGCAAGGTAGCAG-1,G1,G1,late,0.10559266,959.0
TACTGCAAGTAGCTGC-1,G2M,G2M,,0.98085344,6850.0
TACTGCAAGTGGGTAG-1,G1,G1,late,0.273955,2845.0
TACTGGATCACTAGGC-1,G2M,G1,,0.9638029,6635.0
TACTGGATCCCAATGA-1,G2M,G1,,0.9032611,4644.0
TACTGGATCCCGCACT-1,G1,G1,early,0.02650673,21.0
TACTGTGAGAAGCGTG-1,S,G1,,0.7706252,3286.0
TACTGTGAGCATTCGA-1,G1,G1,late,0.16989183,2078.0
TACTGTTCACAAGGTT-1,G2M,G1,,0.9377518,5921.0
TACTGTTCACTATACT-1,G1,G1,early,0.09040871,691.0
TACTGTTCATTAATCC-1,G2M,G1,,0.93003523,5582.0
TACTTCATCACGCAGT-1,S,G2M,,0.883417,4175.0
TACTTCATCGAATGAA-1,S,G1,,0.54494315,3056.0
TAGCAAGGTGCAGGTG-1,G1,G1,late,0.25469664,2831.0
TAGCACGCAAAGGCCC-1,G2M,G1,,0.9348428,5783.0
TAGCAGTCAGGTTCCT-1,G2M,G2M,,0.96282464,6608.0
TAGCATTAGATTAACC-1,G1,G1,late,0.12221454,1268.0
TAGCATTAGTAGCTCA-1,S,G1,,0.82904255,3443.0
TAGCCAATCAATGGCC-1,S,G1,,0.8952046,4437.0
TAGCCAATCACAGGAG-1,G2M,G2M,,0.9450302,6213.0
TAGCCAATCGCGCTGA-1,G1,G1,late,0.09889683,825.0
TAGCCAATCTGGGCAT-1,S,S,,0.8706274,3881.0
TAGCCAGCAATCTGGG-1,G1,S,early,0.07291337,434.0
TAGCCAGCATAAGGTC-1,S,G1,,0.595733,3107.0
TAGCCCAGTTATCCGG-1,G2M,G1,,0.9273329,5457.0
TAGCCCAGTTGTGAAG-1,G1,G1,late,0.12223452,1269.0
TAGCCCTCAAGTGGCC-1,G1,G1,early,0.052607838,190.0
TAGCCCTCACCATGCT-1,G1,G1,early,0.12192306,1263.0
TAGCCCTCACCTGCTG-1,G1,G1,late,0.29958692,2860.0
TAGCCCTCAGGTAGTT-1,S,S,,0.86799794,3826.0
TAGCCTGGTAAGCGTA-1,S,G1,,0.8886823,4275.0
TAGCCTGGTGAAGCGT-1,G1,G1,late,0.18845822,2377.0
TAGCGAAGTGAGTCGG-1,S,S,,0.8924047,4372.0
TAGCGAAGTTCGCAAT-1,S,G1,,0.8788027,4055.0
TAGCGGTTCACCTCTG-1,G2M,G2M,,0.94055295,6036.0
TAGCGGTTCACTCCTG-1,G1,G1,early,0.08936679,673.0
TAGCGGTTCCATGCTT-1,S,G1,,0.8696968,3851.0
TAGCTCAAGTAATCCG-1,G1,G1,early,0.09962202,839.0
TAGCTCAAGTTACGAT-1,G2M,S,,0.9481423,6304.0
TAGCTCCCAGCTCAGA-1,G2M,G2M,,0.86038315,3706.0
TAGCTCCCATCCTGGT-1,S,S,,0.816149,3396.0
TAGCTGATCGCATAGC-1,G1,G1,late,0.19385979,2446.0
TAGCTGATCGCGAATC-1,G1,G1,late,0.07915557,530.0
TAGGACTCAACATCAA-1,S,G1,,0.86055577,3709.0
TAGGACTCAATCAGCG-1,G2M,G2M,,0.97076875,6742.0
TAGGACTCATAAGGCT-1,S,S,,0.87882423,4056.0
TAGGACTCATCGCTGT-1,S,S,,0.8959305,4456.0
TAGGAGTAGATTCGTG-1,G1,G1,early,0.07463892,460.0
TAGGAGTAGCCAGACT-1,G1,G1,late,0.14101698,1576.0
TAGGAGTAGGATGACG-1,S,G1,,0.30394512,2868.0
TAGGATGGTAGGTTAG-1,G1,G1,late,0.102863766,895.0
TAGGATGGTCTGGCGT-1,G2M,G2M,,0.9476687,6288.0
TAGGATGGTGAGGTAC-1,G1,S,late,0.12123891,1250.0
TAGGATGGTTCGGGCT-1,G2M,G1,,0.98218143,6856.0
TAGGCAAGTATGGACA-1,G1,S,early,0.089405514,674.0
TAGGCCACAAGTGAGA-1,G2M,G1,,0.9408514,6053.0
TAGGCCACAATTGACA-1,G2M,S,,0.9215726,5228.0
TAGGCCACAGGCTAAT-1,S,G1,,0.87167364,3904.0
TAGGCGAAGCTAAGTT-1,S,G2M,,0.9001791,4558.0
TAGGCGAAGGATTGGG-1,G1,G1,late,0.11169086,1069.0
TAGGCGAAGTCAGTCA-1,S,G2M,,0.93132097,5629.0
TAGGCTGCAAGCATAC-1,S,G2M,,0.870809,3885.0
TAGGCTGCAAGCCGGT-1,S,G1,,0.9206128,5192.0
TAGGCTTGTGAGACCG-1,S,G1,,0.795348,3336.0
TAGGCTTGTGAGACGT-1,S,S,,0.4652949,3001.0
TAGGCTTGTTAGCAAG-1,S,G1,,0.8629365,3746.0
TAGGGGATCCAGCGTG-1,G1,G1,late,0.15951462,1902.0
TAGGGTAGTAAGTCCT-1,S,G1,,0.7139545,3204.0
TAGGGTAGTGGCTCTA-1,G2M,G2M,,0.9182612,5119.0
TAGGGTGAGTAAGTAG-1,G1,S,late,0.40361968,2943.0
TAGGGTTCAATATCCT-1,S,G1,,0.84431475,3534.0
TAGGTAGGTGAGTGCG-1,S,G2M,,0.9181151,5108.0
TAGGTAGGTGGCGACA-1,G1,G1,late,0.110872574,1055.0
TAGGTAGGTTAGGGAC-1,S,S,,0.8880588,4267.0
TAGGTAGGTTATCAGC-1,S,G1,,0.87258387,3922.0
TAGGTAGGTTATCCTT-1,G1,G1,late,0.055482563,209.0
TAGGTAGGTTCGAGCC-1,S,S,,0.7008471,3193.0
TAGGTCATCCACGGAT-1,S,G1,,0.77219415,3291.0
TAGGTCATCCTGTCTG-1,G2M,G1,,0.9015218,4596.0
TAGGTCATCGCATTGA-1,G1,G1,late,0.11558789,1141.0
TAGGTGAGTCTGGTCA-1,G1,S,late,0.18043502,2254.0
TAGGTGGAGCGAACCT-1,G1,G1,late,0.24022368,2800.0
TAGGTGGAGGCGCATT-1,G1,G1,late,0.1999967,2521.0
TAGGTGGAGGGCAGAC-1,G2M,S,,0.9239933,5325.0
TAGGTGGAGTATGTCG-1,G1,G1,late,0.07695686,499.0
TAGGTTTAGTAGTCGC-1,S,G1,,0.72688323,3218.0
TAGTACCGTCATCACG-1,G2M,G2M,,0.9029173,4635.0
TAGTACCGTTAAGGTG-1,S,G2M,,0.8293203,3444.0
TAGTAGCCAATACCGG-1,G2M,G1,,0.9405938,6040.0
TAGTCAACAAGCGAGG-1,G2M,G1,,0.9552303,6473.0
TAGTCCCCAACGTGAT-1,G2M,S,,0.9708784,6746.0
TAGTCCCCAGGAACGG-1,S,G1,,0.30593193,2869.0
TAGTCCCCATGGTCCT-1,G2M,G1,,0.90530723,4717.0
TAGTCCTTCACGCCTC-1,G2M,S,,0.95323575,6431.0
TAGTCCTTCATCTCAC-1,S,G2M,,0.9362075,5843.0
TAGTCCTTCATGTCCT-1,G1,G1,early,0.1209008,1245.0
TAGTCCTTCGCTTCGC-1,G1,G1,early,0.12913561,1398.0
TAGTGAGGTTAAGTCC-1,S,G1,,0.92726743,5454.0
TAGTGAGGTTAGAGCA-1,S,G1,,0.88344467,4176.0
TAGTGGCTCCTCATTA-1,G2M,G1,,0.9167506,5070.0
TAGTGGGAGGTCCACG-1,G1,G1,late,0.15680493,1849.0
TAGTGTTAGCCTGGAT-1,G1,G1,late,0.33606666,2883.0
TAGTTAGCAACCGCAA-1,G2M,G2M,,0.9501117,6356.0
TAGTTAGCATAGAGTC-1,G2M,G2M,,0.9394159,5995.0
TAGTTCTCAGTAAGCT-1,G1,G2M,early,0.11648071,1161.0
TAGTTTCCAAATCACA-1,G1,G1,late,0.12423046,1313.0
TAGTTTCCAATCATAG-1,S,G1,,0.8703583,3871.0
TAGTTTCCAATGACGT-1,G1,G1,late,0.16592242,2006.0
TAGTTTCCAGGATCTG-1,G1,G1,late,0.10446164,922.0
TATACAGCACTAGGAT-1,G1,G2M,late,0.13150045,1439.0
TATACAGCATAGACCG-1,G1,G1,late,0.102642424,891.0
TATACAGCATCGGGAC-1,S,G1,,0.7902133,3326.0
TATACCTCATGGTTCC-1,S,S,,0.81562364,3393.0
TATACTGGTATTGGTC-1,S,S,,0.8438224,3529.0
TATACTGGTTAAGGAT-1,G1,G1,late,0.1510723,1753.0
TATACTGGTTGGATGA-1,G1,G1,late,0.043307185,99.0
TATAGGGGTGAAGGTC-1,G1,G1,late,0.23901774,2796.0
TATAGGGGTTTAGCCG-1,G2M,G2M,,0.9505816,6372.0
TATAGGTTCCCTCGGT-1,G1,G1,late,0.05908461,253.0
TATAGGTTCGTCTCGC-1,G1,G1,late,0.20922433,2608.0
TATAGTCAGGGGTCAA-1,S,G1,,0.7578971,3263.0
TATAGTCAGTTAGAGA-1,G1,G1,late,0.22386625,2739.0
TATATCCCAAATCGTA-1,G1,G1,early,0.08757802,647.0
TATATCCCAGGATCAT-1,G2M,G1,,0.9457175,6239.0
TATATCCCAGGGACGA-1,S,G1,,0.93865037,5957.0
TATATCCCAGTTGGTG-1,G1,G1,late,0.22918348,2765.0
TATCACCTCACTTGGA-1,G1,S,early,0.09145162,712.0
TATCACCTCGCTTGGG-1,G2M,S,,0.9400358,6017.0
TATCAGGTCCTTCACG-1,S,G1,,0.9186432,5137.0
TATCAGGTCTGGCCGA-1,G1,G1,early,0.060025726,266.0
TATCAGTAGGCGTAAG-1,S,G2M,,0.9039448,4666.0
TATCAGTAGGCGTCTG-1,S,S,,0.904305,4682.0
TATCAGTAGGTTGGGA-1,S,G1,,0.9119866,4929.0
TATCATGGTCAGTATC-1,G2M,G1,,0.95566934,6483.0
TATCCAAGTAATCGAG-1,S,G2M,,0.9259005,5392.0
TATCCATCAACGGTCA-1,S,G2M,,0.89441395,4418.0
TATCCATCAAGTAAGG-1,G1,G1,late,0.10272148,892.0
TATCCCACACAAGCCA-1,G2M,S,,0.90873295,4831.0
TATCCCACATTCAGCC-1,S,G2M,,0.9185422,5133.0
TATCCGCCACCTAACC-1,G2M,G1,,0.9338259,5746.0
TATCCGGGTTAGCGTT-1,G2M,G1,,0.8805842,4105.0
TATCCGTTCAGGCATC-1,G1,G1,late,0.176907,2193.0
TATCCGTTCGCGCGTA-1,G1,G1,late,0.10601421,968.0
TATCCGTTCTGTCAAG-1,G1,G1,late,0.20289056,2549.0
TATCCTTGTTAGTTCA-1,G1,G1,early,0.05957061,262.0
TATCGAACAAATGGGA-1,S,G1,,0.88167334,4133.0
TATCGAACACTTGAGG-1,S,G1,,0.9030541,4639.0
TATCGCTTCACTTCAC-1,G2M,G2M,,0.94410115,6177.0
TATCGGGCAAACCATA-1,G1,G1,late,0.15005356,1728.0
TATCGGGCATCCACAC-1,G2M,G1,,0.96881163,6704.0
TATCGTTCAGGAACCC-1,G2M,G1,,0.9449856,6212.0
TATCTCATCCCATATC-1,G1,G1,late,0.21734539,2686.0
TATCTCATCCGCCTAC-1,G1,G1,late,0.1611374,1939.0
TATCTCATCGATTACG-1,G1,G1,late,0.1792244,2233.0
TATCTGCTCACGTAGC-1,G1,G1,late,0.106763646,981.0
TATCTTGTCCACCTGC-1,G1,G1,early,0.1730192,2132.0
TATGACTAGCGGCATT-1,G1,G1,late,0.15414178,1812.0
TATGACTAGGGCCATT-1,G1,G1,late,0.023290398,12.0
TATGAGAAGCATCTAG-1,S,G1,,0.4440567,2983.0
TATGAGAAGCCCTGCT-1,G2M,G2M,,0.9196469,5164.0
TATGAGGGTTGTCTCC-1,S,G1,,0.6228435,3130.0
TATGATGCACAGCACA-1,S,G1,,0.8916795,4352.0
TATGATGCACTCAGGA-1,G1,G1,early,0.061981928,289.0
TATGCCCCAAAGGGAC-1,G1,G1,late,0.06837268,365.0
TATGCCCCATTAGGGT-1,G2M,S,,0.94601667,6248.0
TATGCTAGTGATGGTA-1,S,S,,0.88284993,4160.0
TATGCTAGTTATCTGA-1,G1,G1,late,0.13125496,1436.0
TATGCTAGTTGCTCGA-1,G1,G1,early,0.08878834,667.0
TATGGCCAGTTGGTCA-1,G2M,S,,0.91387564,4981.0
TATGGCGCAACCAGTG-1,G1,G1,late,0.14402527,1626.0
TATGGCGCAACTACTT-1,G2M,G1,,0.8329059,3459.0
TATGGCTGTCTAACCG-1,G2M,G1,,0.928416,5503.0
TATGGCTGTGAGTCCC-1,G1,G1,late,0.13887136,1542.0
TATGGCTGTTTAGCAC-1,G1,G1,late,0.15970977,1909.0
TATGGGTCAAACTGTA-1,G1,G1,late,0.20832786,2603.0
TATGGGTCAAATGGCT-1,G1,G1,late,0.099469885,834.0
TATGGGTCAATCCCTA-1,G1,G1,late,0.12947635,1404.0
TATGGGTCATTACGCC-1,G1,G1,early,0.038568527,62.0
TATGGTTAGGATGCGA-1,G2M,S,,0.9379562,5931.0
TATGTCAGTTAGCAGA-1,S,G1,,0.93356013,5736.0
TATGTTGGTTAAGGGC-1,G2M,G2M,,0.9093548,4850.0
TATGTTGGTTAATCCA-1,S,S,,0.88407487,4188.0
TATGTTGGTTCCGCAA-1,S,S,,0.871144,3890.0
TATGTTGGTTGCACCA-1,G2M,G1,,0.93279797,5694.0
TCAAACTAGCCTGTAA-1,S,G1,,0.78648525,3315.0
TCAAACTAGCGCTATA-1,G2M,G2M,,0.92363083,5308.0
TCAAACTAGGCTTACA-1,G1,G1,early,0.04738538,133.0
TCAAACTAGTGAGAGT-1,G1,G1,late,0.12840846,1388.0
TCAAAGCCAATACGGT-1,S,G2M,,0.8753486,3988.0
TCAAAGCCAGGTAATC-1,G2M,G2M,,0.9624504,6604.0
TCAAAGCCATCCCGTG-1,G1,G1,late,0.19422531,2451.0
TCAAATGCATCACTTG-1,G2M,G2M,,0.99081045,6883.0
TCAACATAGATTAGTC-1,S,G1,,0.44720587,2986.0
TCAACATAGCAAGCCT-1,G2M,S,,0.969284,6716.0
TCAACATAGGAGGCTA-1,G1,G1,late,0.10698376,985.0
TCAACATAGGATGGAT-1,G1,G1,late,0.25431737,2830.0
TCAACATAGGCACATC-1,G1,G1,early,0.11757265,1182.0
TCAACATAGTACGCCG-1,G2M,G2M,,0.9277391,5473.0
TCAACCAAGCCGATAC-1,S,G1,,0.9273778,5460.0
TCAACCAAGCGGAGTA-1,G1,G1,early,0.039942414,74.0
TCAACCAAGTCATGTG-1,S,G1,,0.84500027,3539.0
TCAACTGAGGATGGAT-1,G1,G1,late,0.14438689,1637.0
TCAATCCTCCACCATT-1,G1,G1,early,0.115371674,1137.0
TCAATCCTCCACCTCA-1,G2M,G2M,,0.9640095,6640.0
TCAATCCTCCTGATTC-1,G1,G1,late,0.0985745,815.0
TCAATCTCATGAAGCT-1,G1,G2M,late,0.09453409,759.0
TCAATGGTCAGTACCA-1,G2M,G1,,0.9648975,6659.0
TCAATGGTCATGCGTA-1,G2M,G1,,0.9012238,4583.0
TCAATTGGTTTGCAGT-1,S,G1,,0.60199225,3111.0
TCACAATAGGGTATGG-1,G1,G1,late,0.12716731,1363.0
TCACACAAGAACCATT-1,S,G1,,0.90718114,4783.0
TCACACAAGCAAGCCT-1,G2M,G1,,0.947913,6298.0
TCACACAAGCTGGCTG-1,G2M,S,,0.7515273,3249.0
TCACACAAGGGCTCAT-1,G1,G1,late,0.1743929,2155.0
TCACACCCAACTTAGA-1,S,S,,0.8822347,4145.0
TCACACCCAATCCTTG-1,S,G1,,0.7091369,3202.0
TCACACCCATAGGTCG-1,G2M,G2M,,0.94017607,6020.0
TCACACCCATCGACCT-1,S,G1,,0.5693916,3084.0
TCACACCCATTGGCAG-1,G1,G1,early,0.11828559,1200.0
TCACACGGTGAACCAA-1,G2M,G1,,0.940798,6052.0
TCACATAGTAAGCATG-1,S,S,,0.90512276,4713.0
TCACATAGTCTTGCGA-1,G1,G1,late,0.1078485,1003.0
TCACATTCAACTGGAT-1,G2M,G1,,0.91394264,4985.0
TCACATTCATGCTTCA-1,S,G1,,0.92060053,5191.0
TCACCAAAGGAGCTTC-1,G2M,G2M,,0.95126283,6388.0
TCACCAAAGGTTCGCG-1,G2M,G1,,0.95523286,6474.0
TCACCAAAGTCAGGTC-1,G2M,G1,,0.63755256,3144.0
TCACCAAAGTTGCATG-1,G1,G1,late,0.115873195,1149.0
TCACCATTCGTACCTT-1,G2M,S,,0.91276294,4953.0
TCACCATTCTGTCATC-1,S,G1,,0.77595216,3299.0
TCACCCGCAATCGAGT-1,G1,G1,late,0.15724823,1855.0
TCACCCGCATGAGTGT-1,G2M,G2M,,0.9326894,5688.0
TCACCCTGTCAGTATC-1,G2M,G1,,0.98055536,6848.0
TCACCGCTCCGGTAAC-1,G1,G1,early,0.12775582,1376.0
TCACGACAGGAACCTC-1,G1,G1,late,0.16997638,2079.0
TCACGACAGGCTATAT-1,G2M,G1,,0.89992225,4551.0
TCACGACAGGGGTTGA-1,G1,G1,late,0.106276885,976.0
TCACGACAGTCGACGT-1,G1,G1,early,0.050323125,161.0
TCACGATGTGAGGCAT-1,S,G1,,0.6681067,3164.0
TCACGCCTCATCAGGC-1,G1,G1,early,0.10636296,977.0
TCACGCCTCATGCGTA-1,G2M,G2M,,0.91798085,5105.0
TCACGCCTCTAGTTCC-1,G1,G1,early,0.05565026,212.0
TCACGCCTCTATGCTC-1,G1,G1,early,0.06711838,348.0
TCACGGACAACCTTCA-1,G2M,G1,,0.96638983,6680.0
TCACGGACACCTGGAA-1,S,G2M,,0.8632417,3751.0
TCACGGACACTTGACC-1,G1,G1,late,0.25772783,2836.0
TCACGGACATGGCGAC-1,S,S,,0.87930834,4066.0
TCACGGACATTCGCTA-1,G2M,G1,,0.8946834,4423.0
TCACGTCCATAGGGCC-1,G1,G1,early,0.12215359,1264.0
TCACGTCCATCACACC-1,G1,G1,late,0.06724281,350.0
TCACGTCCATGGCGTA-1,G2M,G2M,,0.9033187,4647.0
TCACGTTTCCATTCCG-1,S,G1,,0.891628,4350.0
TCACGTTTCTCATCCG-1,G2M,G1,,0.87076193,3883.0
TCACTCACAAGCCATG-1,G2M,G2M,,0.92988986,5569.0
TCACTCCGTAAGCTCT-1,G2M,G1,,0.9465485,6258.0
TCACTCCGTAATGCTC-1,G2M,G1,,0.96958655,6724.0
TCACTCCGTAATGGAT-1,S,S,,0.8548519,3628.0
TCACTGTTCTCACAGA-1,G2M,G1,,0.89499754,4433.0
TCACTTATCACAGAGG-1,S,G1,,0.93052715,5598.0
TCACTTATCACGTGTA-1,G1,S,late,0.11714994,1172.0
TCACTTATCATATAGC-1,G2M,G1,,0.95945096,6554.0
TCACTTATCATGCCGG-1,G1,G1,late,0.20475318,2568.0
TCACTTATCGATTGAT-1,S,S,,0.8964192,4465.0
TCACTTGCAACCTCGT-1,S,S,,0.9024526,4621.0
TCACTTGCAATCTCGC-1,G1,G1,early,0.08093068,553.0
TCAGAGGAGTAGTCCA-1,G1,G1,late,0.16909596,2066.0
TCAGATTAGCGGGTAA-1,G2M,S,,0.9455904,6235.0
TCAGATTAGTGCTGAC-1,S,G1,,0.88442105,4196.0
TCAGCAATCCACCTAT-1,G1,S,late,0.05219722,186.0
TCAGCAATCCATTGCT-1,G1,G1,early,0.08872514,665.0
TCAGCATGTGCGTGTC-1,G1,G1,late,0.18732421,2360.0
TCAGCCAGTAACGATG-1,G2M,G1,,0.92016095,5177.0
TCAGCCAGTAAGCCAA-1,G1,G1,late,0.22132161,2725.0
TCAGCCAGTTAGACAG-1,G2M,G1,,0.90413153,4674.0
TCAGCTAAGCCTGCGA-1,G1,G1,late,0.12638475,1352.0
TCAGCTGGTATGGAGC-1,G1,G1,late,0.11884182,1215.0
TCAGGTCAGATACTAC-1,G1,G1,early,0.07647126,484.0
TCAGGTCAGCGCATTA-1,G1,G1,late,0.15954944,1903.0
TCAGTAACAACGTTAA-1,G1,G1,late,0.042389188,97.0
TCAGTAACACCTTAAT-1,S,S,,0.8042281,3359.0
TCAGTAACATGAAGCT-1,G1,G1,late,0.16862094,2059.0
TCAGTAGTCAATCTCC-1,G1,S,late,0.16728875,2036.0
TCAGTAGTCAGGTTGC-1,G1,G1,late,0.1657459,2003.0
TCAGTATAGTGCTCAA-1,G1,S,early,0.0067872056,2.0
TCAGTCAAGCATGATT-1,G2M,G2M,,0.92890763,5524.0
TCAGTCAAGCGGTACT-1,S,G2M,,0.8531792,3612.0
TCAGTTAGTGAGGTAC-1,G1,G1,late,0.12665541,1354.0
TCAGTTAGTTAGTACC-1,S,S,,0.8273941,3436.0
TCAGTTGAGGATGCAG-1,G1,G1,late,0.12826478,1386.0
TCATAACAGCCTGAGT-1,G2M,G1,,0.9402203,6023.0
TCATAACAGGTGGCTT-1,G1,G1,late,0.23230523,2775.0
TCATAGGTCATCGAGC-1,G1,G1,early,0.09312571,741.0
TCATAGGTCGTACCTT-1,S,G1,,0.42857882,2970.0
TCATATGGTATAGCTC-1,S,G1,,0.9178729,5103.0
TCATATGGTGCGGTAG-1,G2M,G2M,,0.96335876,6623.0
TCATCAAGTAAGTTGG-1,S,G1,,0.5499045,3061.0
TCATCAAGTAGCCTGC-1,G1,G1,late,0.09884565,823.0
TCATCAAGTTGGATTC-1,G1,G1,late,0.12286229,1279.0
TCATCATCAAGTCCAG-1,G1,G1,late,0.09939185,832.0
TCATCATCAAGTCCCT-1,G2M,G1,,0.6909718,3183.0
TCATCATCAGGTTCGA-1,G1,G1,late,0.14385454,1621.0
TCATCGAAGTCGCTAA-1,S,S,,0.85582817,3643.0
TCATCGCCAGCCTAAG-1,G2M,G2M,,0.92242295,5267.0
TCATCGCCATCCATTG-1,S,G1,,0.69456506,3187.0
TCATCGTTCACCTAAG-1,G2M,G1,,0.94894147,6333.0
TCATCGTTCACGCACG-1,G1,S,late,0.15085383,1748.0
TCATCGTTCATCTCTA-1,G1,G1,early,0.10263813,889.0
TCATCGTTCGCTAATG-1,G1,G1,late,0.0631642,298.0
TCATCGTTCTGTCTGT-1,S,G1,,0.83977896,3504.0
TCATCTATCAATCGGC-1,G1,G2M,late,0.15389293,1804.0
TCATCTATCGATTGAT-1,G1,G1,late,0.1712875,2104.0
TCATCTATCTATGCAG-1,G2M,S,,0.9602972,6570.0
TCATGCTTCGCTAATG-1,G1,G1,late,0.11857728,1208.0
TCATGGGCACTTGCCG-1,G1,G1,late,0.22799118,2762.0
TCATGGGCATAGGCTG-1,S,G2M,,0.9521914,6412.0
TCATGTGAGGATGCGA-1,S,G1,,0.5058568,3028.0
TCATGTGAGGCTACCG-1,G1,G1,late,0.072363555,427.0
TCATGTGAGGTTCGTA-1,G1,G1,late,0.072083324,419.0
TCATGTGAGTGAGACG-1,G1,G1,late,0.23076269,2770.0
TCATGTTCAATCGAGT-1,S,G2M,,0.8772495,4027.0
TCATTAGGTTCCTCGT-1,G2M,G1,,0.8704474,3873.0
TCATTAGGTTCGTAAC-1,G1,G1,early,0.046230506,122.0
TCATTCATCATGCTTC-1,G1,G1,late,0.1349217,1485.0
TCATTCATCCAGGTCG-1,G1,G1,early,0.10117364,873.0
TCATTCATCCATCGAA-1,G2M,G1,,0.8997128,4545.0
TCATTCATCCTCTACG-1,G1,G1,early,0.03859769,63.0
TCATTCATCTGGCCTC-1,G1,G1,early,0.060745683,279.0
TCATTCGCAACCGCTT-1,G1,G1,late,0.13659653,1510.0
TCATTCGCACAACGAT-1,G2M,S,,0.9419831,6101.0
TCATTGCTCCCGCTTA-1,G2M,S,,0.9314203,5636.0
TCATTGCTCCGCCTAC-1,G2M,G1,,0.9388412,5967.0
TCCAAAGTCCATCACT-1,G1,S,late,0.16736707,2039.0
TCCAAAGTCCTGCGAG-1,G2M,G2M,,0.9344185,5767.0
TCCAAAGTCTTGATCC-1,G2M,G2M,,0.94176203,6091.0
TCCAACCCAATCTACT-1,G1,G1,late,0.13480373,1483.0
TCCAACCCACTCAATT-1,S,G1,,0.9012622,4585.0
TCCAACTTCTGTGCTT-1,G2M,G1,,0.92199135,5248.0
TCCAATAGTGATTAGG-1,G1,G1,late,0.06890949,373.0
TCCAATAGTGCAACGG-1,G1,G1,late,0.059909977,263.0
TCCAATAGTTCCCTTA-1,G2M,G1,,0.9628549,6610.0
TCCAATAGTTGAGTTC-1,S,G2M,,0.8974514,4494.0
TCCAATAGTTGGGCCT-1,G2M,G1,,0.9400147,6016.0
TCCAATGAGAATCATC-1,G2M,S,,0.8770056,4022.0
TCCAATGAGATTCCTC-1,G1,G1,early,0.03198639,37.0
TCCAATGAGCGATGGA-1,S,G1,,0.62637347,3133.0
TCCAATGAGGTACGTC-1,G1,G1,late,0.15056184,1743.0
TCCAATTCAATTAGCA-1,G2M,G1,,0.9299122,5570.0
TCCACACCAACGTGAT-1,G2M,G1,,0.9066603,4768.0
TCCACACCAAGCATGT-1,G1,G1,late,0.30168274,2863.0
TCCACACCAAGCGTTG-1,G1,G1,late,0.19227934,2424.0
TCCACACCACATTCGC-1,G1,G1,early,0.119338095,1226.0
TCCACACCATCCCAGT-1,G1,G1,early,0.12215679,1265.0
TCCACACCATGGTATA-1,G1,G1,late,0.17884941,2224.0
TCCACACCATTCGCCG-1,S,S,,0.8554408,3639.0
TCCACATTCAGCATCA-1,G1,G1,late,0.18639085,2343.0
TCCACCTGTTGCTCAG-1,G1,G1,late,0.16570358,2002.0
TCCACTTAGGGTCCTG-1,G1,G1,late,0.213213,2646.0
TCCAGCTCACTTACTG-1,G2M,G1,,0.9235701,5306.0
TCCAGGCGTCAAGGGT-1,S,G1,,0.6271973,3134.0
TCCAGGCGTTTAATCG-1,G2M,G1,,0.87025326,3866.0
TCCAGGTAGCCATGCG-1,G1,G1,early,0.04388029,100.0
TCCAGTAAGCGAAGGC-1,G2M,G2M,,0.9556248,6482.0
TCCAGTTTCCTGCTGC-1,S,G1,,0.9181417,5111.0
TCCAGTTTCGACCTGG-1,G1,G1,late,0.054927796,205.0
TCCATAAGTAAGCGCG-1,G1,G1,late,0.0792912,533.0
TCCATAAGTGAAGCCG-1,G2M,G2M,,0.9220445,5250.0
TCCATCACAGGTAACT-1,G1,G1,late,0.07241877,430.0
TCCATGAAGTCATGGC-1,G2M,G2M,,0.9315288,5640.0
TCCATTATCATATAGC-1,G1,S,late,0.2886961,2854.0
TCCATTATCTGTGCCC-1,G2M,S,,0.9403893,6029.0
TCCATTCAGATTAGTC-1,G2M,G1,,0.92541665,5373.0
TCCATTCAGCCATTGA-1,G2M,G1,,0.91105133,4899.0
TCCATTCAGTCGATTG-1,G1,G1,late,0.18138224,2264.0
TCCATTGCAACTGTGG-1,G2M,G2M,,0.9779498,6825.0
TCCATTGCAAGTAGGA-1,G2M,G2M,,0.95103943,6383.0
TCCATTGCATCGCTGT-1,G1,G1,late,0.10777975,999.0
TCCATTGCATGCTTGC-1,G2M,G2M,,0.91545767,5025.0
TCCCAACCACTTGACC-1,G2M,G1,,0.9532684,6434.0
TCCCAAGGTAATGTGG-1,G2M,G1,,0.9272029,5446.0
TCCCAAGGTGCGAGAT-1,S,G1,,0.7817483,3311.0
TCCCAAGGTTCTGTAA-1,G2M,G2M,,0.95936877,6552.0
TCCCAAGGTTGTGCTG-1,S,S,,0.8977831,4498.0
TCCCAATTCAGTTGGC-1,G1,G1,early,0.0752832,471.0
TCCCAATTCGCGTCCT-1,G1,G1,early,0.057117175,232.0
TCCCAATTCTAGTCTC-1,G1,G1,early,0.04457087,106.0
TCCCAGCTCCGTTAAG-1,G2M,G1,,0.8791012,4059.0
TCCCAGCTCGTACCAA-1,G1,G1,late,0.20602848,2584.0
TCCCCAATCAATGTGT-1,S,G2M,,0.93478084,5780.0
TCCCCAATCCAGAGGA-1,S,G2M,,0.9149187,5009.0
TCCCCAATCCTGTGCC-1,G2M,S,,0.98582304,6867.0
TCCCCAATCGATGGGA-1,S,G2M,,0.9299352,5574.0
TCCCCAATCTAATGGT-1,G1,S,early,0.042341996,96.0
TCCCCAGCAAAGGTCT-1,G2M,G2M,,0.94683224,6262.0
TCCCCAGCAACATAGC-1,S,G1,,0.8343267,3469.0
TCCCCAGCAAGCACTG-1,G2M,G1,,0.9426543,6128.0
TCCCCAGCAAGTGTAC-1,G2M,G1,,0.9802412,6846.0
TCCCCAGCAGCACTAG-1,G1,G1,early,0.04228447,95.0
TCCCCAGCATCATCTG-1,G1,G1,late,0.13941526,1551.0
TCCCCTAAGCAGGTCT-1,G1,G1,late,0.09488228,764.0
TCCCCTAAGGGTCTCG-1,G1,S,late,0.14389564,1623.0
TCCCCTAAGGTAGGTG-1,S,S,,0.86092484,3714.0
TCCCCTAAGGTCCAAC-1,S,G1,,0.86866546,3833.0
TCCCCTGGTCAGCGGA-1,G1,S,late,0.21069877,2630.0
TCCCCTGGTGGACCCT-1,G1,G1,late,0.158836,1880.0
TCCCCTGGTGGGTAGT-1,G1,G1,late,0.29000297,2857.0
TCCCCTGGTTCGTAAC-1,G1,S,late,0.072708815,432.0
TCCCGAAGTCATTAGC-1,G1,G1,late,0.11232481,1074.0
TCCCGATCAAGCTTAA-1,G1,G1,late,0.17106545,2100.0
TCCCGTTGTGCGATCC-1,G1,G1,late,0.10327502,899.0
TCCCGTTGTTTCAGGT-1,G1,S,late,0.16812208,2046.0
TCCCTAACAACCTTCA-1,G1,G1,early,0.032160647,38.0
TCCCTAGTCATCATCC-1,G2M,G2M,,0.96553344,6668.0
TCCCTAGTCCTCGACC-1,G1,G1,early,0.056255832,218.0
TCCCTCAAGGGTCATC-1,G2M,G1,,0.94641453,6254.0
TCCCTGATCCATCTAC-1,G2M,G1,,0.9159476,5041.0
TCCCTGATCTTGACGA-1,S,G2M,,0.90930307,4848.0
TCCCTTAGTAGTCCCA-1,S,G1,,0.9038723,4665.0
TCCCTTGAGCATGCGT-1,G1,G1,late,0.101512164,880.0
TCCCTTGAGGATGATA-1,G1,G1,late,0.14234103,1601.0
TCCTAGAAGGGGTTGA-1,G1,G1,late,0.10178139,883.0
TCCTAGAAGGGTAGGC-1,G1,G1,early,0.046795297,126.0
TCCTATATCAGGCTTA-1,S,G2M,,0.9245788,5347.0
TCCTATATCATGAACT-1,S,S,,0.8224452,3417.0
TCCTATATCTAAGTCG-1,S,G2M,,0.9054417,4722.0
TCCTATTGTCAATCGT-1,G1,G1,late,0.18871234,2381.0
TCCTATTGTCATTGGT-1,G2M,S,,0.95019686,6359.0
TCCTATTGTGCGGATG-1,G2M,G2M,,0.9389591,5973.0
TCCTCAACAATCCATT-1,G1,G1,late,0.15916789,1888.0
TCCTCAACAGTTGGGC-1,S,G2M,,0.8649168,3775.0
TCCTCAACATCGCTAC-1,G1,G1,early,0.15186585,1766.0
TCCTCGATCATATAGC-1,S,S,,0.82057595,3409.0
TCCTCGATCATGCAAT-1,G1,G1,late,0.20624393,2586.0
TCCTCTTCAAGGTCAT-1,G2M,S,,0.8786571,4053.0
TCCTCTTCACATTAAG-1,G2M,G2M,,0.9237329,5316.0
TCCTCTTCATCGGTCT-1,G2M,S,,0.8311206,3449.0
TCCTGACCAATCAATG-1,G2M,G1,,0.9858977,6868.0
TCCTGACCATCGCTCG-1,G2M,G1,,0.92292726,5291.0
TCCTGCATCACTTCGT-1,G2M,G1,,0.95649326,6497.0
TCCTGCATCCAACTGA-1,G1,G1,late,0.21746475,2692.0
TCCTGGTCAATAGCAC-1,S,G1,,0.8919238,4357.0
TCCTTAATCACTGGTA-1,G1,G2M,late,0.11006402,1037.0
TCCTTAATCAGGAGTG-1,G1,G1,late,0.17291328,2129.0
TCCTTAATCCGCGTGA-1,G2M,G2M,,0.93462074,5776.0
TCCTTATGTAGGCGCA-1,G2M,G2M,,0.9316021,5646.0
TCCTTATGTTATCCGG-1,S,G2M,,0.9539243,6448.0
TCCTTATGTTTCCTTG-1,G2M,G1,,0.9718213,6763.0
TCCTTCTCAGTACCCT-1,G2M,G2M,,0.94497883,6211.0
TCCTTCTCATGATTGA-1,G1,G1,early,0.106229484,974.0
TCCTTGGTCCAGAGGA-1,G2M,G1,,0.8978901,4500.0
TCCTTTGGTTGGCTTG-1,G1,G1,early,0.021219254,7.0
TCGAATGTCCACGGCA-1,G2M,S,,0.8636938,3756.0
TCGAATGTCCTCGTGC-1,G1,G1,late,0.18330805,2296.0
TCGAATGTCCTTCGCA-1,G2M,G1,,0.77680075,3301.0
TCGAATGTCGCTCAGG-1,S,S,,0.887577,4256.0
TCGAATGTCTAAGCCA-1,S,G1,,0.8082241,3368.0
TCGAATTAGCTGAGAG-1,G1,G1,late,0.2118983,2640.0
TCGACACAGCGAGTCT-1,S,G1,,0.544715,3055.0
TCGACACAGCGCTCAG-1,G1,S,late,0.20736593,2596.0
TCGACACAGGTCGAAG-1,G1,G1,late,0.101382434,877.0
TCGACACAGTAGGAGT-1,G1,G1,late,0.102834195,894.0
TCGACACAGTCATCTC-1,G2M,G2M,,0.93699926,5889.0
TCGACACAGTGCTCAA-1,S,G1,,0.9032443,4642.0
TCGACCTCAAGGTATC-1,G2M,G1,,0.9450485,6214.0
TCGACCTCAATAGCGT-1,S,S,,0.906625,4763.0
TCGACGTAGTTGGGCT-1,G2M,G2M,,0.934448,5769.0
TCGACTAAGCGAGTAG-1,G2M,S,,0.9591026,6548.0
TCGACTAAGCTAGCCG-1,S,S,,0.8713494,3895.0
TCGACTGGTAACGCAA-1,G1,G1,early,0.06430569,307.0
TCGACTGGTAACTCCG-1,G1,G1,late,0.20237724,2545.0
TCGACTGGTCTCACAG-1,S,S,,0.8769748,4021.0
TCGACTGGTCTCAGTG-1,G2M,S,,0.9516544,6398.0
TCGACTGGTGAAGGTC-1,G1,G1,early,0.08403917,600.0
TCGATAGTCAGCGAAG-1,S,G1,,0.90381044,4662.0
TCGATAGTCATGCCGG-1,G2M,G2M,,0.9262048,5402.0
TCGATATAGCGCATGT-1,S,G2M,,0.85302746,3609.0
TCGATCAAGCATATCG-1,G1,G1,early,0.09414833,756.0
TCGATTAGTGGCTGAG-1,S,S,,0.7398097,3227.0
TCGATTGAGCATTACG-1,G1,G1,late,0.21877836,2703.0
TCGATTGAGTGATCGC-1,G1,G1,late,0.1611147,1937.0
TCGATTTCAGCACTGA-1,G2M,G2M,,0.96373504,6632.0
TCGATTTCATTACCTG-1,S,G1,,0.78793013,3318.0
TCGCAAATCCGTTGCC-1,G1,G2M,late,0.24980617,2823.0
TCGCAAATCGCGCACA-1,G2M,G2M,,0.9595548,6555.0
TCGCAACAGGGTACGA-1,S,G1,,0.91853577,5131.0
TCGCAATGTCAGCTCA-1,G1,G1,late,0.26703277,2842.0
TCGCAATGTCAGTCAT-1,G1,,early,0.08224402,575.0
TCGCAATGTTGTGATC-1,G2M,G2M,,0.9278222,5479.0
TCGCACCTCACCACGG-1,G2M,G1,,0.9713549,6756.0
TCGCACCTCCGTGATA-1,G1,G2M,late,0.08055424,546.0
TCGCAGACAAGGTAGA-1,G1,G1,late,0.118618585,1210.0
TCGCATAAGCAAGTGG-1,G2M,G2M,,0.9162356,5056.0
TCGCATAAGCGGTCAT-1,G1,G1,late,0.13587815,1499.0
TCGCATCCACCATTCA-1,S,G2M,,0.9176647,5097.0
TCGCATGGTAGCTAGA-1,S,G2M,,0.90762943,4797.0
TCGCATTTCACATGCA-1,G2M,G2M,,0.96071583,6576.0
TCGCATTTCCTCACTG-1,G1,G1,late,0.18066683,2257.0
TCGCCAAGTGAGACTA-1,G2M,G1,,0.9627387,6607.0
TCGCCAAGTGAGTGTA-1,G1,G1,late,0.12564588,1335.0
TCGCCATCAAGCTTCC-1,S,G1,,0.8176786,3401.0
TCGCCATCAATTAACG-1,G2M,G1,,0.883226,4169.0
TCGCCTATCCGGTAGT-1,G2M,G2M,,0.950225,6361.0
TCGCCTATCCTGCCTA-1,G1,G1,early,0.09997032,847.0
TCGCCTATCTGGATTG-1,G1,G1,early,0.076782025,493.0
TCGCCTGCAAGCTGCA-1,G1,G1,early,0.18329968,2295.0
TCGCCTTGTAAGGACC-1,S,G1,,0.892749,4378.0
TCGCCTTGTCATCCTC-1,G1,G1,early,0.030679261,31.0
TCGCGCAAGCAGGCAA-1,S,S,,0.8870196,4248.0
TCGCGCAAGCCACAGT-1,G2M,S,,0.936118,5838.0
TCGCTAGGTGCGATGG-1,S,G2M,,0.9038213,4663.0
TCGCTAGGTTATGGGA-1,S,S,,0.9133275,4966.0
TCGCTCGCAATCGCTC-1,G1,G1,late,0.09961221,838.0
TCGCTCGCAGTTGCTC-1,G2M,G2M,,0.95128685,6390.0
TCGCTCGCATAAGGTC-1,S,S,,0.9330735,5710.0
TCGCTCGCATTCATGT-1,G2M,G1,,0.8880009,4264.0
TCGCTCTGTTGCAGTT-1,G1,G1,early,0.059276883,258.0
TCGCTGCTCACCACGG-1,G1,S,late,0.13641907,1505.0
TCGCTGCTCCCTTGAT-1,G2M,G1,,0.91984797,5169.0
TCGCTGCTCCTTAACC-1,S,G1,,0.8980549,4504.0
TCGCTGCTCGATCCGG-1,G1,G1,late,0.0924146,729.0
TCGCTGCTCTAAGTCG-1,G1,G1,late,0.19416001,2448.0
TCGCTTACAACTTCGC-1,S,G1,,0.9285336,5506.0
TCGCTTACAGCACTGA-1,G2M,G1,,0.9009441,4574.0
TCGCTTGTCAGGCAGA-1,G1,G1,late,0.05158597,179.0
TCGGCAACAAGCCAAT-1,G1,G2M,late,0.12412359,1307.0
TCGGCAACAATCGCCT-1,G1,S,late,0.15842949,1872.0
TCGGCCAAGGGCAGTA-1,G2M,G2M,,0.8896518,4305.0
TCGGCCAAGGTGACAG-1,G1,S,late,0.092445984,731.0
TCGGCCAAGTGTCAAT-1,G2M,G2M,,0.97577477,6804.0
TCGGCTGAGAATCGGG-1,G1,G1,late,0.10894571,1019.0
TCGGCTGAGCAATTAC-1,S,G1,,0.4171244,2955.0
TCGGGCATCAGGTCGT-1,G1,G1,late,0.14447637,1640.0
TCGGGCATCGTAGTCA-1,G2M,G1,,0.95837086,6535.0
TCGGGTTAGGATAGCG-1,G2M,S,,0.9288456,5521.0
TCGGGTTAGGTACCCG-1,G1,G1,late,0.14075427,1573.0
TCGGTAATCGATCGCG-1,G2M,G2M,,0.9327055,5691.0
TCGGTATGTAACTCTA-1,G1,G1,late,0.09589773,785.0
TCGGTCAGTGCATTAC-1,G2M,S,,0.90706336,4779.0
TCGGTCAGTTAGTGCT-1,S,G1,,0.54631186,3059.0
TCGGTCAGTTCCAGCA-1,S,G2M,,0.89032215,4321.0
TCGGTCAGTTCCTCTA-1,G2M,G2M,,0.94405955,6173.0
TCGGTCAGTTTGACGT-1,G1,G1,late,0.12359251,1300.0
TCGGTTAAGCGAAGCA-1,G2M,G2M,,0.9718186,6762.0
TCGTAATAGGATGGCA-1,G2M,S,,0.9069826,4776.0
TCGTACCCAACCTGTC-1,G2M,G1,,0.93596107,5827.0
TCGTACCCACCTGGAA-1,G1,G1,late,0.11181361,1071.0
TCGTACCCATAGGCGC-1,G2M,S,,0.9309831,5617.0
TCGTACGGTAGTGTCT-1,G1,G1,late,0.09086342,696.0
TCGTACGGTGCACGAG-1,G2M,G1,,0.96986395,6728.0
TCGTACGGTTAGCAGA-1,S,G1,,0.90046835,4565.0
TCGTACTTCCCAGTCC-1,S,G1,,0.9084965,4825.0
TCGTCAAAGAACGGAT-1,G2M,G2M,,0.92151684,5226.0
TCGTCAAAGTGGCTAC-1,S,G1,,0.90418077,4677.0
TCGTCACCAGGTAGCC-1,S,G2M,,0.8803406,4094.0
TCGTCATTCAGCGGAA-1,G2M,S,,0.91722554,5081.0
TCGTCATTCAGTTCGA-1,S,G1,,0.936186,5841.0
TCGTCATTCCAGGTAC-1,G2M,G2M,,0.95468146,6463.0
TCGTCATTCCGCGTCT-1,S,G2M,,0.90425307,4679.0
TCGTCATTCCGCGTGA-1,S,G1,,0.3935576,2928.0
TCGTCATTCGTGAGAG-1,S,G2M,,0.9241582,5331.0
TCGTCCATCAAGTGCC-1,G1,G1,late,0.18249553,2280.0
TCGTCCATCGCATGTA-1,S,G1,,0.51255655,3035.0
TCGTCCATCGCGTCCT-1,G1,S,late,0.073695324,443.0
TCGTGATGTATGTGGA-1,S,G1,,0.8630012,3748.0
TCGTGATGTTCGGTTG-1,G2M,G1,,0.9393934,5994.0
TCGTGATGTTTGGTGT-1,S,G2M,,0.9220493,5252.0
TCGTGCCTCCGCGATG-1,G2M,G2M,,0.9014802,4594.0
TCGTGCCTCCGGATAC-1,G2M,G2M,,0.9294003,5546.0
TCGTGGACAATTCAGA-1,S,G2M,,0.8993446,4533.0
TCGTGGACAGCCAAGC-1,G1,G1,late,0.17517078,2167.0
TCGTGGACATGACAGT-1,S,S,,0.93465966,5778.0
TCGTTAAGTTGAATCC-1,S,G1,,0.882701,4154.0
TCGTTAAGTTGAGCAA-1,S,G1,,0.9102692,4881.0
TCGTTAAGTTGTAGCT-1,G1,G1,early,0.18007313,2251.0
TCGTTAGAGCATGTGC-1,S,G1,,0.8220314,3415.0
TCGTTAGAGCTGGCAT-1,G2M,G2M,,0.94129294,6073.0
TCGTTAGAGGAATTGA-1,S,G2M,,0.9019097,4607.0
TCGTTAGAGTTGCGAC-1,G2M,S,,0.8960293,4459.0
TCGTTCCGTCAAGCGG-1,S,S,,0.8927663,4379.0
TCGTTCCGTCTTGCAG-1,S,G2M,,0.8686731,3834.0
TCGTTCCGTGGCTACC-1,G2M,S,,0.9184302,5123.0
TCGTTCCGTTATGCGT-1,S,G1,,0.4177304,2956.0
TCGTTCCGTTCGTGAT-1,G2M,G2M,,0.8957198,4452.0
TCGTTCCGTTGCCTGA-1,G2M,G2M,,0.9441699,6180.0
TCGTTCCGTTGGAGTA-1,G1,G1,early,0.17322315,2136.0
TCGTTGGGTCAAGGAC-1,S,G2M,,0.9053979,4721.0
TCGTTGGGTGCGGTCT-1,G2M,S,,0.8867514,4243.0
TCGTTTCAGGATAGTA-1,S,G1,,0.92563456,5381.0
TCGTTTCAGGTTACAT-1,G1,G2M,late,0.17284927,2128.0
TCGTTTCAGTCAGCGT-1,G1,G1,late,0.2197555,2711.0
TCGTTTGCAACTACCC-1,G2M,S,,0.9032606,4643.0
TCGTTTGCAGCAGTAT-1,S,G2M,,0.91218776,4935.0
TCTAACCTCACGCCAG-1,G1,G1,early,0.11756903,1181.0
TCTAACCTCCTGATTC-1,G2M,S,,0.9428492,6142.0
TCTAAGGTCAGCGGTT-1,G1,G1,late,0.18648829,2347.0
TCTAAGGTCCCAGAGT-1,S,G1,,0.8697878,3857.0
TCTAATCCAAGCCTGA-1,G1,G1,late,0.14417861,1631.0
TCTAATCCAATGTCAA-1,G1,G1,early,0.04707946,128.0
TCTACAAGTAACTCGT-1,S,G2M,,0.74073076,3230.0
TCTACAAGTGAAGGTC-1,G1,G1,late,0.07415698,451.0
TCTACATCAATGACAC-1,G1,G1,early,0.1662549,2015.0
TCTACATCATAATCAG-1,G1,G1,late,0.13627407,1502.0
TCTACGAAGCTGGGTT-1,G2M,G1,,0.96311224,6618.0
TCTACGCCACAAGCCA-1,S,G1,,0.892504,4373.0
TCTACGCCATCGACTC-1,G1,G1,late,0.024361713,15.0
TCTACGGGTAACGAAT-1,G1,,late,0.070757896,404.0
TCTACGGGTAGCTGAA-1,G1,G1,late,0.13518578,1490.0
TCTACGGGTGCGGTCT-1,G1,G1,early,0.09324944,742.0
TCTACGGGTTGCATCG-1,G1,G1,late,0.056634482,222.0
TCTACGGGTTTACCAA-1,G2M,G2M,,0.9270875,5443.0
TCTACGGGTTTACCTT-1,G1,G1,late,0.11892229,1217.0
TCTACGTTCAATCCTC-1,G1,G1,late,0.039287,66.0
TCTACTATCAATCTCC-1,G1,G1,early,0.14857094,1702.0
TCTACTTGTTTAAGCC-1,S,G1,,0.8694411,3844.0
TCTACTTGTTTGATTG-1,S,S,,0.8955394,4446.0
TCTAGCGGTGGCGATG-1,G1,G1,late,0.15936317,1895.0
TCTAGCGGTTATGAGG-1,G2M,G1,,0.901479,4593.0
TCTAGCTTCAATGTCG-1,G1,S,early,0.1053386,947.0
TCTAGTGAGAATCCTG-1,S,G1,,0.87968886,4076.0
TCTATAGGTCAAGGAC-1,S,G1,,0.9022669,4616.0
TCTATAGGTTGGATGA-1,S,G1,,0.88042665,4099.0
TCTATCTGTAATTGCC-1,G1,G1,late,0.13903642,1547.0
TCTATCTGTTATGTCA-1,S,S,,0.8315072,3452.0
TCTATGAGTAACGAGC-1,G1,G1,late,0.14037104,1565.0
TCTATGAGTCAGCATT-1,G2M,G1,,0.86624306,3797.0
TCTATGCTCCATTACC-1,S,G1,,0.7963733,3339.0
TCTATGCTCCCCATGC-1,S,G1,,0.90839195,4821.0
TCTATGCTCCGGTACG-1,G1,G1,early,0.083481774,595.0
TCTATGGAGCCTCTGC-1,S,G1,,0.8283554,3440.0
TCTATGGAGGCGATCT-1,G2M,G2M,,0.9107962,4891.0
TCTATGGAGTAGAGTA-1,G1,G1,late,0.07705465,502.0
TCTATTGTCAGTATCG-1,G1,G1,late,0.14570732,1662.0
TCTATTGTCCCTGACC-1,G1,G1,late,0.092642926,735.0
TCTATTGTCCTCGACC-1,G2M,G2M,,0.96814674,6697.0
TCTATTGTCTAGCTCT-1,G1,G1,late,0.2245915,2744.0
TCTCAATCATCACTAT-1,G2M,G2M,,0.8894614,4298.0
TCTCACTAGATTCCGA-1,G2M,G1,,0.942949,6145.0
TCTCACTAGGATTAAG-1,G1,G1,late,0.082131706,572.0
TCTCACTAGGTGCAAG-1,G1,G1,late,0.06704503,346.0
TCTCAGCCACAAGCTG-1,G1,G1,late,0.14172585,1592.0
TCTCAGCCACCTATAT-1,G1,G1,early,0.11601467,1152.0
TCTCATATCAGCATTG-1,G2M,G1,,0.8703432,3870.0
TCTCATATCATCAGTG-1,G1,G1,early,0.082963385,583.0
TCTCATATCCTTAGTC-1,S,G1,,0.75884396,3264.0
TCTCATATCGAACCTA-1,G2M,G2M,,0.94779176,6295.0
TCTCATCAGGTACCGT-1,G2M,G2M,,0.976288,6813.0
TCTCATTGTAAGTCTC-1,G2M,G2M,,0.94066566,6046.0
TCTCATTGTCATCCGA-1,S,S,,0.8026142,3355.0
TCTCATTGTTAGTGGA-1,S,G1,,0.86667603,3801.0
TCTCCAACAAGCACTG-1,S,G1,,0.95459825,6462.0
TCTCCCAAGCATAGCC-1,G2M,G2M,,0.94280034,6139.0
TCTCCCAAGCGATTGC-1,G1,G1,early,0.16345336,1963.0
TCTCCCAAGGAATGGT-1,G1,G1,late,0.09578501,780.0
TCTCGAGGTGATTCGT-1,S,G1,,0.756706,3261.0
TCTCGAGGTTGTAAGG-1,G1,S,late,0.11313784,1089.0
TCTCGATTCACCATCT-1,S,G1,,0.61850554,3126.0
TCTCGATTCTGGCAAC-1,G1,G1,late,0.13496584,1487.0
TCTCGCATCCATGCGG-1,G1,G1,late,0.11561951,1143.0
TCTCGCGCAACGTTCC-1,G2M,G2M,,0.9370128,5890.0
TCTCGGCTCGACTGAC-1,G1,G1,early,0.27725276,2848.0
TCTCGGCTCTGGTAAT-1,G1,G1,early,0.13733558,1525.0
TCTCGGCTCTGTGCGG-1,G1,G1,late,0.13888004,1543.0
TCTCTAATCGCTAGTA-1,G1,G1,early,0.15058562,1744.0
TCTCTAATCTGTCAAG-1,G2M,G1,,0.9444599,6192.0
TCTCTAGCACCACATC-1,G1,G1,early,0.13897912,1545.0
TCTCTAGCAGTTGCTC-1,G2M,G2M,,0.9665897,6681.0
TCTCTAGCATCAAGGT-1,G1,G1,early,0.06870891,371.0
TCTCTATGTATGGCCC-1,G2M,G2M,,0.9648488,6658.0
TCTCTATGTCAGCTCA-1,G1,G1,late,0.05311265,194.0
TCTCTATGTTCCCAAG-1,G2M,G1,,0.96604836,6675.0
TCTCTCCTCTAGTCGA-1,G1,G1,late,0.17773725,2207.0
TCTCTGGTCGATAGGG-1,G2M,G2M,,0.9313804,5633.0
TCTCTGGTCTATGCAG-1,S,G2M,,0.86837924,3829.0
TCTGACCCAACTCGCT-1,G1,G1,late,0.18358138,2303.0
TCTGAGGCAGCCATTC-1,G1,S,late,0.08320322,590.0
TCTGAGGCATCCAAGG-1,G1,G1,late,0.18633272,2340.0
TCTGCAAAGATTGGTT-1,G2M,G2M,,0.9629714,6615.0
TCTGCAAAGGCTCCAG-1,G1,G2M,early,0.12919952,1399.0
TCTGCAAAGTGCGCCA-1,G1,G1,late,0.07475948,461.0
TCTGCACCAAGCGCAC-1,S,S,,0.7935223,3332.0
TCTGCACCAGTTAGCG-1,S,G1,,0.92146575,5225.0
TCTGCAGGTAACGCTT-1,G1,G1,late,0.07310514,436.0
TCTGCAGGTGGCCTAC-1,G1,G1,early,0.16210331,1949.0
TCTGCAGGTTTAGTCA-1,S,S,,0.7607493,3267.0
TCTGCCATCAGTTAGT-1,G1,G1,late,0.2140615,2653.0
TCTGCCATCATGGTAT-1,S,G1,,0.63537914,3142.0
TCTGCCATCCAGAGAG-1,G2M,G2M,,0.9765533,6815.0
TCTGCCATCCATCCTG-1,G2M,G1,,0.9513192,6391.0
TCTGCCATCGTGCCAG-1,G1,G1,late,0.14564142,1660.0
TCTGCCTGTCATGGCC-1,G1,G1,early,0.09958906,836.0
TCTGCCTGTGAGGAGA-1,G2M,G1,,0.91748023,5092.0
TCTGCGAGTAAGTACG-1,G1,G1,early,0.0512704,171.0
TCTGCGAGTCTGGCAC-1,G2M,G2M,,0.9285631,5507.0
TCTGCGAGTTGGGCAG-1,S,,,0.9061387,4755.0
TCTGCGGAGGGCTATC-1,G2M,G2M,,0.9334431,5731.0
TCTGGATGTAGCCTTG-1,S,G1,,0.8628985,3744.0
TCTGGATGTATAGACG-1,G1,G1,late,0.10832544,1009.0
TCTGGATGTTCAAGCT-1,G1,G1,late,0.09189132,721.0
TCTGGATGTTGCCCAA-1,G1,G1,late,0.13710582,1522.0
TCTGGCCTCACCTCTG-1,G1,G1,early,0.15922391,1890.0
TCTGGCCTCCAACTGA-1,G1,G1,early,0.14501752,1655.0
TCTGGCCTCCCTGACC-1,S,G1,,0.6879074,3178.0
TCTGGCGAGGCAAGTG-1,G2M,G1,,0.9233253,5302.0
TCTGGCGAGTAGTCCA-1,G1,G1,early,0.07710233,503.0
TCTGGCTCACCTCACG-1,G2M,G2M,,0.95702213,6509.0
TCTGGCTCATGGTATA-1,G2M,G2M,,0.95490813,6467.0
TCTGGCTCATTCGTAT-1,G1,G1,late,0.13932101,1550.0
TCTGGGCGTAATTGCC-1,G1,G1,late,0.14292495,1606.0
TCTGGGCGTTGGCGTC-1,G2M,G2M,,0.9420123,6102.0
TCTGGGGTCACCTGCC-1,G1,G1,late,0.1972857,2485.0
TCTGGGGTCACTCGGG-1,G2M,G1,,0.96021265,6567.0
TCTGGGGTCGCGATTA-1,G1,G1,late,0.107730106,997.0
TCTGGGTAGCAATGAA-1,S,G2M,,0.9087425,4832.0
TCTGGTAAGATTCCGA-1,G2M,G1,,0.94198275,6100.0
TCTGGTAAGGTCCCAG-1,G2M,G1,,0.92905235,5529.0
TCTGTCCGTGCGATCC-1,G2M,G1,,0.93554753,5807.0
TCTGTGTTCATCATCC-1,G1,G1,late,0.09129932,710.0
TCTGTGTTCATGGTAT-1,S,G1,,0.40423414,2945.0
TCTGTGTTCCATCAGA-1,G1,G2M,early,0.070557356,399.0
TCTGTGTTCCGTCCTA-1,G1,G1,late,0.16316576,1959.0
TCTGTTGCAGTTGCTC-1,G1,G1,late,0.13877967,1540.0
TCTGTTGCATCCTGTA-1,G1,G1,late,0.18110079,2260.0
TGAAACCCAAACTATG-1,G2M,G1,,0.87739265,4029.0
TGAAACCCATAGAGAG-1,G1,G1,late,0.12318159,1290.0
TGAAACCCATGAAGGA-1,S,G1,,0.90524507,4715.0
TGAAACGGTGAGTCCC-1,G1,G1,late,0.15216914,1773.0
TGAAACTTCAGGGAAT-1,G1,G1,early,0.121016115,1248.0
TGAAACTTCGAACGCT-1,S,G2M,,0.9091782,4845.0
TGAAACTTCGATCCGG-1,G1,G1,late,0.10907388,1021.0
TGAAAGGCAAGGTAAG-1,S,G1,,0.89938354,4534.0
TGAAAGGCAATTGACA-1,S,S,,0.79399747,3334.0
TGAAATGAGCCTGTGG-1,G1,G1,late,0.07491662,462.0
TGAAATGAGTTAGTAC-1,G1,G1,late,0.09638754,788.0
TGAACAGGTAGGCTGG-1,G1,G1,late,0.2569057,2834.0
TGAACAGGTAGTGAGC-1,G2M,S,,0.8955951,4447.0
TGAACAGGTTTGAGCT-1,G2M,G1,,0.9651983,6662.0
TGAACATTCACCTCTG-1,G2M,G1,,0.9706847,6740.0
TGAACATTCCATGCCC-1,G1,G1,late,0.26560763,2841.0
TGAACATTCCGTCCAC-1,S,G1,,0.87398046,3953.0
TGAACATTCGTAACCA-1,G1,G1,late,0.060270272,269.0
TGAACCATCAGGCAGA-1,G2M,G1,,0.89236474,4370.0
TGAACCTGTCCATATA-1,G1,G1,early,0.060580947,278.0
TGAACTTAGCTAGTGC-1,G1,G1,late,0.159221,1889.0
TGAACTTAGGATTCGC-1,S,G2M,,0.8386116,3496.0
TGAACTTAGGTACTAT-1,G2M,G2M,,0.9386717,5959.0
TGAATAGAGCAGGTAG-1,G2M,G1,,0.8934342,4396.0
TGAATAGAGCGAACCT-1,G2M,G1,,0.88575035,4228.0
TGAATCCGTAAGCTGA-1,G1,G1,late,0.19299293,2434.0
TGAATCCGTCAATCCG-1,G1,G1,early,0.11471634,1127.0
TGAATCCGTTAGCCCA-1,G1,G1,early,0.047724377,135.0
TGAATCCGTTGCAGCC-1,G1,G1,late,0.13340925,1466.0
TGAATCCGTTTAGCGT-1,G1,G1,late,0.17637308,2185.0
TGAATGAAGATAGGTA-1,S,G1,,0.9049645,4706.0
TGAATGGGTCATGAGA-1,S,S,,0.8516585,3595.0
TGAATTGCAAGTGCGC-1,G1,G1,late,0.19803223,2497.0
TGAATTGCAATGCGTG-1,G1,G1,early,0.07235659,425.0
TGAATTGCATAGGTGT-1,S,G2M,,0.89977396,4547.0
TGACCCAGTTAAGCGA-1,G2M,G2M,,0.936437,5856.0
TGACCCTCAAACCGAT-1,G1,S,late,0.1855572,2327.0
TGACCCTCAAATGGTC-1,G1,G1,late,0.08095783,556.0
TGACCCTCATCCAGAG-1,S,S,,0.84508365,3541.0
TGACCTAAGGTGAGGC-1,S,G1,,0.78871584,3320.0
TGACGGGGTTCCGGTA-1,G1,G1,late,0.07690355,498.0
TGACGGGGTTCCTCGT-1,G2M,G2M,,0.9540993,6452.0
TGACGGGGTTTAGGTC-1,G2M,S,,0.91691095,5075.0
TGACGGGGTTTGGTAC-1,G1,G1,late,0.12508768,1326.0
TGACGTTGTAAGTTGG-1,S,G1,,0.85663503,3650.0
TGACGTTGTGAGTAAT-1,G1,G1,late,0.07609202,477.0
TGACGTTGTGGGTCAG-1,S,G1,,0.84049505,3510.0
TGACTAACAAATCGCG-1,G1,G1,late,0.1336123,1468.0
TGACTAACAAGTATGC-1,G1,S,late,0.14709021,1681.0
TGACTGATCCCGTAGG-1,S,G1,,0.86759716,3821.0
TGACTGATCTGTCAAG-1,G1,G1,late,0.07662567,487.0
TGAGAACAGATAGTCT-1,G2M,G2M,,0.9518954,6401.0
TGAGATGGTCAGCTAT-1,G1,G1,early,0.10664078,978.0
TGAGCAAGTAAGTGCA-1,G2M,G1,,0.94244015,6117.0
TGAGCATCAATTCATC-1,G1,G1,early,0.06661372,342.0
TGAGCCCGTCAAGTCT-1,S,G2M,,0.3651734,2904.0
TGAGCCCGTGCGAGAT-1,G1,G1,late,0.0996803,841.0
TGAGCCCGTTCCAGGC-1,G1,G1,late,0.18906589,2387.0
TGAGCCCGTTTACCTT-1,S,G1,,0.8784709,4051.0
TGAGCGAAGATTACCG-1,G2M,G2M,,0.9628898,6611.0
TGAGCGAAGATTCAAC-1,S,G1,,0.5980665,3108.0
TGAGCGAAGGTGGAGC-1,S,G1,,0.62308466,3131.0
TGAGCGAAGTAGGATA-1,G1,G1,late,0.2063533,2588.0
TGAGCGCCAATACCGG-1,S,G1,,0.35257614,2900.0
TGAGCGGGTTGACGGG-1,S,G2M,,0.950372,6364.0
TGAGCGGGTTGTGATC-1,S,G2M,,0.9106087,4887.0
TGAGCGGGTTTGCATA-1,S,S,,0.85968226,3696.0
TGAGCTATCCGTGGAT-1,G1,G1,early,0.07321438,437.0
TGAGCTATCCTTAACC-1,G1,G1,late,0.17603071,2177.0
TGAGCTGCAAGCTCGA-1,G1,G1,early,0.025617095,18.0
TGAGCTTGTAAGCATG-1,G1,G1,late,0.17952465,2241.0
TGAGCTTGTTCCGTAG-1,G1,G1,late,0.107783,1000.0
TGAGCTTGTTGCGTAT-1,S,G1,,0.8639976,3760.0
TGAGCTTGTTGGTTCG-1,G1,S,late,0.21196607,2641.0
TGAGGATAGAAGGTAC-1,G1,G1,late,0.056050856,214.0
TGAGGATAGGCGCATT-1,S,G2M,,0.9478851,6297.0
TGAGGCAAGCCAGAGA-1,G1,G1,late,0.21695895,2682.0
TGAGGCAAGCCTGCGA-1,S,S,,0.8832297,4170.0
TGAGGCAAGTGCCCGA-1,G2M,S,,0.90460944,4694.0
TGAGGCGGTGGAGCTG-1,G2M,S,,0.91955227,5160.0
TGAGGCGGTTAGGTCT-1,G2M,G2M,,0.93189704,5660.0
TGAGGCTTCACATACG-1,G1,G1,early,0.17137973,2106.0
TGAGGCTTCACTTCAC-1,G1,G1,early,0.0487561,145.0
TGAGGCTTCCATCTCG-1,S,S,,0.87527835,3986.0
TGAGGCTTCTATCAGG-1,G1,G1,late,0.12755662,1370.0
TGAGGGATCAGCCAGT-1,G1,G1,late,0.14129828,1581.0
TGAGGGATCGCATACA-1,S,S,,0.891323,4341.0
TGAGGTAGTCAAGTGA-1,G2M,G1,,0.9375235,5910.0
TGAGGTAGTGCGTGAG-1,S,S,,0.8603565,3704.0
TGAGGTGAGTAAGTGA-1,G1,G1,late,0.15992878,1915.0
TGAGTAAAGCTGGCTG-1,G1,G1,early,0.0592014,255.0
TGAGTAAAGGTAACTT-1,G1,G2M,early,0.053983297,197.0
TGAGTAAAGGTTCGAC-1,G1,G1,late,0.087920085,653.0
TGAGTAGGTCTGGTTG-1,S,G1,,0.83660346,3481.0
TGAGTCGCAATCGTCC-1,G2M,G1,,0.947098,6271.0
TGAGTCGCAGTTGCAG-1,G1,G1,late,0.12832533,1387.0
TGAGTCGCATCGCGTT-1,G2M,G1,,0.9709432,6747.0
TGAGTTACATAACGGT-1,S,G2M,,0.901747,4602.0
TGAGTTGTCCGTAGCG-1,S,S,,0.8919399,4358.0
TGAGTTGTCGCTTGGG-1,G1,G1,late,0.0971451,800.0
TGATAGCCATTGGCGA-1,S,S,,0.9132361,4964.0
TGATCATAGGTGAGAT-1,S,G1,,0.24063598,2802.0
TGATCATAGTCGCGCA-1,G1,G1,late,0.08785351,651.0
TGATCCCCACATGAGT-1,S,G1,,0.93779105,5924.0
TGATGAAAGATAGCGG-1,S,G2M,,0.8480719,3563.0
TGATGAAAGGCACACT-1,S,G1,,0.91332483,4965.0
TGATGAAAGTATGTGT-1,G1,S,late,0.108372,1011.0
TGATGAGGTCAACTGT-1,G1,G1,late,0.123602845,1301.0
TGATGAGGTGAGAGTC-1,G1,S,early,0.077323884,506.0
TGATGAGGTTAAGGGC-1,S,S,,0.8803793,4097.0
TGATGAGGTTGCACCA-1,S,G2M,,0.9184399,5124.0
TGATGCCAGAAGCTAA-1,G2M,G2M,,0.93883985,5966.0
TGATGCCAGTCAGCGT-1,S,G2M,,0.9150679,5014.0
TGATGGCTCACCCTAT-1,G2M,G1,,0.89974886,4546.0
TGATGGCTCAGCTCAA-1,G1,G1,early,0.06522115,324.0
TGATGGCTCCATTGAG-1,G1,G1,late,0.11280384,1084.0
TGATGGCTCCGCAAGT-1,G1,G1,late,0.17512047,2164.0
TGATGGCTCTGTGCAA-1,S,S,,0.8125341,3384.0
TGATGGTCATTAGAGC-1,G1,G1,late,0.25042576,2824.0
TGATTTCCAAGCTCAG-1,S,S,,0.89186853,4355.0
TGATTTCCATCGACTC-1,G1,G1,early,0.16653493,2018.0
TGATTTGGTAGTGAGC-1,S,G1,,0.9034995,4651.0
TGATTTGGTGACTCCA-1,G2M,G2M,,0.90794736,4811.0
TGCAAACCAACCGTGA-1,S,S,,0.89476573,4426.0
TGCAAACCAATTAGGC-1,G1,G1,late,0.13440059,1478.0
TGCAAAGGTTCGTCAG-1,S,G2M,,0.9170997,5079.0
TGCAAATTCCATGAAT-1,G1,S,late,0.06924557,379.0
TGCAAATTCGATTGCA-1,S,G1,,0.9057076,4737.0
TGCAATGTCCGTTAAG-1,G2M,G1,,0.979571,6838.0
TGCAATGTCGAATCTG-1,S,S,,0.8908668,4332.0
TGCACACAGCAGTTCA-1,G2M,G1,,0.93832237,5944.0
TGCACACAGTCAGGAG-1,G1,S,late,0.15595528,1834.0
TGCACACAGTCGACCG-1,S,G1,,0.8346881,3471.0
TGCACAGCAAATCGTA-1,G1,G1,late,0.22853589,2764.0
TGCACAGCAGCTCAAG-1,G1,G1,late,0.11835739,1203.0
TGCACAGCAGGACAGG-1,S,G1,,0.8598795,3700.0
TGCACCTCATTAGATG-1,G2M,G1,,0.85130095,3591.0
TGCACGTAGTAGAGAC-1,G1,S,late,0.10498773,934.0
TGCACGTAGTCAACCA-1,G1,G1,early,0.054697145,204.0
TGCAGGCCATAACTTC-1,G2M,G1,,0.90844244,4824.0
TGCAGTCAGTGAGGAT-1,G1,G1,late,0.14934276,1717.0
TGCATAACAACATCCC-1,G1,G1,early,0.045272093,116.0
TGCATAACAATTGGTA-1,G2M,G2M,,0.92833495,5500.0
TGCATAACATGAGTTA-1,S,S,,0.93852884,5948.0
TGCATAACATTGCCGT-1,G1,G1,late,0.09140305,711.0
TGCATAGTCAGGGCTT-1,G1,G1,late,0.21429402,2657.0
TGCATAGTCGAATGAA-1,G1,S,late,0.12674788,1356.0
TGCATAGTCGACCTGG-1,G2M,S,,0.9097784,4870.0
TGCATAGTCGATGAGG-1,G1,G1,late,0.11410173,1111.0
TGCATCCCATCCAACC-1,G2M,G1,,0.9193403,5155.0
TGCATTAGTTCGTGAT-1,G1,G1,early,0.18654579,2349.0
TGCATTAGTTGGGTAA-1,G1,G1,late,0.11630952,1157.0
TGCATTAGTTTGCCAG-1,S,G1,,0.8585456,3675.0
TGCATTGAGATTGCGC-1,G1,G1,early,0.11829748,1201.0
TGCATTGAGGATCCAC-1,G1,G1,late,0.12418654,1310.0
TGCATTGAGGTGCGAA-1,G2M,G2M,,0.9356496,5809.0
TGCATTGAGTTGCGAC-1,G1,G2M,late,0.10591604,966.0
TGCATTTCAAACTGCG-1,G2M,G1,,0.9758607,6806.0
TGCATTTCAGGGACTC-1,S,S,,0.8754122,3990.0
TGCATTTCATCGAACG-1,G1,G1,late,0.15197505,1770.0
TGCCACCTCACGTACA-1,G1,G1,late,0.098274134,812.0
TGCCACCTCCCATGCC-1,G2M,G1,,0.76205707,3268.0
TGCCACCTCCCGCTTA-1,G1,G1,early,0.2043853,2560.0
TGCCACCTCTGGGAAG-1,S,G1,,0.91319025,4960.0
TGCCAGACAATATCTC-1,G1,G1,late,0.0828369,580.0
TGCCAGACAATCTGAA-1,G2M,G1,,0.9299976,5580.0
TGCCAGGTCCATTACC-1,G2M,G1,,0.9670383,6684.0
TGCCAGGTCCCGCGAA-1,S,S,,0.9361686,5840.0
TGCCAGGTCTGGATTG-1,S,S,,0.85532004,3636.0
TGCCAGTAGAAGGGAA-1,G1,G1,early,0.07227838,422.0
TGCCAGTAGGATCACC-1,G1,G1,early,0.07840798,519.0
TGCCAGTAGTGCAACC-1,G2M,G1,,0.9364355,5855.0
TGCCATAAGAAGGTCG-1,G1,G1,late,0.17283858,2127.0
TGCCATAAGCCAACTA-1,G1,G1,late,0.10018378,850.0
TGCCATCCACTCGCCA-1,G1,G1,late,0.1809711,2259.0
TGCCATTTCTATGACG-1,G1,G1,late,0.06802427,357.0
TGCCCAAGTAAGCACA-1,S,G1,,0.80369574,3357.0
TGCCCAAGTCATCCCT-1,G2M,S,,0.8623907,3736.0
TGCCCAAGTCATTAGC-1,G1,G1,late,0.09965122,840.0
TGCCCATCAAGCTCTC-1,S,G1,,0.42025837,2958.0
TGCCCATCAGGCAATT-1,G2M,G2M,,0.95558566,6481.0
TGCCCATCATCCCTAA-1,G1,G1,early,0.07761612,510.0
TGCCCGAAGGATTACT-1,G1,S,late,0.17418593,2152.0
TGCCCGTTCCCCTTAG-1,G2M,S,,0.93512416,5791.0
TGCCCTCAGCGAAGGC-1,S,G2M,,0.9405998,6041.0
TGCCCTCAGGAGTCAG-1,G2M,G2M,,0.9274884,5464.0
TGCCCTCAGTGCGCCA-1,G1,G1,early,0.12708381,1361.0
TGCCCTTGTCTCCATC-1,G2M,G1,,0.9521189,6408.0
TGCCCTTGTTAGAGAT-1,S,S,,0.9138964,4982.0
TGCCGATAGGGTAGAT-1,G1,G1,late,0.21026689,2625.0
TGCCGCTTCCTGATCT-1,G2M,G1,,0.9207025,5196.0
TGCCGCTTCGCGACTG-1,S,G1,,0.90752065,4794.0
TGCCGTAGTATGTACC-1,G2M,G2M,,0.94689274,6265.0
TGCCGTAGTGAGGCAT-1,S,S,,0.91768646,5098.0
TGCCGTAGTGATCCAT-1,G2M,G1,,0.9497314,6348.0
TGCCGTAGTGGCAGTG-1,S,G2M,,0.92047626,5189.0
TGCCGTTCATGATTAG-1,G1,G1,late,0.111232795,1060.0
TGCCTAAAGCATGCCG-1,G2M,S,,0.8702403,3865.0
TGCCTAGGTATTGGAG-1,G1,G1,late,0.10776246,998.0
TGCCTAGGTCAAGGAC-1,G2M,G2M,,0.91817987,5114.0
TGCCTAGGTGAGCAGT-1,S,G2M,,0.90744656,4792.0
TGCCTAGGTTTCGCCT-1,G2M,G1,,0.85496897,3630.0
TGCCTATTCCCTCGAC-1,G2M,G2M,,0.9273282,5455.0
TGCCTATTCCCTGGAG-1,S,G2M,,0.92885447,5522.0
TGCCTATTCCTGACGG-1,G2M,G2M,,0.9330741,5711.0
TGCCTCATCCGTGAGT-1,G1,G1,early,0.16461062,1987.0
TGCCTCATCCTTCAAC-1,G2M,G2M,,0.9742163,6787.0
TGCCTCGCAGGGACCT-1,G1,G1,late,0.2194185,2708.0
TGCCTCTGTGAGCAGT-1,G1,G1,late,0.16933891,2070.0
TGCCTCTGTTGACTAC-1,G1,G1,early,0.06740058,352.0
TGCCTGCTCCGCCACT-1,S,G2M,,0.88123626,4122.0
TGCCTGCTCGACCGCA-1,G1,G1,late,0.17394513,2147.0
TGCCTGCTCTAACCGA-1,G1,G2M,early,0.018281769,6.0
TGCCTTTAGCTACGGT-1,S,G2M,,0.90480036,4699.0
TGCCTTTAGGCGATAG-1,G2M,G2M,,0.92253786,5274.0
TGCCTTTAGGTTCCGG-1,G1,G1,late,0.064633094,312.0
TGCGAAAGTTAATCCA-1,S,G2M,,0.92558825,5379.0
TGCGACCGTAAGCGGT-1,G2M,G2M,,0.93156093,5644.0
TGCGACCGTCATCCGA-1,G2M,G2M,,0.9505142,6371.0
TGCGACTAGTCGAAGG-1,G1,G1,late,0.11895653,1218.0
TGCGATGCAAATCCGG-1,G1,G1,late,0.22313279,2733.0
TGCGATGCAATTGAGC-1,S,S,,0.8694786,3846.0
TGCGATGCAGGACTGC-1,S,G1,,0.7693606,3284.0
TGCGATTGTCAATGTC-1,G2M,G2M,,0.913731,4975.0
TGCGATTGTCTCACGA-1,G1,G1,early,0.14466795,1645.0
TGCGATTGTCTTGCGA-1,G1,G1,early,0.022203831,11.0
TGCGATTGTGCAGGCA-1,S,G2M,,0.8193319,3407.0
TGCGATTGTTTGAGTC-1,G1,G1,late,0.098872334,824.0
TGCGGCTGTAGGTCAA-1,S,G2M,,0.88348603,4177.0
TGCGGCTGTGGCGTGA-1,G2M,S,,0.96685725,6683.0
TGCGGCTGTTGAGTAG-1,S,S,,0.8596822,3695.0
TGCGGGTCAAAGGCCC-1,G1,G1,early,0.22750527,2760.0
TGCGGTTAGATAGGCG-1,G2M,G2M,,0.91584533,5037.0
TGCGGTTAGCGAGCTT-1,G2M,G1,,0.9330604,5708.0
TGCGGTTAGGGCTAGA-1,G1,S,late,0.17910264,2229.0
TGCGGTTAGGGTCTAC-1,S,G1,,0.8185632,3405.0
TGCGTAATCGACCAAC-1,G2M,G1,,0.9097104,4867.0
TGCGTATGTGGACTAA-1,S,G1,,0.91658336,5066.0
TGCGTATGTTCCCGTT-1,S,G1,,0.8966949,4472.0
TGCGTATGTTGTCATA-1,G1,G1,late,0.2079104,2600.0
TGCTAACGTCAAGGTA-1,S,G1,,0.8442195,3532.0
TGCTAACGTCTCACCT-1,G1,G1,late,0.16958581,2071.0
TGCTAACGTTGCCTTC-1,G2M,G1,,0.9287467,5520.0
TGCTAAGTCACTGGGT-1,G2M,S,,0.931529,5641.0
TGCTAAGTCATGGTTG-1,S,G1,,0.8710309,3888.0
TGCTACCCACCATGCT-1,G2M,G2M,,0.8915278,4348.0
TGCTACTTCCGTATAG-1,G2M,G2M,,0.9820107,6855.0
TGCTACTTCGATGGCT-1,G2M,G2M,,0.9331557,5719.0
TGCTACTTCGATTAAC-1,G2M,S,,0.7222845,3212.0
TGCTACTTCGTGCTCC-1,G2M,G2M,,0.920553,5190.0
TGCTATAGTCATGTGT-1,G1,G1,early,0.0593462,260.0
TGCTATAGTTGCACAT-1,S,G1,,0.9233048,5300.0
TGCTATGAGCCAGGAA-1,G1,G1,late,0.22283152,2732.0
TGCTATGAGCTACCAA-1,G2M,G2M,,0.9070096,4778.0
TGCTATGAGGATAGTA-1,G1,G1,late,0.17597316,2175.0
TGCTATGAGGTAATGA-1,G1,S,late,0.14436695,1636.0
TGCTATGAGTCGAAGG-1,G1,G1,late,0.14864948,1705.0
TGCTCACCAGCTAGTG-1,G2M,G2M,,0.9049597,4705.0
TGCTCCATCCTGTAAG-1,S,G2M,,0.93694746,5884.0
TGCTCCGCACCAACTC-1,S,S,,0.8821018,4140.0
TGCTCCGCACTCAAGG-1,S,G1,,0.8777709,4036.0
TGCTGATGTAAGCGGT-1,S,S,,0.8850784,4214.0
TGCTGATGTCATCCGA-1,G1,G1,early,0.09242841,730.0
TGCTGCCTCGACCATA-1,G2M,G1,,0.9210607,5212.0
TGCTGCCTCGCGTTAA-1,G2M,G2M,,0.9746335,6795.0
TGCTGCCTCTTGAGCA-1,S,G2M,,0.47976014,3006.0
TGCTGGACAGTTGCTC-1,G1,G1,late,0.23079139,2771.0
TGCTGGACATGCAGGC-1,G2M,G1,,0.94770706,6289.0
TGCTGTCCAAACTCAA-1,G1,G1,early,0.05126427,170.0
TGCTGTCCACCTACCG-1,G2M,G1,,0.944086,6176.0
TGCTTAGAGGCGAAGC-1,G1,G1,late,0.08921709,671.0
TGCTTCACAGCACTCT-1,S,G1,,0.79680204,3340.0
TGCTTCACAGTACCAG-1,G1,G1,late,0.12187737,1261.0
TGGAATGGTCATCATA-1,S,S,,0.84899616,3568.0
TGGAATGGTGCGTGCT-1,G2M,G1,,0.97629005,6814.0
TGGAATGGTTAGCAGA-1,G1,G1,late,0.19957098,2514.0
TGGAATGGTTATCGTA-1,G2M,S,,0.8759974,4001.0
TGGACAAGTCAAGGCG-1,S,S,,0.88897705,4282.0
TGGACAAGTGCAATTC-1,G2M,G1,,0.9439082,6168.0
TGGACAAGTTTGCATA-1,S,G1,,0.714096,3205.0
TGGACATCAAATCAGC-1,G1,G1,late,0.08032021,543.0
TGGACATCACAGCAGC-1,G2M,G1,,0.9415706,6086.0
TGGACGAAGAAGGGTT-1,S,G1,,0.78921896,3321.0
TGGACGTTCACAGCCG-1,G2M,G2M,,0.9257084,5386.0
TGGACGTTCGTGCAAC-1,G1,G1,late,0.14020953,1560.0
TGGAGCGGTAATCAGG-1,S,G2M,,0.92146385,5224.0
TGGAGCGGTCATCCCT-1,G2M,G2M,,0.91270524,4950.0
TGGAGTAGTGAGCCGA-1,G1,G1,late,0.113501936,1094.0
TGGAGTAGTGAGGAAG-1,G1,G1,late,0.1935061,2440.0
TGGAGTAGTTATCCTT-1,S,S,,0.88585556,4229.0
TGGAGTAGTTGCGCGT-1,G1,G1,late,0.20729865,2594.0
TGGAGTGAGGATTAAG-1,G2M,G2M,,0.9305991,5603.0
TGGAGTGAGGCGATGA-1,S,G1,,0.9152364,5020.0
TGGATAGGTCATGCCA-1,S,G2M,,0.8641727,3765.0
TGGATAGGTTTCAGTA-1,G2M,G2M,,0.95114726,6386.0
TGGATATTCCTTCGTG-1,S,G1,,0.8831842,4167.0
TGGATATTCTTGACTC-1,S,G1,,0.41842788,2957.0
TGGATGCTCAGGCAAG-1,S,G1,,0.5396698,3051.0
TGGATTGTCAGGAGTG-1,G2M,S,,0.87485737,3975.0
TGGATTTAGCTTACGA-1,G1,G1,late,0.09859141,816.0
TGGATTTAGGCATGTC-1,S,G1,,0.5600664,3073.0
TGGATTTAGGCGATGA-1,S,S,,0.8800445,4086.0
TGGCACTAGAACCTGC-1,G2M,G2M,,0.94959694,6344.0
TGGCACTAGCGAATGG-1,S,G1,,0.5620945,3075.0
TGGCACTAGCGGAGAC-1,G1,G1,late,0.12271571,1278.0
TGGCATATCAGGGAAT-1,G2M,G1,,0.9388433,5968.0
TGGCATATCATGTGTG-1,G1,G1,late,0.15312213,1788.0
TGGCATATCCCGCAAG-1,G1,G1,late,0.1709365,2095.0
TGGCATATCGACTCAA-1,G1,S,late,0.17705405,2197.0
TGGCATATCGCGCTTC-1,G2M,G2M,,0.94253683,6121.0
TGGCATGCAACATTGA-1,S,S,,0.8766276,4014.0
TGGCATGCACATGAGT-1,G2M,S,,0.91029644,4882.0
TGGCATGCAGGGCAAG-1,G2M,S,,0.919066,5145.0
TGGCATGCATCCAATT-1,G1,G1,late,0.17438596,2154.0
TGGCATTGTAGTCATC-1,G1,G1,late,0.051529855,175.0
TGGCATTGTGATCCGC-1,S,G1,,0.55441314,3068.0
TGGCATTGTGGGTCCT-1,G2M,G2M,,0.9914529,6887.0
TGGCCATAGAACGGGC-1,G2M,S,,0.93808997,5935.0
TGGCCATAGCATATCG-1,G1,G1,late,0.11401515,1109.0
TGGCCATAGGATAGTA-1,G2M,G1,,0.96202385,6598.0
TGGCCATAGTAATGGA-1,G2M,G2M,,0.959306,6551.0
TGGCCATAGTAGAGAC-1,S,G1,,0.612028,3120.0
TGGCCTGAGCGCTGAT-1,G2M,G1,,0.9519066,6402.0
TGGCCTGAGGCTCAGT-1,S,G1,,0.9109738,4895.0
TGGCGAAAGGGCCATT-1,G1,G1,late,0.20158729,2533.0
TGGCGAAAGTTACCAG-1,G1,G1,late,0.19063249,2407.0
TGGCGAGGTATTGAGG-1,G2M,G1,,0.83739376,3487.0
TGGCGAGGTTAGTGTC-1,G2M,G1,,0.9116971,4920.0
TGGCGATTCGACCCAG-1,G1,G1,late,0.16725668,2034.0
TGGCGATTCGCGCCTT-1,G2M,S,,0.9182133,5116.0
TGGCGATTCTAGTCGA-1,G2M,G2M,,0.96177125,6592.0
TGGCGGTCAGGGACGA-1,G1,G1,late,0.103707835,911.0
TGGCGGTCATCGGGTA-1,G2M,G1,,0.9617741,6593.0
TGGCTAATCCAATGAT-1,G2M,G2M,,0.9332179,5721.0
TGGCTATGTCAGTCAT-1,G2M,S,,0.90551597,4727.0
TGGCTATGTCTTGATA-1,G1,G1,late,0.09245744,732.0
TGGCTATGTGATGGAC-1,G2M,G2M,,0.9292195,5536.0
TGGCTATGTGCGCATC-1,S,G2M,,0.921201,5216.0
TGGCTCAGTAATCCGT-1,G2M,S,,0.9334175,5730.0
TGGCTCAGTCAGGCAG-1,G2M,S,,0.9135054,4973.0
TGGCTCTCAAGGTCGC-1,S,G2M,,0.8866123,4240.0
TGGCTCTCACTTACAT-1,G2M,G1,,0.8908945,4333.0
TGGCTGACAAGTGGAA-1,G1,G1,late,0.13942778,1552.0
TGGCTGACATTACTCG-1,G2M,G2M,,0.901889,4606.0
TGGCTTGGTAGTGACA-1,G1,G1,late,0.12091633,1246.0
TGGGAACGTTACTGCG-1,S,S,,0.9158698,5040.0
TGGGACAAGGTGGATG-1,G2M,G1,,0.9543553,6456.0
TGGGACAAGTTGGCTA-1,G2M,G1,,0.9480526,6301.0
TGGGATAGTGCAACGG-1,G2M,G2M,,0.9698288,6727.0
TGGGATTCACCAATCC-1,G1,G1,late,0.15340136,1793.0
TGGGATTCATTCCTCT-1,G1,G1,late,0.07446824,456.0
TGGGCAAAGCCAGCCA-1,S,G1,,0.8874807,4254.0
TGGGCACCAACCGGAC-1,G2M,G1,,0.9237683,5317.0
TGGGCAGGTGAACCAA-1,G1,G1,late,0.1255853,1334.0
TGGGCAGGTTATCGGT-1,G1,G1,late,0.115657374,1144.0
TGGGCTTAGCCTGTCC-1,G2M,G2M,,0.94946796,6341.0
TGGGCTTAGGAGTAAC-1,G2M,S,,0.92942965,5549.0
TGGGGCAGTAGCTAGA-1,S,S,,0.8577893,3658.0
TGGGGCAGTAGTAGAT-1,S,G1,,0.88814884,4269.0
TGGGGCAGTGGCTTGC-1,G1,G1,late,0.15016715,1729.0
TGGGGCTCAAACTGGT-1,G2M,G1,,0.86961675,3849.0
TGGGGCTCACCTTCCC-1,S,G1,,0.8327697,3456.0
TGGGGTAAGTGCTGGT-1,S,G1,,0.84362954,3528.0
TGGGGTTTCCCTGTAT-1,G1,G1,late,0.09741237,803.0
TGGGGTTTCGACTATG-1,G1,G1,late,0.22521771,2749.0
TGGGTCACAAGCGTAT-1,G1,G1,late,0.17665789,2190.0
TGGGTCACAGGTTCGA-1,G2M,G1,,0.9348704,5785.0
TGGGTCCGTGCGAGCA-1,S,S,,0.8264237,3435.0
TGGGTCCGTTTGGCAT-1,G1,G1,late,0.20352449,2553.0
TGGGTTATCCAGGGTT-1,S,G1,,0.60826886,3117.0
TGGGTTATCCCAGGCA-1,G1,G1,late,0.10792046,1005.0
TGGGTTATCCCCATTG-1,G1,S,late,0.21783797,2693.0
TGGGTTATCCCGGCAA-1,G1,G1,late,0.19113144,2413.0
TGGGTTGCAAACCCAG-1,G2M,G1,,0.965006,6661.0
TGGGTTGCACTTGCGT-1,G1,G1,late,0.15156662,1759.0
TGGTAAGGTAGTTGCT-1,S,S,,0.8694806,3847.0
TGGTACGCAAATCAGC-1,G2M,G1,,0.9299387,5575.0
TGGTACGCACATTCCA-1,S,G1,,0.7032257,3194.0
TGGTAGCTCCGGTATA-1,S,S,,0.8902965,4320.0
TGGTAGCTCCTTCCTC-1,G1,G1,early,0.06451648,311.0
TGGTAGCTCGAACGGA-1,G1,G1,late,0.18567732,2330.0
TGGTAGCTCTAATGAC-1,G2M,G1,,0.93829995,5943.0
TGGTAGGAGAAGCCAG-1,S,S,,0.85632634,3649.0
TGGTAGGAGCCGCACA-1,G2M,G1,,0.9218223,5241.0
TGGTAGGAGTACGGGA-1,S,G2M,,0.91434866,4997.0
TGGTCAATCACAGGAG-1,G2M,G1,,0.944102,6178.0
TGGTCACAGATTGGTT-1,G2M,G1,,0.9423792,6114.0
TGGTCACAGCTTAGTG-1,G1,S,late,0.21722339,2684.0
TGGTCACAGGGGCAGT-1,S,G1,,0.5632865,3077.0
TGGTCCCTCACACCGG-1,S,G1,,0.49834228,3019.0
TGGTCCCTCACGCATA-1,S,G1,,0.6850506,3177.0
TGGTCCCTCAGGCAAG-1,S,S,,0.45081398,2987.0
TGGTCCCTCTAGTCGA-1,G1,G1,late,0.11536762,1136.0
TGGTCCTCAATTAGCA-1,S,G1,,0.85918933,3691.0
TGGTCCTCACAAGCAT-1,G2M,G1,,0.92640597,5410.0
TGGTCCTCACCAACGA-1,G1,G1,late,0.15035757,1734.0
TGGTCTAAGGGGTTAG-1,G2M,S,,0.8886931,4276.0
TGGTGAGAGCAAGCGA-1,S,G2M,,0.88479584,4206.0
TGGTGAGAGGTAAGTA-1,G1,G1,late,0.21039498,2626.0
TGGTGAGAGGTGATGG-1,G1,G1,late,0.17006834,2080.0
TGGTGGTTCAAGTATC-1,S,S,,0.89535075,4440.0
TGGTGGTTCCTCGTTG-1,G1,G1,early,0.22652958,2756.0
TGGTGTTGTGGGTACG-1,G1,G1,late,0.39090753,2927.0
TGGTGTTGTTGGATGA-1,G2M,S,,0.93643475,5854.0
TGGTTACGTCTGGTCA-1,G1,S,late,0.19979486,2517.0
TGGTTACGTGATCCTG-1,G1,G1,late,0.055765055,213.0
TGGTTACGTGCATTCG-1,G1,G1,early,0.05796415,239.0
TGGTTATAGCGCCATG-1,S,S,,0.91103065,4897.0
TGGTTATAGGCGCTCA-1,S,G2M,,0.9231311,5294.0
TGGTTCAAGGTAGGGC-1,G1,G1,late,0.13368289,1469.0
TGGTTCAAGTACCACA-1,S,S,,0.36676854,2906.0
TGGTTCCCACCTCAGT-1,G1,G1,late,0.106756546,980.0
TGGTTCCCAGGAACCC-1,G1,G2M,late,0.14718828,1684.0
TGGTTTAGTAATGAAC-1,G2M,G2M,,0.95895076,6543.5
TGGTTTAGTGAACTGA-1,G1,G1,late,0.1933735,2438.0
TGGTTTAGTTGAAGTG-1,G1,G1,late,0.1257158,1340.0
TGGTTTAGTTGGTCTG-1,G2M,G2M,,0.8969283,4482.0
TGGTTTGAGCAAGTCC-1,G1,G1,late,0.07630188,479.0
TGGTTTGAGCCTGATA-1,S,G1,,0.8009178,3351.0
TGTAAGCCACTATCGC-1,G1,G1,late,0.19102941,2410.0
TGTAAGGGTGAAGGTC-1,S,G1,,0.76018566,3266.0
TGTAAGGGTGAGGCTG-1,G2M,G1,,0.88979197,4309.0
TGTAAGGGTTAGTTCA-1,G1,G1,late,0.09515627,772.0
TGTAATGCAATTCACT-1,G2M,G1,,0.9429407,6144.0
TGTACCCCAAGCGAGG-1,G1,G1,late,0.14884336,1709.0
TGTACCCCACTAGGTG-1,G1,S,late,0.1251573,1328.0
TGTACCCCAGCCAATG-1,G2M,G1,,0.9175437,5093.0
TGTACCCCAGGACATT-1,S,G1,,0.90373653,4659.0
TGTACCGGTTAGACCT-1,S,S,,0.88130534,4126.0
TGTACCGGTTGCACCA-1,G1,G1,late,0.06200523,291.0
TGTACCTTCACCTAGA-1,G1,G1,late,0.14062402,1569.0
TGTACGATCAGCATTG-1,G1,G1,late,0.20160188,2534.0
TGTACGATCAGGGATG-1,S,G1,,0.87877357,4054.0
TGTACTGAGGAGTAGT-1,G2M,G1,,0.89412034,4409.0
TGTACTGAGTGCCGAT-1,G1,G1,early,0.11279055,1083.0
TGTACTTCACTTCGCG-1,G1,G1,early,0.13486184,1484.0
TGTACTTCAGGCTTGA-1,S,G2M,,0.8999531,4553.0
TGTAGAGGTTAGCCAT-1,S,G1,,0.9144814,5000.0
TGTAGCATCGAGTACC-1,G1,G1,late,0.18266243,2283.0
TGTAGCATCTGTCTAC-1,S,S,,0.69431347,3186.0
TGTAGCGCATGACGGC-1,G2M,G2M,,0.9381714,5938.0
TGTAGCTGTAACTCGT-1,S,G2M,,0.91418284,4991.0
TGTAGCTGTAGCCTTG-1,G1,,late,0.09639046,789.0
TGTAGCTGTTATGGGA-1,G1,G1,late,0.114437394,1120.0
TGTAGCTGTTTCGCCT-1,G2M,G2M,,0.9297778,5565.0
TGTAGGTCAATTGGCG-1,G2M,G2M,,0.9526644,6417.0
TGTAGTTAGAACCTCA-1,S,S,,0.90589225,4744.0
TGTATAGCAATACGCG-1,G2M,G1,,0.9733263,6782.0
TGTATAGCACAGCAAT-1,S,G1,,0.4834859,3009.0
TGTATAGCATCCAAGG-1,S,G1,,0.93006223,5584.0
TGTATCAGTAATCACC-1,G1,S,early,0.18589962,2334.0
TGTATCCTCAAGTCTG-1,G2M,G2M,,0.9497167,6347.0
TGTATCCTCGACTGCG-1,S,G2M,,0.8813983,4130.0
TGTATCTCAACTCGCT-1,G1,G1,late,0.11162721,1068.0
TGTATCTCATCGTAGG-1,S,G1,,0.44261146,2979.0
TGTATGACAATCCGCT-1,S,G2M,,0.8972407,4488.0
TGTATGACACAGGGCT-1,S,G1,,0.8855845,4224.0
TGTATGACACTATGCC-1,G1,G1,late,0.060405254,273.0
TGTATGACATGCAGTG-1,G1,G1,late,0.11871655,1211.0
TGTATGGTCAGTAGGG-1,G1,G2M,late,0.08015147,542.0
TGTCACCCATAGAGGA-1,S,G1,,0.6707107,3165.0
TGTCACTTCACTATCC-1,G1,G1,early,0.06088587,281.0
TGTCACTTCCGGTACG-1,G2M,G2M,,0.9849015,6864.0
TGTCAGGCAATACAGC-1,G1,G1,late,0.19184886,2417.0
TGTCAGGCAGGATGAA-1,G1,G1,late,0.11644675,1159.0
TGTCATGAGAATCACT-1,G2M,G2M,,0.93852925,5949.0
TGTCATGAGATAGGAC-1,G2M,G2M,,0.97241235,6769.0
TGTCATGAGGCTCCTC-1,G1,G1,late,0.15907441,1886.0
TGTCATTCAAAGGTCT-1,S,G1,,0.87549436,3991.0
TGTCATTCAACCGCTT-1,S,G1,,0.46251523,2999.0
TGTCATTCAGGTTCCT-1,S,S,,0.8725778,3921.0
TGTCCAAAGCATGCGT-1,G1,G1,late,0.12681487,1358.0
TGTCCAGGTAGGTATG-1,G1,G1,late,0.15914303,1887.0
TGTCCAGGTTTCGGGC-1,G1,G1,early,0.15896471,1883.0
TGTCCCATCCTGCTAT-1,G1,G1,late,0.130019,1417.0
TGTCCCTGTTGAGCCC-1,S,S,,0.8891285,4290.0
TGTCCCTGTTTGGTGT-1,S,G1,,0.87500054,3980.0
TGTCCGGAGCGCCATG-1,G1,G1,late,0.1315535,1440.0
TGTCCTTAGTAGAGCG-1,G1,G1,late,0.21675172,2679.0
TGTCCTTAGTGAACCC-1,G1,G1,late,0.030347165,29.0
TGTCGAATCCGGTATA-1,G1,G1,late,0.12607715,1346.0
TGTCGAATCGCATGAC-1,S,G1,,0.893537,4399.0
TGTCGCCTCCCCATAT-1,G1,G1,late,0.19231997,2426.0
TGTCTAAGTGCGTACC-1,G2M,G2M,,0.9115996,4916.0
TGTCTCACAACTGCCT-1,G1,G1,late,0.16845824,2055.0
TGTCTCACAATGAGTC-1,G1,G1,late,0.16343553,1962.0
TGTCTCACAGCAGGCT-1,G1,G1,early,0.05156528,176.0
TGTCTGTTCGTGCAAC-1,G1,G1,late,0.10308462,897.0
TGTGAACCAAGGTCTG-1,G1,G1,late,0.101417325,878.0
TGTGAACCAATAGCCG-1,G1,G1,late,0.085050225,612.0
TGTGAACCATCCAGAG-1,G2M,,,0.82196283,3414.0
TGTGAAGGTTAGCCCA-1,G1,G1,late,0.10237001,885.0
TGTGAGGAGAATCCTG-1,S,G1,,0.8492444,3571.0
TGTGAGGAGTTACCGA-1,S,G2M,,0.9341487,5756.0
TGTGATTAGATTCGTG-1,S,G2M,,0.9071918,4784.0
TGTGCAATCATATCCC-1,G1,G1,early,0.12176542,1259.0
TGTGCAATCCTTGAGA-1,S,S,,0.9142763,4993.0
TGTGCATGTTAAGTCC-1,G1,G1,early,0.080033205,540.0
TGTGCCAGTTATCAGC-1,G1,G1,late,0.21805666,2696.0
TGTGCGCGTATTGCCG-1,G1,G1,late,0.100203395,852.0
TGTGCGCGTTATCATG-1,G2M,G1,,0.944599,6196.0
TGTGCGCGTTCATCGG-1,G2M,G2M,,0.9519529,6403.0
TGTGCTGGTAGTAAGT-1,S,G1,,0.93899405,5976.0
TGTGCTGGTGGCTCGT-1,S,G2M,,0.952903,6425.0
TGTGCTGGTTCCGTGA-1,G1,G1,early,0.057121046,233.0
TGTGCTGGTTGCTTAA-1,G2M,G2M,,0.9353791,5799.0
TGTGCTGGTTGGACGG-1,G1,G1,late,0.058277074,245.0
TGTGGTCAGCCCTTCA-1,G2M,G2M,,0.9367549,5873.0
TGTGGTCAGCTAACTG-1,G1,G1,early,0.06859349,368.0
TGTGGTCAGTGAGCCT-1,G1,G1,early,0.08115607,560.0
TGTGGTTGTAGCCCTA-1,G1,G1,late,0.1540187,1808.0
TGTGGTTGTTGAAGGC-1,G1,G1,late,0.19566499,2465.0
TGTGTTGAGCCTATCT-1,S,G2M,,0.90062827,4568.0
